,ObjectID,vehicle_types,State,District,LOR_ab_2021,AccidentYear,AccidentMonth,AccidentHour,DayOfWeek,AccidentCategory,AccidentType,AccidentTypeDetail,LightingCondition,InvolvingBike,InvolvingCar,InvolvingPedestrian,RoadCondition,GraphicCoord1,GraphicCoord2,LongitudeWGS84,LatitudeWGS84,accident_outcome
398,113538,car,11,4,4300622.0,2021,8,12,5,3,3,2,0,0,1,0,1,793310.3805,5826832.171,13.32310896,52.51251936,0
399,113539,car,11,4,4200308.0,2021,11,17,5,3,2,6,2,0,1,0,1,790463.1568,5828452.297,13.28268642,52.52856753,0
400,113542,bike + car,11,3,3601451.0,2021,6,7,1,3,5,3,0,1,1,0,0,800843.094,5830324.333,13.43693611,52.53971807,0
401,113545,bike,11,1,1100102.0,2021,3,12,2,3,4,6,0,1,0,0,0,796616.2921,5826723.439,13.37158471,52.50975703,0
402,113547,bike,11,2,2500833.0,2021,9,7,7,3,0,1,0,1,0,0,0,802103.1156,5827497.889,13.45289057,52.51368767,0
403,113549,car,11,6,6300527.0,2021,8,20,3,2,5,2,1,0,1,0,0,790295.5035,5818369.091,13.27144105,52.43825917,1
404,113550,bike + car,11,7,7501133.0,2021,5,17,4,3,5,2,0,1,1,0,0,798728.3281,5817527.577,13.39438007,52.42617526,0
405,113554,car,11,2,2500727.0,2021,6,19,3,3,3,2,0,0,1,0,0,802578.0963,5827687.057,13.46004059,52.51511989,0
406,113558,car,11,12,12200414.0,2021,1,14,4,3,2,6,0,0,1,0,1,791968.4,5831584.047,13.30756472,52.55583871,0
407,113561,car,11,1,1100102.0,2021,5,12,7,3,2,1,0,0,1,0,0,796499.0549,5826542.146,13.36970082,52.50819564,0
408,113562,car,11,1,2400520.0,2021,12,9,4,3,2,6,0,0,1,0,0,799794.0354,5828680.675,13.42003195,52.5255635,0
409,113563,car,11,9,9100305.0,2021,10,15,5,3,5,2,0,0,1,0,1,805146.8003,5822569.781,13.49309137,52.46782518,0
410,113567,bike,11,3,3601449.0,2021,8,15,6,3,0,7,0,1,0,0,1,801351.6051,5831005.763,13.44502944,52.54554481,0
411,113568,car,11,3,3200309.0,2021,11,17,4,3,2,6,1,0,1,0,0,800463.4912,5835659.399,13.43618711,52.5877466,0
412,113571,car,11,4,4300415.0,2021,6,15,3,3,2,6,0,0,1,0,0,790678.7929,5826111.117,13.28381053,52.50746389,0
413,113574,car,11,3,3400826.0,2021,2,12,4,3,2,6,0,0,1,0,0,798913.8249,5832644.46,13.41066311,52.56157618,0
414,113578,car,11,3,3100101.0,2021,9,13,6,3,2,6,0,0,1,0,0,799920.2043,5839552.16,13.4317193,52.62293779,0
415,113579,bike + pedestrian,11,7,7501133.0,2021,8,18,3,3,6,7,0,1,0,1,0,798444.8515,5818208.725,13.39083121,52.4324357,0
416,113583,car,11,1,1400940.0,2021,7,19,1,3,5,3,1,0,1,0,1,795877.854,5832063.731,13.36548977,52.55802876,0
417,113584,car,11,9,9100101.0,2021,4,15,1,3,2,6,0,0,1,0,0,802658.6337,5824998.053,13.45877971,52.49097383,0
418,113587,car,11,3,3601449.0,2021,4,13,4,3,5,2,0,0,1,0,0,801344.29,5830999.574,13.44491627,52.54549338,0
419,113590,bike + car,11,12,12500926.0,2021,9,7,3,3,0,2,0,1,1,0,0,793624.4451,5835746.964,13.33560779,52.59226624,0
420,113592,car,11,4,4100101.0,2021,11,15,6,3,2,6,0,0,1,0,0,791471.057,5830489.575,13.29928885,52.54629341,0
421,113593,bike + car,11,7,7601442.0,2021,10,16,5,3,1,5,0,1,1,0,0,799668.425,5815299.067,13.4061695,52.40568548,0
422,113595,bike + car,11,1,1300836.0,2021,7,18,3,3,5,2,0,1,1,0,0,796252.0582,5830134.24,13.36927211,52.54052944,0
423,113598,bike + pedestrian,11,7,7601236.0,2021,7,8,5,3,6,4,0,1,0,1,0,796596.77,5815997.917,13.36176734,52.41362265,0
424,113608,bike + car,11,9,9100305.0,2021,6,16,5,3,5,2,0,1,1,0,0,805147.852,5822568.757,13.49310587,52.46781541,0
425,113612,car,11,11,11401032.0,2021,2,8,4,3,2,6,0,0,1,0,1,805726.9102,5827386.867,13.50602357,52.51067364,0
426,113618,car,11,7,7200411.0,2021,8,12,2,3,2,6,0,0,1,0,1,795941.5231,5824469.069,13.3596679,52.48991502,0
427,113620,bike + car,11,3,3601347.0,2021,9,16,3,3,1,5,0,1,1,0,0,799211.1017,5830354.994,13.41297236,52.54089145,0
428,113622,bike,11,9,9100101.0,2021,6,19,7,3,0,7,0,1,0,0,0,802771.6009,5825358.88,13.46076636,52.49414526,0
429,113625,bike,11,3,3601142.0,2021,2,18,4,2,3,6,1,1,0,0,0,799155.376,5830366.311,13.41216331,52.54102348,1
430,113630,car,11,7,7501133.0,2021,8,13,4,3,2,6,0,0,1,0,0,797443.6015,5817826.813,13.37580746,52.42955756,0
431,113632,car,11,12,12100204.0,2021,10,18,7,3,3,6,2,0,1,0,0,795760.202,5832644.628,13.36427709,52.56329983,0
432,113634,car,11,12,12200414.0,2021,6,22,7,3,2,6,2,0,1,0,0,791992.1397,5831630.884,13.30795508,52.55624586,0
433,113635,bike + car,11,4,4200310.0,2021,3,8,3,3,5,2,0,1,1,0,0,790257.9787,5826350.682,13.27783658,52.50983567,0
434,113638,car,11,11,11300724.0,2021,4,7,2,3,2,7,0,0,1,0,0,804270.3487,5827529.781,13.484758,52.51276889,0
435,113642,car,11,4,4200311.0,2021,11,15,7,3,2,6,0,0,1,0,1,790517.8552,5825629.021,13.28102525,52.50322759,0
436,113643,bike + car,11,6,6300527.0,2021,10,13,4,3,5,2,0,1,1,0,0,789775.4388,5817982.853,13.26347695,52.4350722,0
437,113645,bike + car,11,12,12100204.0,2021,7,15,3,3,5,2,0,1,1,0,0,795765.9585,5832697.209,13.36440864,52.56376804,0
438,113654,bike + pedestrian,11,4,4300621.0,2021,6,12,3,3,6,4,0,1,0,1,0,792506.751,5826702.76,13.31118698,52.51179079,0
439,113658,car,11,1,1400940.0,2021,2,19,7,3,5,3,2,0,1,0,0,795878.3374,5832061.135,13.36549457,52.55800522,0
440,113660,bike + car,11,10,10300733.0,2021,9,9,3,3,0,2,0,1,1,0,0,809512.6043,5827387.952,13.56162991,52.50854872,0
441,113661,car,11,9,9100101.0,2021,12,17,6,3,3,6,1,0,1,0,0,802708.5276,5825238.108,13.45973042,52.49309777,0
442,113662,bike + pedestrian,11,1,1100310.0,2021,10,15,1,3,6,4,0,1,0,1,0,799176.5428,5828378.368,13.4106853,52.52319297,0
443,113663,car,11,4,4501148.0,2021,3,16,2,3,2,6,0,0,1,0,0,792492.7818,5823423.77,13.30810234,52.48240293,0
444,113669,bike + car,11,3,3701657.0,2021,9,15,4,3,5,2,0,1,1,0,0,800375.5095,5830010.762,13.42977898,52.5371654,0
445,113671,car,11,4,4300414.0,2021,10,14,3,3,2,6,0,0,1,0,1,791528.1128,5826538.375,13.29666321,52.51084102,0
446,113681,bike,11,1,1100310.0,2021,5,18,3,3,2,6,0,1,0,0,0,799351.6666,5827959.614,13.41288192,52.51934336,0
447,113689,car,11,1,1400940.0,2021,1,6,4,3,5,3,2,0,1,0,1,795861.5418,5832070.19,13.36525561,52.55809552,0
448,113693,bike + car,11,7,7300619.0,2021,10,10,4,3,5,3,0,1,1,0,0,795626.3198,5823227.51,13.35393795,52.47895617,0
449,113701,bike + car,11,9,9200613.0,2021,9,10,2,3,5,2,0,1,1,0,0,806132.4183,5821621.494,13.50668551,52.45877487,0
450,113708,bike,11,3,3400828.0,2021,9,15,2,3,4,6,0,1,0,0,0,800173.7813,5832247.945,13.42883567,52.55732901,0
451,113710,bike + pedestrian,11,1,1100102.0,2021,8,13,1,3,6,7,0,1,0,1,0,796235.4647,5827354.572,13.36655154,52.51562148,0
452,113711,bike + car,11,12,12100101.0,2021,5,12,6,3,5,3,0,1,1,0,0,795798.1854,5832426.135,13.36464104,52.56132063,0
453,113715,bike,11,10,10300734.0,2021,6,10,2,2,0,1,0,1,0,0,0,810141.0446,5827126.361,13.57061624,52.50584757,1
454,113719,car,11,7,7300619.0,2021,1,22,6,3,2,7,2,0,1,0,1,794891.7907,5822250.122,13.34228955,52.4705916,0
455,113722,bike + car,11,12,12100103.0,2021,5,11,3,3,1,5,0,1,1,0,0,795452.897,5833509.92,13.36052743,52.5712232,0
456,113726,bike + car,11,2,2500727.0,2021,7,17,4,3,5,2,0,1,1,0,0,802149.1684,5827728.344,13.4537764,52.51572773,0
457,113729,bike + car,11,5,5200528.0,2021,8,19,7,3,5,2,0,1,1,0,0,783515.5714,5826713.216,13.17906614,52.51663247,0
458,113735,bike + car,11,11,11300722.0,2021,3,8,4,3,5,2,0,1,1,0,0,803770.06,5827581.632,13.47745587,52.51351245,0
459,113738,bike,11,2,2500727.0,2021,9,18,5,3,0,1,0,1,0,0,0,802178.3702,5827742.285,13.45421809,52.51583651,0
460,113741,car,11,11,11401032.0,2021,12,9,7,3,2,6,0,0,1,0,2,805671.3256,5827389.123,13.50520915,52.51072501,0
461,113742,bike + car,11,7,7501133.0,2021,10,18,6,2,5,2,2,1,1,0,1,798585.6138,5817932.488,13.39264889,52.42988274,1
462,113753,bike + pedestrian,11,1,1100102.0,2021,11,13,7,2,6,4,0,1,0,1,0,796313.2512,5827367.509,13.36770602,52.51569519,1
463,113754,car,11,2,2200209.0,2021,10,19,2,2,1,1,2,0,1,0,0,797753.426,5824432.172,13.3862423,52.48859903,1
464,113756,car + pedestrian,11,1,1100102.0,2021,7,11,2,2,6,4,0,0,1,1,0,796420.8567,5826329.908,13.36836301,52.50633564,1
465,113763,bike,11,3,3601449.0,2021,8,7,4,3,3,6,0,1,0,0,0,800923.2181,5830455.722,13.43823296,52.5408515,0
466,113769,car,11,9,9100407.0,2021,6,9,3,3,2,6,0,0,1,0,0,805528.8572,5818954.379,13.49539089,52.43520839,0
467,113775,car,11,3,3400826.0,2021,9,20,2,2,1,7,2,0,1,0,0,799013.0198,5832469.23,13.41196419,52.55995105,1
468,113777,car,11,4,4400830.0,2021,10,16,4,3,2,6,0,0,1,0,0,792086.4517,5823811.362,13.3024755,52.48609514,0
469,113781,car + pedestrian,11,4,4200310.0,2021,4,15,7,3,6,7,0,0,1,1,0,790093.9188,5826324.644,13.27540327,52.5096895,0
470,113785,car,11,2,2200208.0,2021,11,11,1,3,3,6,0,0,1,0,0,797845.912,5825453.267,13.38851321,52.4977015,0
471,113788,car,11,12,12200414.0,2021,7,11,7,2,2,6,0,0,1,0,0,792008.3427,5831662.671,13.30822137,52.55652214,1
472,113804,car + pedestrian,11,7,7601236.0,2021,1,17,2,3,0,4,2,0,1,1,0,796598.5349,5816001.83,13.36179668,52.41365677,0
473,113807,car + pedestrian,11,11,11401034.0,2021,12,16,2,3,6,4,1,0,1,1,0,807032.8251,5827407.475,13.52522501,52.51012491,0
474,113808,car,11,3,3400831.0,2021,10,11,3,3,3,6,0,0,1,0,1,800089.0887,5834010.184,13.42918414,52.57317104,0
475,113814,bike + car,11,9,9100101.0,2021,8,15,2,2,5,3,0,1,1,0,0,802590.1085,5825063.979,13.45783338,52.4916027,1
476,113816,car + pedestrian,11,3,3701657.0,2021,12,20,5,3,6,4,2,0,1,1,0,800308.328,5830044.185,13.42882165,52.537502,0
477,113818,car,11,2,2500727.0,2021,3,11,7,3,5,3,0,0,1,0,0,802179.496,5827736.933,13.45422977,52.51578791,0
478,113821,car,11,1,1400940.0,2021,4,15,3,3,5,3,0,0,1,0,0,795878.7165,5832059.099,13.36549833,52.55798677,0
479,113825,car,11,3,3100103.0,2021,11,16,3,3,8,1,2,0,1,0,0,804018.9002,5839791.332,13.49230175,52.62280342,0
480,113826,car,11,12,12500930.0,2021,10,7,7,3,2,6,0,0,1,0,0,794062.5,5835083.432,13.34146688,52.58608152,0
481,113828,car,11,6,6400737.0,2021,7,14,2,3,2,6,0,0,1,0,1,785110.6664,5817825.075,13.19491077,52.43610912,0
482,113835,car,11,7,7400822.0,2021,8,13,4,3,2,6,0,0,1,0,0,796410.0071,5822617.175,13.36490119,52.47306026,0
483,113841,bike + car,11,3,3601449.0,2021,6,7,2,2,5,2,0,1,1,0,0,801349.9014,5831004.321,13.44500308,52.54553283,1
484,113845,car,11,10,10400941.0,2021,1,16,3,3,3,6,1,0,1,0,1,813108.7796,5827194.449,13.61426306,52.50476281,0
485,113848,car,11,7,7300619.0,2021,12,13,5,3,0,1,0,0,1,0,0,795226.2555,5822482.944,13.34740521,52.47249805,0
486,113850,bike + car,11,4,4300622.0,2021,7,17,5,3,3,6,0,1,1,0,0,793297.948,5826819.812,13.32291539,52.51241525,0
487,113854,car,11,5,5400943.0,2021,8,13,7,3,2,6,0,0,1,0,0,780324.4931,5822427.415,13.12855526,52.47985216,0
488,113855,bike + car,11,9,9100305.0,2021,11,9,2,3,5,2,0,1,1,0,1,805143.3845,5822573.107,13.49304428,52.46785689,0
489,113865,bike + car,11,6,6400735.0,2021,8,17,6,3,3,6,0,1,1,0,0,782559.5473,5815789.371,13.15576321,52.41917968,0
490,113867,car,11,7,7400823.0,2021,12,20,2,3,3,6,2,0,1,0,1,797007.2192,5822367.511,13.37344559,52.47049787,0
491,113870,bike + car,11,3,3701660.0,2021,6,13,4,3,3,6,0,1,1,0,0,800023.9197,5829000.467,13.42369884,52.52830346,0
492,113871,bike + car,11,3,3601452.0,2021,4,23,1,3,5,2,2,1,1,0,0,801258.7816,5829405.19,13.44221364,52.53125006,0
493,113875,car,11,12,12100103.0,2021,1,17,4,3,2,6,2,0,1,0,1,795361.3438,5833732.089,13.35937835,52.57326443,0
494,113878,bike + car,11,11,11100101.0,2021,5,10,7,2,0,2,0,1,1,0,0,803673.7617,5835110.014,13.48292472,52.5810402,1
495,113881,car,11,2,2500729.0,2021,10,19,4,3,2,6,1,0,1,0,0,803530.8843,5827589.209,13.4739491,52.51371351,0
496,113887,car + pedestrian,11,3,3601142.0,2021,8,17,3,3,6,4,0,0,1,1,0,799141.8645,5830371.034,13.41196893,52.54107324,0
497,113889,bike + pedestrian,11,2,2500727.0,2021,9,8,6,3,6,4,0,1,0,1,0,802078.422,5827981.262,13.45296662,52.51803382,0
498,113897,car,11,10,10100208.0,2021,8,16,5,3,2,6,0,0,1,0,0,808355.7135,5832139.592,13.54904507,52.55178719,0
499,113898,car,11,10,10400940.0,2021,12,15,1,3,5,2,1,0,1,0,2,812051.6407,5827139.845,13.59868752,52.50487908,0
500,113899,car,11,7,7501133.0,2021,10,15,7,3,2,6,0,0,1,0,0,797658.2914,5818656.799,13.37969474,52.43688081,0
501,113908,car + pedestrian,11,12,12500930.0,2021,9,19,7,3,6,4,1,0,1,1,0,794259.2418,5834719.723,13.34403949,52.58271477,0
502,113911,car,11,9,9100306.0,2021,10,22,2,3,3,6,2,0,1,0,0,802958.3056,5821204.852,13.45973473,52.45680927,0
503,113916,car,11,1,1100205.0,2021,7,17,4,3,2,6,0,0,1,0,0,797358.9895,5826784.894,13.38255087,52.50990357,0
504,113921,car,11,4,4400725.0,2021,5,19,1,3,2,6,0,0,1,0,0,790507.1058,5825234.131,13.28052282,52.49969308,0
505,113927,bike + car,11,9,9200613.0,2021,6,13,7,3,2,3,0,1,1,0,0,805515.8262,5822201.62,13.49816981,52.4643193,0
506,113933,bike + car,11,3,3601451.0,2021,9,17,6,3,5,2,0,1,1,0,0,800625.5134,5829918.005,13.43337001,52.53619615,0
507,113934,bike + car,11,3,3601449.0,2021,12,10,2,3,1,5,0,1,1,0,1,801366.7673,5831048.943,13.44529153,52.54592345,0
508,113935,bike + car,11,1,1100205.0,2021,10,21,3,2,5,2,2,1,1,0,1,797684.645,5826838.373,13.38738301,52.51020533,1
509,113942,car,11,12,12100205.0,2021,8,15,1,2,5,3,0,0,1,0,0,794559.281,5833816.192,13.34765214,52.57445301,1
510,113944,bike + car,11,2,2500727.0,2021,9,17,5,3,5,2,1,1,1,0,1,802149.1216,5827727.676,13.4537751,52.51572177,0
511,113946,car,11,4,4200206.0,2021,7,14,6,3,4,6,0,0,1,0,0,786492.8785,5825919.251,13.22213978,52.50795806,0
512,113954,car,11,7,7400824.0,2021,8,6,3,3,5,2,0,0,1,0,0,797848.7788,5822303.258,13.38574085,52.46946372,0
513,113955,car,11,4,4300414.0,2021,6,23,5,3,3,6,2,0,1,0,0,791443.2704,5826545.38,13.29542272,52.51094915,0
514,113956,car,11,4,4200310.0,2021,5,9,2,3,2,6,0,0,1,0,0,789169.0585,5826160.795,13.26167137,52.50871161,0
515,113960,bike + car,11,11,11401034.0,2021,6,15,5,3,5,3,0,1,1,0,0,806949.0073,5827385.896,13.52397394,52.50997868,0
516,113964,bike + car,11,11,11300722.0,2021,1,11,4,3,2,2,0,1,1,0,1,803770.9264,5827581.548,13.47746852,52.51351122,0
517,113967,car,11,7,7400928.0,2021,5,16,7,3,3,6,2,0,1,0,0,800192.3764,5821503.612,13.4194193,52.46101338,0
518,113968,car,11,4,4100101.0,2021,12,7,7,3,3,6,0,0,1,0,1,793009.8355,5829568.052,13.32110354,52.53720694,0
519,113975,bike + car,11,2,2200208.0,2021,8,20,4,3,5,2,2,1,1,0,1,797898.6042,5825431.298,13.38926747,52.49747582,0
520,113976,car + pedestrian,11,7,7601236.0,2021,11,6,3,2,6,4,2,0,1,1,1,796864.5905,5816371.394,13.36602477,52.41682539,1
521,113982,bike + car,11,1,1300836.0,2021,3,18,2,3,0,2,1,1,1,0,0,796286.3508,5830279.083,13.36990544,52.54180916,0
522,113986,car,11,7,7501030.0,2021,9,10,6,3,2,6,0,0,1,0,0,797894.5354,5820291.053,13.38461677,52.45140156,0
523,113987,bike + car,11,7,7200308.0,2021,8,7,3,3,0,2,0,1,1,0,0,795223.509,5823525.402,13.34828776,52.48184447,0
524,113988,bike + car,11,2,2200207.0,2021,6,12,3,3,5,3,0,1,1,0,0,796880.074,5825924.074,13.37474723,52.50244806,0
525,113989,car,11,7,7400822.0,2021,5,13,1,3,8,1,0,0,1,0,1,796819.6064,5822396.353,13.37071737,52.47085837,0
526,113990,car,11,1,1401049.0,2021,12,13,4,3,2,6,0,0,1,0,1,795898.712,5831864.742,13.36561915,52.55623369,0
527,113992,bike,11,7,7501133.0,2021,6,17,3,3,0,7,0,1,0,0,0,798468.3001,5818214.425,13.39118019,52.432474,0
528,113993,car,11,7,7300619.0,2021,4,16,6,3,2,6,0,0,1,0,0,795908.1169,5822676.427,13.35758621,52.47386353,0
529,113996,car,11,7,7300619.0,2021,1,15,4,3,5,3,0,0,1,0,1,795638.5547,5823236.005,13.35412511,52.47902569,0
530,114000,bike + car,11,2,2200209.0,2021,11,16,6,3,2,7,1,1,1,0,0,797758.5546,5824138.759,13.38605548,52.48596612,0
531,114003,car,11,6,6100209.0,2021,7,13,6,3,2,6,0,0,1,0,0,793984.815,5821052.217,13.32792044,52.46034174,0
532,114008,car,11,11,11100101.0,2021,5,8,3,3,2,2,0,0,1,0,0,803731.253,5834700.159,13.48339508,52.57733478,0
533,114011,bike + car,11,2,2100101.0,2021,6,10,3,3,3,6,0,1,1,0,0,797059.2059,5825830.913,13.37729539,52.50151548,0
534,114014,bike + car,11,2,2500728.0,2021,2,13,5,3,5,3,0,1,1,0,0,803071.3577,5827636.097,13.46724092,52.51438928,0
535,114016,car,11,1,1401044.0,2021,9,15,6,3,2,6,0,0,1,0,0,796153.5397,5831090.75,13.36867653,52.54915714,0
536,114017,car,11,4,4200207.0,2021,12,16,4,3,2,6,2,0,1,0,0,788203.5789,5822414.704,13.24424453,52.47563694,0
537,114020,bike,11,3,3601141.0,2021,9,16,5,2,3,6,0,1,0,0,0,799223.1241,5831496.419,13.4141774,52.55111594,1
538,114025,car,11,4,4200311.0,2021,3,15,3,3,2,6,0,0,1,0,0,790074.3009,5825154.425,13.27409546,52.49920874,0
539,114029,car,11,7,7400825.0,2021,8,18,7,3,2,6,0,0,1,0,0,797864.7074,5820540.312,13.38440145,52.45365215,0
540,114030,bike + car,11,3,3701657.0,2021,5,20,3,3,2,2,1,1,1,0,0,800291.5733,5830052.321,13.42858271,52.53758416,0
541,114035,bike,11,7,7501133.0,2021,4,21,7,2,0,1,2,1,0,0,0,797898.1713,5818968.495,13.38349088,52.43954424,1
542,114038,car,11,1,1100205.0,2021,1,6,2,3,5,2,2,0,1,0,1,796965.19,5826726.507,13.37671327,52.50959471,0
543,114041,car,11,7,7400928.0,2021,5,7,5,3,2,6,0,0,1,0,0,800141.2174,5821496.035,13.41866176,52.46097357,0
544,114043,car + pedestrian,11,1,1300836.0,2021,11,17,2,3,6,2,2,0,1,1,1,796214.3678,5830202.34,13.3687787,52.54116038,0
545,114044,bike + car,11,3,3601451.0,2021,10,9,4,3,5,2,0,1,1,0,0,800755.0079,5829828.332,13.43519232,52.53532094,0
546,114051,bike + pedestrian,11,3,3601142.0,2021,4,18,6,3,6,4,0,1,0,1,0,799162.9757,5830611.732,13.41249604,52.54321913,0
547,114054,car,11,4,4300621.0,2021,6,8,3,3,3,6,0,0,1,0,0,792512.77,5826703.773,13.31127631,52.51179663,0
548,114057,car,11,4,4300415.0,2021,3,9,2,3,2,6,0,0,1,0,0,790551.2371,5825597.787,13.28148841,52.5029298,0
549,114060,car,11,7,7501133.0,2021,8,13,3,3,2,6,0,0,1,0,0,797432.0564,5817775.13,13.37559218,52.42910055,0
550,114061,car,11,12,12100204.0,2021,12,13,5,3,1,7,0,0,1,0,0,795697.559,5832844.843,13.36353408,52.56512859,0
551,114062,bike,11,3,3701660.0,2021,10,8,4,3,5,3,0,1,0,0,0,800027.5199,5829006.359,13.42375707,52.52835429,0
552,114063,bike,11,3,3200206.0,2021,4,14,6,3,0,1,0,1,0,0,0,798002.8085,5834181.702,13.39864471,52.57585475,0
553,114066,bike + car,11,3,3400723.0,2021,4,18,6,3,5,2,0,1,1,0,0,798361.6636,5833480.658,13.40329382,52.5693743,0
554,114070,bike,11,4,4200310.0,2021,11,12,3,3,0,7,0,1,0,0,1,789690.4819,5826244.969,13.26940603,52.50918961,0
555,114077,bike,11,3,3400620.0,2021,7,8,5,3,0,1,0,1,0,0,0,798004.5499,5833676.293,13.39821612,52.57132352,0
556,114081,bike,11,1,1400940.0,2021,8,17,4,3,0,7,0,1,0,0,1,795877.1958,5832068.7,13.36548452,52.55807366,0
557,114090,bike + car,11,3,3601451.0,2021,2,16,3,2,5,3,1,1,1,0,1,800646.0201,5830008.301,13.43375313,52.53699418,1
558,114092,car,11,8,8200622.0,2021,9,16,4,3,2,6,1,0,1,0,1,801996.4458,5821849.519,13.44620511,52.46311984,0
559,114094,bike + car,11,6,6400737.0,2021,10,19,2,3,3,6,2,1,1,0,0,786334.8734,5816871.75,13.21205373,52.4269221,0
560,114095,bike,11,1,1100310.0,2021,3,16,3,3,2,6,0,1,0,0,0,799108.1246,5827695.346,13.40906572,52.51710822,0
561,114098,car,11,3,3100101.0,2021,4,14,4,3,5,3,0,0,1,0,0,800757.9748,5838764.996,13.44334217,52.61541936,0
562,114101,bike + car,11,12,12100205.0,2021,8,7,3,3,5,2,1,1,1,0,1,794457.8183,5834355.345,13.34663812,52.57934099,0
563,114102,car,11,5,5200528.0,2021,11,8,6,3,2,6,0,0,1,0,1,783549.8541,5826706.215,13.17956405,52.51655187,0
564,114112,bike + car,11,7,7200308.0,2021,8,19,6,3,0,2,0,1,1,0,1,795344.388,5823458.459,13.35000329,52.48117901,0
565,114113,car,11,1,1200624.0,2021,5,16,6,3,2,6,0,0,1,0,0,795885.1182,5829599.047,13.3634008,52.53593132,0
566,114117,car,11,6,6400737.0,2021,6,16,5,3,3,6,0,0,1,0,0,785508.4249,5816249.101,13.19940052,52.42177124,0
567,114121,bike + car,11,2,2500834.0,2021,1,12,4,3,5,2,0,1,1,0,0,802035.4804,5827025.715,13.45146841,52.50949301,0
568,114126,car,11,6,6300527.0,2021,10,18,6,3,3,6,1,0,1,0,1,790285.4912,5818362.906,13.2712888,52.43820903,0
569,114127,car,11,4,4300415.0,2021,7,13,6,3,2,6,0,0,1,0,0,790744.4558,5826301.712,13.28494176,52.50913759,0
570,114133,car,11,3,3200206.0,2021,10,5,1,3,1,5,2,0,1,0,0,798057.3136,5834039.004,13.39931837,52.57454582,0
571,114136,bike + car,11,12,12601031.0,2021,7,15,6,2,5,2,0,1,1,0,0,793198.9635,5836753.432,13.33023589,52.60151812,1
572,114143,car,11,12,12400721.0,2021,9,12,4,3,1,5,0,0,1,0,0,791040.7983,5841182.954,13.3023591,52.64238688,0
573,114144,car,11,4,4100101.0,2021,7,11,7,3,2,6,0,0,1,0,0,790873.2459,5828999.017,13.2891929,52.53325019,0
574,114146,bike + car,11,3,3200205.0,2021,11,7,2,3,5,3,0,1,1,0,0,798165.7233,5836122.188,13.40278764,52.5931591,0
575,114149,bike,11,3,3601449.0,2021,3,10,7,3,3,6,0,1,0,0,1,801055.7023,5830618.193,13.44032778,52.54223456,0
576,114152,car,11,4,4100101.0,2021,4,8,3,3,2,6,0,0,1,0,0,790944.706,5829025.95,13.29026701,52.5334535,0
577,114156,car,11,10,10100206.0,2021,11,9,2,3,5,7,0,0,1,0,1,808815.9415,5833167.253,13.55676734,52.56073603,0
578,114159,bike,11,3,3601142.0,2021,7,10,6,3,4,6,0,1,0,0,1,799150.678,5830803.488,13.41248793,52.54494468,0
579,114163,car + pedestrian,11,3,3601141.0,2021,8,17,2,3,6,7,0,0,1,1,0,799219.321,5831429.787,13.41406144,52.55052077,0
580,114164,car,11,7,7200411.0,2021,5,13,3,3,2,6,0,0,1,0,1,795930.621,5824409.067,13.35945452,52.48938306,0
581,114168,car,11,7,7501133.0,2021,6,8,3,3,0,2,0,0,1,0,0,797475.5808,5817970.766,13.37640448,52.43083057,0
582,114172,car,11,4,4300415.0,2021,2,14,4,3,2,6,0,0,1,0,1,790702.2172,5826178.924,13.2842139,52.50805929,0
583,114174,bike,11,1,1100102.0,2021,9,8,5,3,0,1,0,1,0,0,1,796749.0018,5826665.676,13.37348292,52.50916707,0
584,114175,bike + car,11,1,1100207.0,2021,5,22,2,3,5,3,2,1,1,0,0,798650.7286,5827024.425,13.40174286,52.511345,0
585,114176,bike + car,11,1,1400940.0,2021,5,15,3,3,3,2,0,1,1,0,0,795862.0271,5832067.486,13.36526034,52.55807102,0
586,114178,bike,11,3,3601347.0,2021,10,21,4,3,0,1,2,1,0,0,0,799304.9855,5830349.851,13.41434792,52.54079379,0
587,114179,car,11,4,4200311.0,2021,3,9,3,3,2,6,0,0,1,0,0,790534.6239,5826378.161,13.28192541,52.50993475,0
588,114182,car,11,7,7400822.0,2021,4,13,5,3,2,6,0,0,1,0,0,796517.6698,5822545.927,13.36641829,52.47236315,0
589,114185,car + pedestrian,11,6,6400737.0,2021,9,18,5,2,6,4,0,0,1,1,0,786519.5539,5816954.015,13.21483292,52.427563,1
590,114186,car,11,10,10100311.0,2021,11,16,5,3,2,6,0,0,1,0,1,808038.4277,5827445.99,13.54003133,52.5099032,0
591,114187,car,11,9,9100306.0,2021,10,14,7,3,2,6,0,0,1,0,0,803093.2888,5820914.051,13.46145126,52.45412798,0
592,114189,car,11,12,12500928.0,2021,7,11,4,3,5,3,0,0,1,0,1,792369.5455,5837739.953,13.31889567,52.61080841,0
593,114196,bike,11,4,4200311.0,2021,8,8,5,3,0,1,0,1,0,0,0,790500.9039,5826372.474,13.28142498,52.50990172,0
594,114205,car,11,6,6300629.0,2021,1,18,2,3,4,6,2,0,1,0,1,792655.3264,5819889.117,13.30738905,52.45062835,0
595,114216,car + pedestrian,11,6,6300526.0,2021,10,12,6,3,6,6,0,0,1,1,0,789564.6124,5817964.797,13.26036873,52.43502197,0
596,114218,bike + car,11,7,7501030.0,2021,6,7,2,3,5,3,0,1,1,0,0,797869.3439,5820431.15,13.38437211,52.4526711,0