,ObjectID,vehicle_types,State,District,LOR_ab_2021,AccidentYear,AccidentMonth,AccidentHour,DayOfWeek,AccidentCategory,AccidentType,AccidentTypeDetail,LightingCondition,InvolvingBike,InvolvingCar,InvolvingPedestrian,RoadCondition,GraphicCoord1,GraphicCoord2,LongitudeWGS84,LatitudeWGS84,accident_outcome
597,114221,car,11,12,12200515.0,2021,3,15,5,2,8,1,0,0,1,0,1,790676.2473,5834899.763,13.29146533,52.5862549,1
598,114223,bike,11,2,2500727.0,2021,3,22,2,3,0,1,2,1,0,0,0,802176.7778,5827749.034,13.45420082,52.51589788,0
599,114229,car,11,12,12200515.0,2021,9,17,6,3,2,6,0,0,1,0,0,790690.9088,5834895.618,13.29167749,52.58620991,0
600,114231,car,11,7,7501029.0,2021,10,20,1,3,2,1,0,0,1,0,0,797786.0411,5818930.118,13.38181196,52.43926129,0
601,114233,bike,11,12,12100205.0,2021,7,16,7,3,0,7,0,1,0,0,0,794556.8841,5833925.759,13.34771421,52.57543649,0
602,114245,bike + car,11,3,3701660.0,2021,6,7,5,3,1,5,0,1,1,0,0,800437.144,5829622.836,13.4303343,52.53365435,0
603,114249,car + pedestrian,11,7,7601236.0,2021,2,19,3,2,6,4,2,0,1,1,1,797028.1677,5816747.772,13.36875702,52.42011057,1
604,114252,bike + car,11,12,12100101.0,2021,10,5,4,3,3,6,2,1,1,0,1,795804.6186,5832389.224,13.36470276,52.56098626,0
605,114255,car,11,7,7300619.0,2021,4,23,4,2,9,1,2,0,1,0,0,796252.769,5822715.675,13.3626805,52.47402853,1
606,114259,car,11,7,7400825.0,2021,11,13,2,3,2,6,0,0,1,0,0,797866.775,5820528.143,13.38442093,52.45354194,0
607,114260,bike + car,11,4,4300414.0,2021,9,10,3,3,5,3,0,1,1,0,1,791851.3026,5826592.97,13.30145982,52.51115763,0
608,114262,car,11,5,5200634.0,2021,7,17,5,3,2,6,0,0,1,0,1,785278.8254,5826243.286,13.20457808,52.51149959,0
609,114265,car,11,12,12500927.0,2021,3,19,1,2,3,6,2,0,1,0,1,793388.072,5836322.543,13.33263831,52.59755348,1
610,114267,car,11,1,1100102.0,2021,9,8,2,3,3,6,0,0,1,0,0,796435.7992,5826380.355,13.36862745,52.50677973,0
611,114269,bike + car,11,7,7400824.0,2021,8,17,6,3,5,3,0,1,1,0,0,797857.7269,5821431.711,13.38509429,52.46164639,0
612,114274,car,11,12,12500926.0,2021,6,13,5,3,0,5,0,0,1,0,0,793673.9475,5835687.188,13.33628346,52.59170366,0
613,114278,car,11,1,1100310.0,2021,1,19,5,3,2,6,2,0,1,0,1,799544.6018,5828286.211,13.416011,52.52216485,0
614,114282,bike + car,11,4,4300414.0,2021,5,14,1,3,3,6,0,1,1,0,0,791098.5895,5826470.129,13.29029233,52.51045857,0
615,114284,bike + car,11,3,3400723.0,2021,10,11,3,3,3,6,0,1,1,0,0,798457.2854,5833332.84,13.40456749,52.56799692,0
616,114285,car,11,7,7200308.0,2021,7,12,6,3,2,6,0,0,1,0,0,795223.509,5823525.402,13.34828776,52.48184447,0
617,114290,car,11,4,4400726.0,2021,8,17,6,2,2,6,0,0,1,0,0,790758.4925,5824850.863,13.28388109,52.49612319,1
618,114291,car,11,4,4200311.0,2021,11,11,4,3,2,6,0,0,1,0,0,790546.4406,5825877.893,13.28166238,52.50544352,0
619,114297,bike + car,11,11,11300724.0,2021,2,8,3,3,5,2,0,1,1,0,0,804515.7947,5827504.598,13.48834063,52.51240623,0
620,114301,car,11,7,7501030.0,2021,9,15,6,3,5,2,0,0,1,0,1,798039.4015,5819471.742,13.38601126,52.44397836,0
621,114302,car,11,2,2200208.0,2021,8,11,4,3,3,6,0,0,1,0,0,797863.4468,5825012.347,13.3883765,52.4937396,0
622,114304,car,11,1,1100102.0,2021,11,19,6,3,2,6,1,0,1,0,0,794700.3889,5827081.224,13.34375306,52.51400274,0
623,114307,car,11,2,2500727.0,2021,4,12,4,3,2,6,0,0,1,0,1,802544.2153,5827690.458,13.45954591,52.51516917,0
624,114310,car,11,1,1100205.0,2021,4,8,3,3,2,2,0,0,1,0,0,796951.2659,5826704.308,13.3764889,52.5094033,0
625,114313,bike,11,3,3701657.0,2021,9,14,3,3,5,3,0,1,0,0,0,800319.4656,5830067.432,13.42900638,52.53770423,0
626,114315,car,11,1,1300836.0,2021,11,11,4,3,2,2,0,0,1,0,1,796316.5952,5830075.845,13.37016884,52.5399709,0
627,114316,car,11,4,4200207.0,2021,10,13,1,3,2,1,0,0,1,0,0,789795.4388,5824803.866,13.26969396,52.49621407,0
628,114323,car,11,1,1100104.0,2021,8,13,3,3,2,6,0,0,1,0,1,796278.9275,5825995.483,13.3659804,52.50341492,0
629,114324,bike,11,3,3601452.0,2021,5,16,2,3,0,1,0,1,0,0,0,801453.0152,5829188.987,13.44487231,52.52920484,0
630,114334,bike,11,7,7400721.0,2021,9,12,7,3,0,1,0,1,0,0,0,797801.94,5822976.932,13.38565479,52.475528,0
631,114336,car,11,4,4100101.0,2021,10,10,4,3,3,6,0,0,1,0,0,790693.5685,5828873.329,13.28644153,52.53221926,0
632,114337,car,11,4,4200311.0,2021,3,19,1,3,9,1,2,0,1,0,0,790448.5583,5825340.59,13.27975561,52.50067867,0
633,114340,car,11,4,4300414.0,2021,4,7,6,3,5,2,0,0,1,0,0,791858.0901,5826615.481,13.30157929,52.5113558,0
634,114342,car,11,4,4501151.0,2021,6,14,7,3,2,6,0,0,1,0,0,793779.1497,5823002.503,13.32661941,52.47793589,0
635,114344,bike + car,11,4,4200206.0,2021,9,11,6,3,3,6,0,1,1,0,0,788809.9574,5826104.841,13.2563464,52.5084002,0
636,114345,car,11,12,12200414.0,2021,11,14,6,3,2,6,0,0,1,0,0,792133.7636,5831922.754,13.31029503,52.55878643,0
637,114348,car,11,6,6300629.0,2021,7,7,4,3,2,6,0,0,1,0,1,791089.0531,5818856.67,13.28350673,52.4422086,0
638,114360,car,11,7,7400720.0,2021,6,15,7,3,3,6,0,0,1,0,1,797840.9596,5822488.178,13.38579117,52.47112559,0
639,114367,car,11,12,12200310.0,2021,12,8,3,3,2,6,0,0,1,0,0,791902.4553,5832743.88,13.30761505,52.5662716,0
640,114368,car,11,6,6400736.0,2021,10,17,7,3,2,6,2,0,1,0,1,785310.9779,5815996.837,13.19628971,52.41961237,0
641,114369,car,11,8,8100521.0,2021,7,17,7,3,2,6,0,0,1,0,0,802663.7092,5822015.075,13.45614694,52.46423456,0
642,114374,car + pedestrian,11,5,5200528.0,2021,9,16,4,3,6,2,0,0,1,1,0,783505.2691,5826700.883,13.17890421,52.51652724,0
643,114378,car,11,3,3100101.0,2021,6,18,4,3,9,1,0,0,1,0,1,800857.4343,5840804.569,13.44666278,52.63364485,0
644,114383,bike,11,3,3601142.0,2021,9,16,2,2,5,3,0,1,0,0,0,799163.574,5830558.356,13.41245677,52.54274037,1
645,114387,car + pedestrian,11,7,7501030.0,2021,12,18,4,3,6,2,2,0,1,1,1,797871.3799,5820419.827,13.38439189,52.45256849,0
646,114390,car + pedestrian,11,12,12601032.0,2021,6,10,7,3,6,3,0,0,1,1,0,792838.6379,5837246.345,13.32536685,52.60613098,0
647,114394,car,11,7,7400927.0,2021,1,12,5,3,0,7,0,0,1,0,1,799191.8582,5821640.243,13.40485954,52.46278679,0
648,114397,car,11,4,4400727.0,2021,11,19,2,3,2,6,2,0,1,0,1,791403.4542,5824488.514,13.29303771,52.49253076,0
649,114398,car,11,1,1200624.0,2021,10,18,5,3,2,6,2,0,1,0,0,795930.1355,5829484.636,13.3639607,52.53488129,0
650,114407,car,11,4,4100102.0,2021,6,15,3,3,2,6,0,0,1,0,0,791519.4102,5829140.666,13.29881631,52.53417483,0
651,114415,car,11,11,11401034.0,2021,12,20,2,2,0,1,2,0,1,0,0,807146.5341,5827415.715,13.52690284,52.51013474,1
652,114416,bike + car,11,10,10100210.0,2021,6,13,7,3,2,2,0,1,1,0,0,808321.4236,5832024.392,13.54843398,52.5507742,0
653,114417,car,11,4,4300621.0,2021,10,19,3,3,2,1,1,0,1,0,0,792740.5828,5826742.135,13.31465739,52.51201833,0
654,114419,bike + car,11,3,3601449.0,2021,7,15,6,2,5,2,0,1,1,0,0,801319.6745,5830977.753,13.44453458,52.54531142,1
655,114423,car,11,7,7501133.0,2021,4,18,3,3,2,6,0,0,1,0,0,797664.6878,5818672.582,13.37980261,52.4370188,0
656,114426,bike + car,11,12,12601032.0,2021,9,7,4,3,5,2,0,1,1,0,0,792729.8396,5837421.962,13.32392016,52.60776388,0
657,114430,bike + car,11,4,4300414.0,2021,5,15,3,3,5,2,0,1,1,0,0,791694.6229,5826587.878,13.29915319,52.51119578,0
658,114441,car,11,3,3601449.0,2021,5,17,7,3,5,2,0,0,1,0,0,801345.9232,5831000.956,13.44494154,52.54550486,0
659,114442,car,11,3,3200206.0,2021,11,21,3,3,4,1,2,0,1,0,1,797986.0335,5834648.174,13.39881719,52.58004518,0
660,114444,bike + car,11,1,1100310.0,2021,7,23,7,3,5,3,2,1,1,0,0,798805.4545,5828020.353,13.4049104,52.52018736,0
661,114447,car,11,7,7400721.0,2021,8,20,4,3,1,5,2,0,1,0,1,797808.4159,5823161.125,13.38591433,52.47717555,0
662,114448,car + pedestrian,11,11,11401032.0,2021,11,9,5,3,6,2,0,0,1,1,1,805622.7726,5827377.961,13.5044857,52.51065217,0
663,114449,car,11,4,4300413.0,2021,9,2,1,2,8,1,2,0,1,0,0,790694.6758,5827096.664,13.28490476,52.51629088,1
664,114451,bike + car,11,9,9100203.0,2021,6,8,2,3,0,3,0,1,1,0,0,804106.561,5824366.79,13.47946399,52.48451132,0
665,114454,bike + car,11,6,6400737.0,2021,2,11,7,3,0,3,0,1,1,0,0,786712.1186,5817016.237,13.21771065,52.42802,0
666,114458,car,11,10,10400837.0,2021,9,10,6,3,5,3,0,0,1,0,0,811328.7735,5827107.964,13.588042,52.5050063,0
667,114459,bike + car,11,2,2500726.0,2021,8,18,5,3,1,5,0,1,1,0,0,801779.75,5828615.616,13.44915382,52.52388492,0
668,114460,car,11,1,1100310.0,2021,12,23,2,3,5,3,2,0,1,0,0,799106.6811,5827693.002,13.4090424,52.51708799,0
669,114464,bike + car,11,2,2100101.0,2021,4,13,1,3,5,2,0,1,1,0,0,797295.7787,5825592.036,13.38055708,52.49924537,0
670,114467,car,11,12,12100204.0,2021,4,9,4,3,3,6,0,0,1,0,0,795758.3785,5832654.516,13.36425908,52.56338946,0
671,114470,bike + car,11,11,11300724.0,2021,9,13,6,2,5,2,0,1,1,0,0,804515.107,5827504.667,13.48833059,52.51240722,1
672,114473,bike + car,11,4,4300414.0,2021,11,16,5,3,5,3,0,1,1,0,0,791034.0562,5826478.175,13.28935115,52.51056514,0
673,114476,car,11,6,6300629.0,2021,7,3,2,2,8,1,2,0,1,0,0,792785.2403,5819978.834,13.30937394,52.45136308,1
674,114479,bike + car,11,1,1300836.0,2021,7,18,4,3,5,2,0,1,1,0,0,796184.661,5830195.038,13.36833544,52.54111107,0
675,114483,bike + car,11,7,7200308.0,2021,8,20,2,3,5,7,2,1,1,0,1,795414.0314,5823415.089,13.35098739,52.48075255,0
676,114496,car,11,6,6300527.0,2021,12,19,7,3,5,7,2,0,1,0,1,790296.521,5818369.72,13.27145652,52.43826426,0
677,114497,car,11,1,1401044.0,2021,10,16,5,3,2,6,0,0,1,0,1,796036.085,5831363.246,13.36719232,52.55166363,0
678,114498,car + pedestrian,11,3,3400723.0,2021,3,11,5,3,6,2,0,0,1,1,0,798379.1616,5833470.279,13.40354189,52.56927169,0
679,114501,bike,11,3,3500934.0,2021,4,14,3,3,4,7,0,1,0,0,0,800268.8408,5831826.58,13.42985251,52.55349981,0
680,114505,bike + car,11,3,3601139.0,2021,9,17,6,3,5,2,0,1,1,0,0,799204.9633,5832154.894,13.41450382,52.5570281,0
681,114506,bike,11,2,2500834.0,2021,11,3,1,2,0,1,2,1,0,0,0,802033.1517,5827015.247,13.45142471,52.50940048,1
682,114507,bike,11,11,11300722.0,2021,10,13,7,3,2,6,0,1,0,0,0,804021.2118,5827555.202,13.48112131,52.51313565,0
683,114509,bike,11,2,2500727.0,2021,7,15,2,2,3,6,0,1,0,0,0,802179.4672,5827722.14,13.45421591,52.51565533,1
684,114515,car,11,4,4100102.0,2021,8,19,5,2,2,6,1,0,1,0,0,791132.9522,5829063.492,13.2930673,52.53368955,1
685,114520,bike + car,11,3,3701660.0,2021,6,23,1,3,0,3,2,1,1,0,0,800409.0061,5829577.022,13.42987932,52.53325921,0
686,114527,bike + car,11,11,11300722.0,2021,12,10,5,3,5,2,0,1,1,0,0,803764.0574,5827566.118,13.47735353,52.51337675,0
687,114528,car,11,12,12200310.0,2021,10,12,7,3,0,7,0,0,1,0,0,791780.1384,5832973.133,13.30601721,52.56839236,0
688,114533,car,11,3,3400830.0,2021,8,14,6,3,2,6,0,0,1,0,0,800043.5541,5833524.06,13.42807446,52.5688389,0
689,114535,car,11,4,4200311.0,2021,9,8,2,3,3,6,0,0,1,0,0,790582.264,5827302.849,13.28343291,52.51819924,0
690,114537,car,11,7,7400720.0,2021,7,18,5,3,2,6,0,0,1,0,1,797774.8496,5823871.884,13.38605634,52.48356501,0
691,114540,car,11,4,4300621.0,2021,3,16,4,3,5,3,0,0,1,0,0,792263.3986,5826683.609,13.30759447,52.51174954,0
692,114544,car,11,4,4400726.0,2021,8,8,5,3,2,6,0,0,1,0,0,790771.3472,5824852.308,13.28407117,52.49612928,0
693,114545,bike + car,11,4,4300414.0,2021,5,9,3,3,5,2,0,1,1,0,0,791029.033,5826477.351,13.28927662,52.51056044,0
694,114550,bike + car,11,1,1100310.0,2021,4,15,1,3,2,6,0,1,1,0,0,799545.4847,5828285.659,13.41602348,52.52215941,0
695,114553,car,11,4,4501148.0,2021,1,17,4,3,2,6,2,0,1,0,1,792519.1155,5823412.519,13.30847914,52.48228796,0
696,114559,car,11,4,4200308.0,2021,10,8,3,3,2,6,0,0,1,0,1,790424.2474,5827735.909,13.28148878,52.52216582,0
697,114561,car,11,4,4501153.0,2021,7,23,4,2,9,1,2,0,1,0,0,793896.0657,5823008.732,13.32834144,52.47792883,1
698,114565,bike + car,11,1,1100310.0,2021,8,7,4,3,2,2,0,1,1,0,0,799791.0796,5828610.761,13.41992549,52.52493847,0
699,114568,bike,11,3,3400723.0,2021,6,11,3,2,0,1,0,1,0,0,0,798358.865,5833479.847,13.40325192,52.56936857,1
700,114571,car,11,9,9100101.0,2021,3,10,2,3,2,7,0,0,1,0,0,802693.0402,5825216.304,13.45948319,52.49291092,0
701,114574,bike,11,1,1100207.0,2021,8,11,1,2,0,1,0,1,0,0,0,798712.9066,5827082.899,13.40270884,52.51183509,1
702,114575,bike + car,11,4,4200206.0,2021,12,9,4,2,5,2,0,1,1,0,0,788359.2322,5826032.314,13.24966086,52.5079884,1
703,114577,bike,11,11,11100101.0,2021,10,7,6,3,4,6,0,1,0,0,0,803733.6402,5834633.501,13.48336913,52.57673602,0
704,114582,car,11,3,3400620.0,2021,4,16,7,3,2,6,0,0,1,0,0,798004.5131,5833676.111,13.39821542,52.5713219,0
705,114585,car,11,3,3601142.0,2021,9,17,7,3,2,6,0,0,1,0,0,799141.4549,5830395.352,13.4119848,52.54129143,0
706,114588,bike + car,11,12,12100204.0,2021,10,17,2,2,5,3,1,1,1,0,0,795752.3034,5832687.459,13.36419909,52.56368807,1
707,114590,car,11,10,10100206.0,2021,7,2,2,3,0,1,2,0,1,0,0,808899.1005,5833402.273,13.55820894,52.56279503,0
708,114594,car,11,2,2500727.0,2021,7,20,1,2,5,3,0,0,1,0,1,802145.4376,5827751.031,13.45374218,52.51593314,1
709,114598,bike + car,11,2,2500727.0,2021,8,23,4,2,5,2,2,1,1,0,0,802144.9397,5827752.819,13.45373649,52.51594944,1
710,114599,car + pedestrian,11,3,3200206.0,2021,5,14,6,3,6,4,0,0,1,1,1,798194.0097,5834723.243,13.40194498,52.58060413,0
711,114603,car,11,4,4200308.0,2021,6,9,4,3,2,6,0,0,1,0,0,790556.0167,5827379.187,13.28311385,52.5188976,0
712,114607,car,11,1,1200624.0,2021,2,14,4,3,2,2,0,0,1,0,1,795870.5687,5829585.954,13.36317526,52.53582185,0
713,114611,car + pedestrian,11,10,10100312.0,2021,12,19,6,3,6,7,2,0,1,1,0,807674.6785,5829810.528,13.53687548,52.5312994,0
714,114612,bike + car,11,1,1300836.0,2021,10,8,4,3,0,2,0,1,1,0,1,796214.5447,5830190.187,13.36877047,52.54105135,0
715,114613,car,11,4,4400725.0,2021,3,16,3,3,2,6,1,0,1,0,0,790564.53,5825129.311,13.28127493,52.49872279,0
716,114616,bike + car,11,7,7501133.0,2021,4,16,6,3,5,2,0,1,1,0,0,798429.7185,5818245.503,13.39064211,52.43277363,0
717,114619,car,11,1,1400940.0,2021,8,22,5,3,5,3,2,0,1,0,1,795861.7014,5832069.301,13.36525717,52.55808746,0
718,114620,car,11,6,6300527.0,2021,11,13,7,3,3,6,0,0,1,0,0,791057.5839,5818838.75,13.28302944,52.44206469,0
719,114627,car,11,4,4200310.0,2021,3,18,7,3,1,1,2,0,1,0,0,790085.6519,5826302.443,13.27526246,52.50949487,0
720,114630,car,11,12,12100205.0,2021,8,12,2,3,2,2,0,0,1,0,0,795327.869,5833731.594,13.35888539,52.57327815,0
721,114635,car,11,9,9200613.0,2021,11,22,3,3,2,6,2,0,1,0,1,806502.2897,5821231.746,13.51175443,52.45507451,0
722,114636,bike + car,11,10,10400941.0,2021,10,21,1,3,5,3,2,1,1,0,0,813261.6996,5827202.528,13.61651629,52.50474743,0
723,114638,car,11,1,1100310.0,2021,7,23,7,2,2,1,2,0,1,0,0,798831.9162,5828045.053,13.40532143,52.52039426,1
724,114645,bike + car,11,3,3601141.0,2021,8,8,2,3,5,2,0,1,1,0,0,799196.0062,5831430.226,13.413719,52.55053751,0
725,114646,car,11,1,1100310.0,2021,5,11,4,3,2,6,0,0,1,0,0,799285.4163,5827908.14,13.41186213,52.51891833,0
726,114651,car + pedestrian,11,10,10100208.0,2021,6,19,6,3,6,4,0,0,1,1,0,808330.0701,5832043.728,13.54857905,52.5509426,0
727,114655,car,11,4,4100101.0,2021,2,19,5,3,9,1,2,0,1,0,1,791280.5253,5829957.653,13.29602059,52.54162672,0
728,114658,car + pedestrian,11,2,2500726.0,2021,12,18,7,3,6,4,2,0,1,1,0,802035.9399,5828093.342,13.4524442,52.51906192,0
729,114666,car,11,4,4200308.0,2021,8,12,1,3,2,6,0,0,1,0,0,790423.9234,5827787.585,13.28152915,52.52262927,0
730,114667,bike + car,11,3,3500936.0,2021,11,12,7,3,1,5,0,1,1,0,0,802076.5619,5831490.923,13.45612894,52.5494918,0
731,114677,bike + car,11,2,2500727.0,2021,8,16,4,3,5,2,0,1,1,0,0,802581.5528,5827686.71,13.46009105,52.51511486,0
732,114678,bike + car,11,5,5400943.0,2021,5,7,6,2,5,2,0,1,1,0,0,780162.797,5822269.082,13.1260475,52.47851538,1
733,114682,bike + car,11,7,7601544.0,2021,6,11,6,3,5,3,0,1,1,0,0,799808.518,5813822.952,13.40690177,52.39237729,0
734,114686,car,11,10,10100208.0,2021,1,14,6,3,2,6,0,0,1,0,0,808317.5755,5832054.332,13.5484052,52.5510447,0
735,114689,car,11,1,1400940.0,2021,12,6,4,3,5,3,1,0,1,0,1,795861.7659,5832068.941,13.3652578,52.5580842,0
736,114690,car,11,1,1400940.0,2021,10,11,3,3,5,3,0,0,1,0,1,795878.8171,5832058.558,13.36549933,52.55798187,0
737,114691,car,11,3,3100101.0,2021,7,6,7,3,0,1,0,0,1,0,0,800599.552,5840951.741,13.44299765,52.63510675,0
738,114696,bike + car,11,2,2200208.0,2021,8,18,6,3,5,2,0,1,1,0,0,797878.2611,5825435.087,13.38897208,52.49752088,0
739,114697,bike + car,11,3,3601452.0,2021,11,23,3,3,5,3,2,1,1,0,1,801284.4452,5829412.978,13.44259788,52.53130568,0
740,114700,bike + car,11,3,3601142.0,2021,7,14,6,3,1,5,0,1,1,0,0,799184.5342,5830908.997,13.41308074,52.54587181,0
741,114707,bike + car,11,11,11300724.0,2021,8,14,3,3,5,2,0,1,1,0,0,804514.2218,5827504.755,13.48831766,52.51240851,0
742,114708,car,11,2,2500729.0,2021,6,14,3,3,2,6,0,0,1,0,0,803515.5973,5827606.592,13.47374038,52.51387782,0
743,114712,car,11,11,11300722.0,2021,6,12,2,3,2,6,0,0,1,0,0,803655.2459,5827591.9,13.47577853,52.51366842,0
744,114713,bike,11,3,3601141.0,2021,4,18,6,2,3,6,0,1,0,0,0,799215.4479,5831748.757,13.41429194,52.55338197,1
745,114719,bike + car,11,3,3601142.0,2021,4,15,6,3,5,3,0,1,1,0,0,799165.6751,5830374.118,13.41232175,52.5410878,0
746,114721,car,11,1,1100102.0,2021,11,21,2,3,5,3,2,0,1,0,1,796443.4918,5826336.924,13.36870178,52.50638623,0
747,114722,car,11,1,1300836.0,2021,10,18,1,3,5,3,1,0,1,0,0,796193.6839,5830186.949,13.36846088,52.54103366,0
748,114729,car,11,12,12200414.0,2021,5,15,2,3,2,6,0,0,1,0,0,792019.5729,5831684.62,13.30840586,52.55671288,0
749,114732,car,11,7,7400927.0,2021,6,17,2,3,2,6,0,0,1,0,0,799290.9865,5821556.346,13.40623904,52.46198049,0
750,114735,bike + car,11,6,6100101.0,2021,3,8,3,3,5,3,0,1,1,0,0,793110.7444,5820191.153,13.3143365,52.45309204,0
751,114738,car,11,7,7400824.0,2021,7,10,7,2,5,2,0,0,1,0,0,797829.1526,5822372.329,13.38551444,52.47009357,1
752,114739,car,11,3,3200205.0,2021,12,6,6,2,8,1,2,0,1,0,1,798174.2031,5835375.21,13.40224013,52.58645891,1
753,114741,bike + car,11,7,7501133.0,2021,3,18,3,3,0,2,0,1,1,0,0,797575.5266,5818415.817,13.3782663,52.43476567,0
754,114744,car + pedestrian,11,12,12100205.0,2021,4,14,1,3,6,4,0,0,1,1,0,795156.2342,5833728.58,13.35635743,52.57334424,0
755,114747,car,11,12,12200414.0,2021,9,16,4,3,2,6,0,0,1,0,0,791627.4089,5830861.499,13.30191463,52.54954395,0
756,114748,bike + car,11,9,9100101.0,2021,11,21,2,3,5,3,2,1,1,0,0,802589.9781,5825080.892,13.45784682,52.49175437,0
757,114749,bike + car,11,3,3601347.0,2021,6,23,7,3,5,2,2,1,1,0,0,799299.78,5830335.843,13.41425877,52.54067109,0
758,114756,bike,11,3,3601142.0,2021,7,21,5,3,0,1,1,1,0,0,0,799188.471,5831261.268,13.41345597,52.54902721,0
759,114760,bike + car,11,4,4300414.0,2021,8,9,4,3,5,2,0,1,1,0,0,791564.8657,5826544.665,13.29720875,52.51087776,0
760,114761,bike + car,11,7,7501030.0,2021,5,18,3,3,2,2,0,1,1,0,1,798038.6941,5819475.769,13.38600448,52.44401485,0
761,114769,car,11,7,7400825.0,2021,1,15,6,3,2,3,0,0,1,0,0,797820.1991,5820722.81,13.38391116,52.4553123,0
762,114772,car,11,4,4300414.0,2021,10,15,2,3,2,6,0,0,1,0,0,791658.1734,5826581.715,13.29861222,52.51116003,0
763,114779,car,11,2,2500727.0,2021,8,18,5,3,2,2,1,0,1,0,1,802594.7332,5827701.248,13.46029792,52.51523785,0
764,114780,car,11,4,4300414.0,2021,11,9,2,3,2,6,0,0,1,0,1,791849.98,5826614.083,13.3014589,52.51134761,0
765,114781,car,11,1,1100102.0,2021,9,8,3,3,2,6,0,0,1,0,0,796798.1095,5826697.063,13.37423236,52.50942171,0
766,114783,bike,11,2,2400625.0,2021,7,20,6,3,2,6,0,1,0,0,0,801873.2655,5826523.108,13.44862972,52.5050779,0
767,114786,car,11,7,7300619.0,2021,3,15,5,3,2,6,0,0,1,0,0,795881.0713,5822666.384,13.35718028,52.47378815,0
768,114787,car,11,10,10300733.0,2021,9,15,3,3,2,6,0,0,1,0,0,808614.9263,5827444.589,13.5484977,52.50956482,0
769,114789,bike + pedestrian,11,9,9100202.0,2021,8,17,6,3,6,7,0,1,0,1,0,802824.4645,5824831.924,13.46106373,52.48939286,0
770,114790,bike + car,11,2,2500728.0,2021,5,14,6,3,5,2,0,1,1,0,0,803085.262,5827634.511,13.46744374,52.51436734,0
771,114798,car,11,3,3701657.0,2021,1,17,4,3,5,2,2,0,1,0,1,799994.3727,5830221.017,13.42436622,52.53925992,0
772,114801,car,11,2,2200209.0,2021,5,7,2,3,2,6,0,0,1,0,0,797754.1854,5824448.284,13.38626785,52.48874304,0
773,114803,bike + car,11,6,6300526.0,2021,10,15,5,3,2,2,0,1,1,0,1,789557.7507,5817980.864,13.26028199,52.43516965,0
774,114813,bike + pedestrian,11,2,2100101.0,2021,6,14,7,3,6,4,0,1,0,1,0,797787.4748,5825526.523,13.38772043,52.49839005,0
775,114816,car,11,2,2500729.0,2021,2,15,3,3,3,6,0,0,1,0,0,803551.0649,5827586.876,13.47424345,52.51368137,0
776,114820,car,11,4,4200206.0,2021,9,16,5,3,2,6,0,0,1,0,0,788340.3835,5826029.238,13.24938124,52.50797079,0
777,114821,car,11,6,6300527.0,2021,8,18,2,3,1,5,0,0,1,0,0,790030.2756,5818149.149,13.26735937,52.43642803,0
778,114822,car + pedestrian,11,10,10100206.0,2021,12,21,4,3,6,2,2,0,1,1,1,808677.308,5832818.436,13.55440433,52.55768865,0
779,114825,car + pedestrian,11,10,10100208.0,2021,6,13,3,2,6,4,0,0,1,1,0,808318.2972,5832056.016,13.54841738,52.55105938,1
780,114826,car,11,7,7400824.0,2021,3,15,1,3,3,6,0,0,1,0,0,797858.7504,5822104.431,13.38570972,52.46767602,0
781,114834,car,11,4,4100101.0,2021,10,17,5,3,3,6,0,0,1,0,0,790681.3573,5828841.751,13.2862344,52.53194268,0
782,114840,car,11,4,4400726.0,2021,6,15,3,3,2,6,0,0,1,0,0,790994.9416,5824661.752,13.28718902,52.49430178,0
783,114844,car,11,3,3601451.0,2021,1,13,5,3,2,6,0,0,1,0,0,800601.44,5829929.833,13.43302685,52.53631544,0
784,114847,car,11,9,9100305.0,2021,5,16,2,3,2,6,0,0,1,0,0,805168.0336,5822571.393,13.49340445,52.46782777,0
785,114848,bike + pedestrian,11,6,6300629.0,2021,12,17,2,3,6,4,1,1,0,1,1,792421.0573,5819725.655,13.30380847,52.4492883,0
786,114849,car,11,11,11401032.0,2021,10,16,6,3,2,6,0,0,1,0,1,805749.8756,5827385.935,13.50636006,52.51065242,0
787,114855,car,11,4,4300414.0,2021,8,13,3,3,2,6,0,0,1,0,0,791562.0838,5826544.189,13.29716746,52.51087498,0
788,114857,bike + car,11,3,3500934.0,2021,9,9,3,3,2,2,0,1,1,0,0,800250.5445,5831907.336,13.42965649,52.55423373,0
789,114859,car,11,6,6400737.0,2021,6,18,4,3,1,5,0,0,1,0,1,786890.9569,5817120.606,13.22042326,52.42886201,0
790,114862,car + pedestrian,11,3,3701660.0,2021,2,15,6,3,6,2,0,0,1,1,0,800023.02,5828998.995,13.42368429,52.52829076,0
791,114866,bike + pedestrian,11,1,1100206.0,2021,9,6,3,3,6,4,0,1,0,1,0,798305.4845,5827700.1,13.39727641,52.51759045,0
792,114868,bike + car,11,9,9100101.0,2021,5,11,6,3,5,3,0,1,1,0,1,802772.724,5825329.042,13.46075573,52.49387719,0
793,114871,bike + car,11,2,2500727.0,2021,6,9,2,3,5,2,0,1,1,0,0,802387.7966,5827706.31,13.45726227,52.51539799,0
794,114875,car + pedestrian,11,4,4300414.0,2021,1,8,3,3,6,4,0,0,1,1,1,791773.1822,5826579.66,13.30030029,52.5110801,0
795,114879,car + pedestrian,11,2,2500729.0,2021,11,14,5,3,6,7,0,0,1,1,0,803555.0623,5827586.414,13.47430175,52.513675,0