,ObjectID,vehicle_types,State,District,LOR_ab_2021,AccidentYear,AccidentMonth,AccidentHour,DayOfWeek,AccidentCategory,AccidentType,AccidentTypeDetail,LightingCondition,InvolvingBike,InvolvingCar,InvolvingPedestrian,RoadCondition,GraphicCoord1,GraphicCoord2,LongitudeWGS84,LatitudeWGS84,accident_outcome
796,114891,car,11,12,12200310.0,2021,6,8,2,3,2,6,0,0,1,0,0,791741.6038,5833077.575,13.30554214,52.5693493,0
797,114895,car + pedestrian,11,4,4300414.0,2021,2,12,5,3,6,7,0,0,1,1,0,791288.9323,5826519.954,13.29313271,52.51080365,0
798,114898,car,11,2,2200209.0,2021,12,10,3,3,1,7,0,0,1,0,0,797739.48,5824484.971,13.38608469,52.48907992,0
799,114899,bike + car,11,2,2500727.0,2021,10,17,2,3,5,2,1,1,1,0,0,802576.9516,5827687.172,13.46002388,52.51512156,0
800,114900,bike + car,11,10,10400941.0,2021,3,10,3,3,5,3,0,1,1,0,0,813262.0864,5827202.511,13.61652196,52.50474706,0
801,114908,bike + car,11,10,10400940.0,2021,11,6,3,3,5,2,1,1,1,0,0,813050.679,5827205.425,13.61342017,52.5048945,0
802,114911,car,11,7,7300619.0,2021,7,17,5,3,2,6,0,0,1,0,0,795000.4929,5823095.348,13.34463277,52.47810984,0
803,114918,bike + car,11,2,2500830.0,2021,8,2,5,3,3,6,2,1,1,0,0,802175.6896,5827702.99,13.45414302,52.51548579,0
804,114923,bike + car + pedestrian,11,1,1100104.0,2021,6,12,5,3,6,6,0,1,1,1,0,796127.7943,5825661.918,13.36346368,52.50050685,0
805,114927,car,11,3,3200204.0,2021,2,18,2,2,5,2,2,0,1,0,0,797157.558,5838898.209,13.39044086,52.61859411,1
806,114934,bike + pedestrian,11,3,3601142.0,2021,4,8,2,2,6,6,0,1,0,1,0,799165.39,5830944.002,13.4128308,52.54619609,1
807,114937,car,11,4,4200311.0,2021,9,13,4,3,2,6,0,0,1,0,0,790522.6717,5825360.267,13.28086152,52.50081562,0
808,114938,bike + car,11,3,3701657.0,2021,11,17,5,3,5,2,2,1,1,0,1,799970.6949,5830201.965,13.42400095,52.53910218,0
809,114939,bike + car,11,7,7400721.0,2021,9,22,1,3,5,2,2,1,1,0,0,797777.9082,5823495.986,13.3857655,52.48019384,0
810,114944,bike + car,11,1,1100310.0,2021,3,7,5,3,5,2,0,1,1,0,0,798784.9028,5828000.693,13.40459074,52.5200224,0
811,114948,bike + car,11,10,10400837.0,2021,8,8,5,3,5,2,0,1,1,0,0,811528.2057,5827129.827,13.59099124,52.5050884,0
812,114949,bike,11,2,2400625.0,2021,5,19,3,3,3,6,0,1,0,0,0,801857.3072,5826475.209,13.44835189,52.50465741,0
813,114953,bike + car,11,7,7501133.0,2021,6,16,6,3,2,6,0,1,1,0,0,798418.0958,5818273.75,13.39049686,52.43303317,0
814,114957,car,11,7,7601236.0,2021,1,10,6,3,5,2,0,0,1,0,1,797057.4444,5816814.445,13.36924546,52.42069235,0
815,114960,car,11,4,4400726.0,2021,5,18,7,3,3,6,0,0,1,0,0,790678.4558,5824979.265,13.28281751,52.49731695,0
816,114961,bike + car,11,9,9200613.0,2021,12,16,4,3,5,2,2,1,1,0,0,806133.5022,5821620.399,13.50670041,52.45876445,0
817,114963,car,11,2,2200208.0,2021,7,19,7,3,2,6,0,0,1,0,0,797918.0476,5825340.678,13.38947199,52.4966529,0
818,114967,car,11,1,1100310.0,2021,8,13,1,3,5,3,0,0,1,0,1,799119.0178,5827656.891,13.4091912,52.51675755,0
819,114968,car,11,12,12100103.0,2021,11,11,7,3,5,2,0,0,1,0,0,795336.4422,5833746.175,13.35902452,52.57340421,0
820,114969,bike + pedestrian,11,1,2400520.0,2021,9,23,6,3,6,4,2,1,0,1,0,799817.952,5828653.437,13.42035887,52.52530621,0
821,114974,bike + car,11,1,1300836.0,2021,3,13,3,3,5,2,0,1,1,0,0,796195.046,5830185.826,13.36847991,52.54102285,0
822,114979,bike + car,11,3,3601348.0,2021,8,8,4,3,5,2,0,1,1,0,0,799716.9672,5830274.487,13.42033647,52.53989183,0
823,114980,car,11,6,6300526.0,2021,12,19,7,3,2,6,2,0,1,0,1,789578.3764,5817961.359,13.26056765,52.43498386,0
824,114981,bike + car,11,2,2500727.0,2021,10,19,2,3,5,2,2,1,1,0,0,802580.8809,5827686.778,13.46008124,52.51511584,0
825,114983,bike,11,9,9100101.0,2021,7,4,1,3,0,1,2,1,0,0,0,802696.6918,5825221.445,13.45954148,52.49295497,0
826,114984,car,11,7,7400927.0,2021,4,15,3,3,2,6,0,0,1,0,0,798546.1569,5822068.126,13.39576638,52.4669754,0
827,114990,car,11,4,4200311.0,2021,9,16,4,3,2,6,0,0,1,0,0,790064.1657,5825197.106,13.27398375,52.49959677,0
828,114993,car,11,3,3200204.0,2021,10,17,5,3,5,2,0,0,1,0,0,797157.1286,5838899.228,13.39043545,52.61860349,0
829,114995,bike + car,11,2,2500726.0,2021,7,0,4,3,5,3,2,1,1,0,1,801653.5942,5828873.615,13.44753401,52.52626719,0
830,114997,car,11,9,9100101.0,2021,7,16,2,3,5,2,0,0,1,0,0,802671.0471,5825217.155,13.45916101,52.49293074,0
831,115002,car,11,1,1100310.0,2021,5,20,3,3,3,6,1,0,1,0,1,799705.2879,5828467.538,13.41853565,52.52370186,0
832,115007,car,11,6,6100208.0,2021,6,14,5,3,2,6,0,0,1,0,0,793786.0934,5820758.136,13.3247452,52.45781228,0
833,115011,car,11,12,12400721.0,2021,2,21,2,3,8,1,2,0,1,0,2,790530.9014,5841892.452,13.29546883,52.64902042,0
834,115013,car + pedestrian,11,2,2200208.0,2021,9,5,1,3,2,4,2,0,1,1,0,797844.9792,5824959.104,13.38805769,52.49327242,0
835,115015,car,11,3,3200309.0,2021,10,19,1,2,2,6,2,0,1,0,1,801133.8996,5837311.46,13.4475551,52.60218326,1
836,115022,car,11,2,2500729.0,2021,9,13,7,3,2,6,0,0,1,0,0,803097.124,5827633.336,13.46761694,52.51435022,0
837,115023,car,11,5,5400943.0,2021,11,16,4,3,8,7,1,0,1,0,0,780645.5907,5822885.876,13.13365691,52.48379816,0
838,115024,car,11,4,4200206.0,2021,10,15,7,3,2,6,0,0,1,0,0,788384.8431,5826036.435,13.25004074,52.50801181,0
839,115026,car,11,4,4200206.0,2021,7,23,7,3,2,6,2,0,1,0,0,788345.0243,5826029.996,13.24945009,52.50797513,0
840,115038,car,11,7,7400927.0,2021,6,6,5,3,2,6,0,0,1,0,0,798518.8065,5822085.263,13.39538029,52.46714396,0
841,115042,car,11,8,8200624.0,2021,1,20,2,3,5,3,2,0,1,0,1,800999.6172,5821672.991,13.43141766,52.46208756,0
842,115047,bike + car,11,4,4300414.0,2021,8,10,4,3,5,2,0,1,1,0,0,791024.4361,5826476.598,13.28920842,52.51055614,0
843,115048,car,11,7,7200308.0,2021,5,17,4,3,2,6,0,0,1,0,0,794559.2732,5823114.934,13.33817223,52.47852357,0
844,115056,car,11,11,11401034.0,2021,2,16,7,3,0,7,1,0,1,0,0,807003.0807,5827371.978,13.52475537,52.50982351,0
845,115058,bike + car,11,2,2500728.0,2021,9,16,1,3,2,2,0,1,1,0,0,802797.1233,5827665.093,13.46323845,52.51480148,0
846,115061,car,11,1,1400940.0,2021,3,13,6,3,5,3,0,0,1,0,0,795878.9476,5832057.858,13.36550062,52.55797552,0
847,115064,car,11,4,4100101.0,2021,4,16,4,3,2,6,0,0,1,0,0,791212.4377,5829675.195,13.29477187,52.53913092,0
848,115067,car,11,4,4200308.0,2021,9,11,6,3,2,6,0,0,1,0,0,790468.6622,5827594.352,13.28201795,52.5208731,0
849,115068,car + pedestrian,11,7,7400825.0,2021,11,16,5,3,6,4,0,0,1,1,1,797870.3018,5820507.722,13.38445447,52.45335697,0
850,115069,bike + car,11,1,1100310.0,2021,10,15,3,3,0,2,0,1,1,0,1,799261.8696,5827859.517,13.4114724,52.51849542,0
851,115071,car,11,7,7300619.0,2021,7,14,5,3,2,6,0,0,1,0,0,795317.2563,5822785.826,13.34900923,52.47516398,0
852,115078,bike + car,11,7,7200308.0,2021,8,15,6,3,5,2,0,1,1,0,0,795230.7697,5823535.285,13.34840312,52.48192914,0
853,115079,car,11,4,4400727.0,2021,5,15,4,3,2,6,0,0,1,0,0,791848.6945,5824083.281,13.29922214,52.48866001,0
854,115083,car,11,1,1100102.0,2021,6,5,5,3,5,3,0,0,1,0,0,796437.3879,5826316.888,13.36859427,52.50620994,0
855,115087,bike + car,11,11,11300722.0,2021,1,16,6,3,5,2,2,1,1,0,1,804249.7475,5827531.799,13.48445721,52.51279847,0
856,115090,car + pedestrian,11,7,7601236.0,2021,12,17,6,2,6,4,2,0,1,1,1,796596.6028,5815996.657,13.36176377,52.41361145,1
857,115091,car,11,4,4400726.0,2021,10,16,6,3,2,6,1,0,1,0,1,790756.8699,5824879.323,13.2838821,52.49637919,0
858,115096,car,11,4,4501148.0,2021,8,16,6,3,2,6,0,0,1,0,0,792664.5648,5823337.323,13.31054885,52.48153591,0
859,115097,bike,11,1,1100310.0,2021,11,9,5,3,3,6,0,1,0,0,0,799669.4469,5828467.39,13.41800882,52.52372024,0
860,115103,car + pedestrian,11,7,7601442.0,2021,3,15,6,2,6,4,0,0,1,1,0,799169.7176,5816471.283,13.39990777,52.41646572,1
861,115107,bike + car,11,4,4300621.0,2021,8,10,2,3,3,6,0,1,1,0,0,792129.4758,5826661.052,13.30560687,52.51161906,0
862,115109,bike + car,11,7,7200410.0,2021,12,19,2,3,1,5,2,1,1,0,0,795692.7732,5823984.024,13.35558459,52.48570176,0
863,115116,car + pedestrian,11,9,9100101.0,2021,1,17,3,3,6,2,2,0,1,1,1,802670.9121,5825216.967,13.45915886,52.49292914,0
864,115119,bike,11,2,2500726.0,2021,4,18,6,3,0,1,1,1,0,0,0,801992.3152,5828182.942,13.45188456,52.51988917,0
865,115120,car,11,5,5200633.0,2021,12,7,3,3,2,6,0,0,1,0,0,783994.1713,5826586.487,13.18599216,52.51524717,0
866,115121,car,11,1,1401049.0,2021,10,15,6,3,2,6,0,0,1,0,1,796035.5102,5831394.238,13.3672115,52.55194176,0
867,115126,bike + car,11,3,3500934.0,2021,8,8,4,3,3,6,0,1,1,0,0,800269.1376,5831825.268,13.42985568,52.55348789,0
868,115127,car,11,1,1100310.0,2021,9,21,7,3,2,6,2,0,1,0,0,799706.5468,5828469.702,13.4185561,52.52372057,0
869,115129,car,11,7,7400825.0,2021,6,14,4,3,2,6,0,0,1,0,0,797865.2948,5820536.799,13.38440694,52.45362034,0
870,115132,bike + car,11,4,4300621.0,2021,2,9,3,3,5,2,0,1,1,0,0,792741.5603,5826763.859,13.31469086,52.51221254,0
871,115136,car,11,7,7501030.0,2021,9,17,6,3,5,3,0,0,1,0,1,798039.3446,5819472.066,13.38601072,52.4439813,0
872,115138,car,11,4,4400725.0,2021,12,17,6,3,2,6,2,0,1,0,0,790561.8244,5825168.191,13.28126911,52.4990728,0
873,115140,car + pedestrian,11,4,4300414.0,2021,10,21,2,3,6,2,2,0,1,1,0,791560.5247,5826565.167,13.29716293,52.51106388,0
874,115143,car,11,4,4300621.0,2021,3,10,4,2,5,7,0,0,1,0,0,792130.457,5826661.219,13.30562143,52.51162003,1
875,115146,car,11,6,6400737.0,2021,4,4,2,3,0,7,2,0,1,0,0,785393.0393,5818267.771,13.1994313,52.43993112,0
876,115148,car + pedestrian,11,4,4300414.0,2021,6,15,7,3,6,4,0,0,1,1,0,791448.9747,5826546.32,13.29550736,52.51095453,0
877,115150,bike + pedestrian,11,2,2500727.0,2021,9,22,5,3,6,6,2,1,0,1,0,802593.9702,5827685.465,13.46027235,52.51509681,0
878,115152,car + pedestrian,11,4,4300621.0,2021,11,9,3,3,6,7,0,0,1,1,1,792033.6712,5826623.606,13.30416631,52.51133467,0
879,115153,car,11,2,2400521.0,2021,10,14,4,3,3,6,0,0,1,0,0,800387.6745,5827977.421,13.4281208,52.51893329,0
880,115158,bike + car,11,1,1401049.0,2021,7,23,2,3,1,5,2,1,1,0,0,795998.0715,5831452.431,13.36671282,52.55248375,0
881,115163,car,11,1,1100102.0,2021,5,8,4,3,2,6,0,0,1,0,0,796435.1589,5826378.194,13.36861612,52.5067607,0
882,115168,bike + car,11,12,12100101.0,2021,6,23,4,2,1,5,2,1,1,0,0,795814.4755,5832332.835,13.36479748,52.56047544,1
883,115172,car,11,4,4200206.0,2021,2,11,5,3,3,6,0,0,1,0,2,787973.0238,5825969.729,13.24393199,52.5076313,0
884,115174,bike + car,11,1,1100102.0,2021,9,21,2,3,1,5,2,1,1,0,0,794879.6465,5827128.431,13.34642881,52.51432903,0
885,115175,bike + car,11,10,10100312.0,2021,12,15,5,3,2,3,0,1,1,0,1,807669.372,5830002.109,13.53697481,52.53301934,0
886,115176,bike + pedestrian,11,10,10300734.0,2021,10,18,4,2,6,4,2,1,0,1,0,810356.2826,5827082.433,13.57373633,52.50533152,1
887,115180,bike + car,11,12,12601032.0,2021,4,10,3,3,5,3,0,1,1,0,0,792823.1985,5837273.103,13.32516318,52.60637917,0
888,115183,bike,11,4,4200311.0,2021,8,8,2,2,0,1,0,1,0,0,1,790372.6662,5826351.084,13.27952208,52.50977824,1
889,115185,car,11,12,12601032.0,2021,10,11,6,3,5,3,0,0,1,0,0,792782.0403,5837344.434,13.32462024,52.60704077,0
890,115195,bike + car,11,9,9100203.0,2021,5,18,1,3,5,3,0,1,1,0,1,804106.561,5824366.79,13.47946399,52.48451132,0
891,115199,car + pedestrian,11,10,10400837.0,2021,6,7,2,2,6,2,0,0,1,1,0,810878.4297,5827088.184,13.5814099,52.50508582,1
892,115203,bike + car,11,2,2500834.0,2021,1,15,3,3,0,2,0,1,1,0,1,802032.4311,5827012.007,13.45141118,52.50937184,0
893,115214,car + pedestrian,11,7,7200308.0,2021,11,0,5,2,6,2,2,0,1,1,1,795236.5971,5823509.692,13.34846601,52.48169656,1
894,115215,bike + car,11,3,3601139.0,2021,9,14,6,3,5,3,0,1,1,0,0,799237.0931,5831941.483,13.41478395,52.55509756,0
895,115217,bike + car,11,1,1400940.0,2021,6,8,2,3,0,3,0,1,1,0,0,795861.8024,5832068.738,13.36525815,52.55808236,0
896,115220,car + pedestrian,11,3,3500936.0,2021,3,11,5,2,6,4,0,0,1,1,0,802139.8669,5831501.855,13.45706967,52.54955468,1
897,115222,bike + car,11,2,2500834.0,2021,9,17,7,3,2,6,1,1,1,0,1,802046.3726,5827074.679,13.45167285,52.50992585,0
898,115224,bike,11,4,4300414.0,2021,8,15,7,3,5,2,0,1,0,0,0,791846.8636,5826592.214,13.30139393,52.51115322,0
899,115228,bike + pedestrian,11,2,2200209.0,2021,6,10,4,3,2,4,0,1,0,1,0,797772.573,5824636.396,13.38670595,52.49041922,0
900,115229,car,11,2,2500729.0,2021,4,7,1,3,1,7,0,0,1,0,1,803554.8006,5827586.444,13.47429793,52.51367542,0
901,115232,car,11,1,1300836.0,2021,1,18,3,2,5,2,2,0,1,0,0,796201.537,5830191.629,13.36858051,52.54107134,1
902,115237,car,11,9,9100306.0,2021,11,0,6,3,0,7,2,0,1,0,0,802969.5685,5821182.369,13.45987958,52.45660151,0
903,115238,car,11,3,3200205.0,2021,10,14,3,3,5,3,0,0,1,0,1,798114.3654,5835733.138,13.40168158,52.58969999,0
904,115240,bike + car,11,2,2500834.0,2021,7,18,3,3,5,2,0,1,1,0,0,802035.0297,5827023.689,13.45145995,52.5094751,0
905,115244,bike + car,11,4,4300414.0,2021,8,19,3,3,5,2,1,1,1,0,0,791024.9822,5826458.032,13.28920021,52.51038941,0
906,115245,car + pedestrian,11,2,2100101.0,2021,5,16,1,2,6,2,0,0,1,1,1,797025.4864,5825883.779,13.37684725,52.50200772,1
907,115246,car,11,4,4100101.0,2021,12,12,4,3,2,6,0,0,1,0,1,791265.5844,5829827.208,13.29568654,52.54046529,0
908,115247,bike + car,11,3,3300517.0,2021,10,9,5,3,5,3,0,1,1,0,1,803319.1692,5833642.56,13.47636516,52.56808575,0
909,115252,bike + car,11,6,6300527.0,2021,9,13,4,3,5,2,0,1,1,0,0,790291.8532,5818366.836,13.27138554,52.43824089,0
910,115253,bike + car,11,1,1400940.0,2021,11,8,2,3,5,3,0,1,1,0,1,795877.854,5832063.731,13.36548977,52.55802876,0
911,115254,bike + car,11,10,10100210.0,2021,9,20,4,3,3,6,2,1,1,0,0,808274.3962,5831917.631,13.54764348,52.54984405,0
912,115256,car,11,7,7501133.0,2021,6,11,2,3,2,6,0,0,1,0,0,798041.9116,5819017.229,13.38564272,52.43990277,0
913,115263,bike + car,11,3,3500936.0,2021,8,17,6,3,2,6,0,1,1,0,0,801829.8011,5831386.955,13.45240627,52.54869672,0
914,115265,bike + car,11,3,3300517.0,2021,5,8,6,3,5,2,0,1,1,0,1,803324.592,5833647.293,13.47644925,52.56812514,0
915,115266,car,11,12,12100205.0,2021,12,14,3,3,2,6,0,0,1,0,2,794558.8474,5833836.013,13.34766337,52.57463093,0
916,115269,bike + pedestrian,11,7,7400824.0,2021,6,18,1,3,6,7,0,1,0,1,0,797844.4407,5822094.773,13.38549107,52.46759725,0
917,115273,car + pedestrian,11,1,1100102.0,2021,1,5,5,3,6,2,2,0,1,1,1,796420.6609,5826329.247,13.36835955,52.50632981,0
918,115277,bike + car,11,3,3601141.0,2021,11,17,5,3,5,2,1,1,1,0,0,799220.7687,5831454.912,13.41410536,52.55074519,0
919,115278,bike,11,4,4200206.0,2021,10,9,5,2,9,1,0,1,0,0,0,786462.0022,5825927.433,13.22169313,52.50804763,1
920,115280,car,11,12,12100103.0,2021,7,10,3,3,5,3,0,0,1,0,0,795421.7279,5833562.357,13.36011558,52.57171017,0
921,115285,car,11,2,2200208.0,2021,5,15,2,3,2,2,0,0,1,0,0,797873.2738,5825445.001,13.38890769,52.49761247,0
922,115286,bike + car,11,11,11300722.0,2021,9,12,3,3,2,2,0,1,1,0,0,804235.9806,5827518.658,13.48424296,52.51268837,0
923,115288,car,11,4,4400726.0,2021,6,23,1,3,8,1,2,0,1,0,0,790872.0386,5824707.697,13.28542393,52.49477919,0
924,115291,bike + car,11,7,7501133.0,2021,3,8,4,3,5,2,0,1,1,0,0,798225.9006,5818769.853,13.38812075,52.43758502,0
925,115294,bike,11,3,3601245.0,2021,8,18,3,3,0,7,0,1,0,0,0,800203.3069,5831120.398,13.42825039,52.54720625,0
926,115295,car,11,6,6300527.0,2021,5,16,3,3,2,6,0,0,1,0,0,790620.5746,5818559.769,13.27637553,52.43979599,0
927,115296,car,11,4,4100101.0,2021,12,11,3,3,2,6,0,0,1,0,0,791127.1042,5829357.44,13.29323882,52.53632788,0
928,115297,car,11,4,4200308.0,2021,10,12,7,3,2,6,0,0,1,0,0,790416.4396,5827768.394,13.2814024,52.52246121,0
929,115299,bike + car,11,12,12100101.0,2021,7,15,2,3,5,2,0,1,1,0,0,795828.3672,5832341.796,13.36500979,52.56054822,0
930,115300,car,11,7,7100205.0,2021,4,17,6,3,2,6,0,0,1,0,0,796071.2918,5825473.918,13.3624666,52.49885225,0
931,115303,car,11,7,7400927.0,2021,4,6,3,3,2,6,0,0,1,0,0,799411.0331,5821538.273,13.40798451,52.46175272,0
932,115308,bike + car,11,2,2200208.0,2021,5,8,2,3,5,2,0,1,1,0,0,797898.3349,5825432.554,13.38926464,52.49748722,0
933,115319,bike + pedestrian,11,2,2500729.0,2021,8,14,2,3,6,4,0,1,0,1,0,803474.3464,5827595.52,13.47312427,52.51380154,0
934,115320,bike + car,11,6,6300527.0,2021,5,7,4,3,1,1,0,1,1,0,0,790364.8435,5818432.059,13.27251295,52.43878689,0
935,115325,car,11,2,2500729.0,2021,6,13,7,3,2,6,0,0,1,0,0,803526.8071,5827605.271,13.47390386,52.51385974,0
936,115331,car,11,10,10300733.0,2021,9,7,5,3,5,3,0,0,1,0,1,808930.197,5827407.125,13.55309359,52.50905064,0
937,115332,car,11,1,1400940.0,2021,12,16,3,3,5,3,1,0,1,0,1,795878.6791,5832059.299,13.36549796,52.55798859,0
938,115334,bike + car,11,6,6300526.0,2021,3,14,2,3,5,2,0,1,1,0,1,789579.0102,5817961.181,13.26057679,52.43498193,0
939,115337,car,11,3,3400826.0,2021,4,16,5,3,3,6,0,0,1,0,0,799142.3576,5832305.623,13.41371895,52.55841353,0
940,115340,bike + car,11,2,2200208.0,2021,8,12,5,3,5,2,0,1,1,0,0,797898.3349,5825432.554,13.38926464,52.49748722,0
941,115341,bike,11,3,3501037.0,2021,11,7,3,2,0,1,0,1,0,0,1,802770.575,5832785.415,13.46751364,52.56070876,1
942,115342,car + pedestrian,11,9,9200613.0,2021,9,12,3,3,6,2,0,0,1,1,0,805458.105,5822258.8,13.49737515,52.46486404,0
943,115344,car,11,12,12400723.0,2021,7,13,2,3,2,6,0,0,1,0,0,791885.3908,5839005.453,13.31288257,52.62241325,0
944,115348,car + pedestrian,11,1,1100310.0,2021,3,19,2,2,6,4,2,0,1,1,1,799785.9017,5828602.456,13.41984191,52.52486687,1
945,115352,car,11,1,1100104.0,2021,8,22,7,3,2,6,2,0,1,0,0,796218.6357,5825862.704,13.36497662,52.50225741,0
946,115357,car,11,3,3701657.0,2021,6,14,6,3,2,6,0,0,1,0,0,800310.2512,5830043.229,13.42884905,52.53749237,0
947,115365,bike + car,11,10,10300733.0,2021,12,18,2,3,5,3,2,1,1,0,0,809660.1683,5827317.94,13.5637321,52.50783755,0
948,115366,car,11,7,7300619.0,2021,10,19,5,3,2,6,1,0,1,0,1,795220.9047,5822902.26,13.34769781,52.47625983,0
949,115367,bike + car,11,4,4200206.0,2021,7,12,7,3,1,5,0,1,1,0,0,787877.4353,5825954.276,13.24251411,52.50754321,0
950,115372,car,11,2,2400521.0,2021,8,22,1,3,8,1,2,0,1,0,0,800970.3627,5827852.244,13.43656921,52.51749004,0
951,115373,bike + car,11,1,1100310.0,2021,10,14,1,3,0,2,0,1,1,0,0,799792.4349,5828612.935,13.41994737,52.5249572,0
952,115374,car,11,5,5200528.0,2021,9,11,4,3,5,2,0,0,1,0,0,783515.2877,5826712.876,13.17906168,52.51662957,0
953,115382,bike + car,11,3,3601451.0,2021,9,12,5,3,5,2,0,1,1,0,0,800767.345,5829819.755,13.4353659,52.53523727,0
954,115383,car,11,10,10100312.0,2021,8,15,4,3,2,6,0,0,1,0,0,807669.2504,5829970.436,13.53694371,52.53273555,0
955,115384,car,11,7,7601236.0,2021,5,8,4,3,2,2,0,0,1,0,0,796602.3502,5816010.29,13.36186011,52.41373054,0
956,115385,car,11,1,1100207.0,2021,12,11,5,3,2,6,0,0,1,0,1,798638.483,5827034.88,13.40157234,52.51144542,0
957,115387,bike + pedestrian,11,3,3400620.0,2021,6,9,4,3,6,4,0,1,0,1,0,798013.3179,5833719.831,13.39838424,52.57170897,0
958,115388,car,11,4,4400830.0,2021,4,17,5,3,2,6,0,0,1,0,0,792306.1337,5823564.494,13.30548504,52.48376444,0
959,115391,car,11,12,12100101.0,2021,1,1,2,3,5,7,2,0,1,0,1,795828.037,5832343.686,13.36500662,52.56056534,0
960,115394,car + pedestrian,11,7,7501135.0,2021,4,10,6,3,6,7,0,0,1,1,0,798846.8789,5817304.102,13.39591876,52.42410734,0
961,115397,car,11,8,8200622.0,2021,11,14,7,3,2,6,0,0,1,0,1,802090.1096,5821851.669,13.44758153,52.46308734,0
962,115400,bike,11,3,3601142.0,2021,7,2,4,3,2,6,2,1,0,0,1,799163.0268,5830607.422,13.41249291,52.54318047,0
963,115404,bike,11,3,3601139.0,2021,8,19,1,3,0,1,0,1,0,0,0,799225.8742,5832014.452,13.41468474,52.55575777,0
964,115408,car,11,4,4501148.0,2021,6,18,7,3,8,1,0,0,1,0,0,792627.744,5823353.668,13.31002254,52.48170218,0
965,115414,car,11,3,3701657.0,2021,6,8,3,3,2,6,0,0,1,0,0,800003.5034,5830309.363,13.42458022,52.54004677,0
966,115416,car,11,7,7400720.0,2021,10,8,2,3,2,6,0,0,1,0,0,797823.5764,5822490.992,13.38553853,52.47116029,0
967,115417,bike + car,11,4,4300414.0,2021,3,16,3,3,5,2,0,1,1,0,0,791855.8875,5826593.765,13.30152788,52.5111623,0
968,115423,car,11,4,4100102.0,2021,9,17,6,3,2,6,0,0,1,0,0,791527.8389,5829160.647,13.29895775,52.53434945,0
969,115424,bike + car,11,3,3601451.0,2021,11,5,3,3,5,3,2,1,1,0,1,801005.9477,5829623.609,13.43869542,52.53334746,0
970,115425,car,11,2,2500835.0,2021,10,20,2,3,4,7,2,0,1,0,0,802141.9085,5826113.124,13.45220365,52.5012545,0
971,115427,bike,11,4,4300621.0,2021,7,20,3,2,0,2,1,1,0,0,0,792384.0242,5826703.703,13.30938453,52.51186504,1
972,115434,bike + car,11,4,4200310.0,2021,8,17,5,3,5,3,0,1,1,0,0,790254.6687,5826331.512,13.27777122,52.50966557,0
973,115436,car,11,1,2400520.0,2021,5,20,4,3,2,6,1,0,1,0,0,799793.4001,5828679.678,13.42002172,52.52555492,0
974,115440,car,11,7,7501135.0,2021,6,19,7,3,5,2,0,0,1,0,0,798881.5821,5817221.652,13.39635394,52.42334931,0
975,115446,car,11,2,2200208.0,2021,12,19,2,3,2,6,2,0,1,0,1,797844.8639,5825011.23,13.38810259,52.49373973,0
976,115447,car,11,2,2100101.0,2021,10,10,5,3,5,2,0,0,1,0,1,797866.1764,5825500.474,13.38885306,52.49811359,0
977,115450,bike + car,11,3,3601452.0,2021,6,18,3,3,5,2,0,1,1,0,0,801433.9662,5829173.243,13.44457808,52.52907426,0
978,115453,bike + car,11,9,9100305.0,2021,2,20,2,3,5,3,2,1,1,0,0,805147.852,5822568.757,13.49310587,52.46781541,0
979,115456,car,11,9,9100203.0,2021,7,14,7,3,2,7,0,0,1,0,0,804168.368,5823519.231,13.47959819,52.47688046,0
980,115458,bike + car,11,1,1100310.0,2021,12,19,3,3,3,2,2,1,1,0,0,799571.012,5828269.929,13.41638443,52.5220044,0
981,115459,car,11,4,4400727.0,2021,10,7,5,3,2,6,0,0,1,0,0,791655.2298,5824286.441,13.29655873,52.49058472,0
982,115463,car,11,12,12200414.0,2021,4,0,7,3,8,1,2,0,1,0,0,791862.911,5831369.927,13.3058249,52.55397574,0
983,115467,bike + car,11,3,3601449.0,2021,11,19,1,3,1,5,2,1,1,0,1,801011.3286,5830594.723,13.43965417,52.54204871,0
984,115470,bike + car,11,11,11300722.0,2021,7,15,3,3,2,6,0,1,1,0,0,803778.7922,5827580.785,13.47758338,52.5135,0
985,115474,car,11,4,4400830.0,2021,7,16,2,3,8,1,0,0,1,0,0,792063.3455,5823862.24,13.30218077,52.48656362,0
986,115484,car,11,6,6300527.0,2021,6,16,7,2,1,7,0,0,1,0,0,790726.328,5818643.664,13.27799992,52.44049192,1
987,115488,car,11,7,7400720.0,2021,2,16,6,3,2,6,0,0,1,0,0,797777.269,5823509.976,13.38576861,52.48031959,0
988,115491,car,11,7,7400823.0,2021,12,19,5,3,2,6,0,0,1,0,0,796854.4466,5822387.822,13.37122119,52.47076297,0
989,115492,bike + car,11,1,1300836.0,2021,10,8,4,3,5,2,0,1,1,0,1,796319.2263,5830073.464,13.3702054,52.53994813,0
990,115499,bike + car,11,4,4300414.0,2021,8,8,3,3,0,2,0,1,1,0,1,791564.8657,5826544.665,13.29720875,52.51087776,0
991,115500,bike + pedestrian,11,10,10100311.0,2021,11,13,2,3,6,7,0,1,0,1,0,808048.9874,5827445.904,13.54018635,52.50989646,0
992,115503,car,11,4,4200310.0,2021,7,6,5,2,2,6,0,0,1,0,0,789168.5385,5826160.711,13.26166366,52.50871113,1