,ObjectID,vehicle_types,State,District,LOR_ab_2021,AccidentYear,AccidentMonth,AccidentHour,DayOfWeek,AccidentCategory,AccidentType,AccidentTypeDetail,LightingCondition,InvolvingBike,InvolvingCar,InvolvingPedestrian,RoadCondition,GraphicCoord1,GraphicCoord2,LongitudeWGS84,LatitudeWGS84,accident_outcome
993,115511,car,11,7,7601547.0,2021,5,8,6,2,0,7,0,0,1,0,0,800466.1569,5812468.585,13.41532357,52.37987693,1
994,115515,car,11,1,1100310.0,2021,6,10,6,3,2,6,0,0,1,0,0,799692.5916,5828505.978,13.41838371,52.5240534,0
995,115519,car + pedestrian,11,3,3601142.0,2021,2,16,3,3,6,7,2,0,1,1,1,799165.5228,5830386.212,13.4123304,52.54119629,0
996,115522,car,11,2,2500727.0,2021,5,16,7,3,2,6,0,0,1,0,0,802561.7282,5827688.7,13.45980161,52.5151437,0
997,115523,bike,11,2,2500727.0,2021,5,12,2,3,0,6,0,1,0,0,0,802146.2533,5827747.788,13.45375122,52.51590362,0
998,115525,car,11,3,3100101.0,2021,10,14,5,3,2,6,0,0,1,0,1,800210.2312,5839286.126,13.43574933,52.62039314,0
999,115531,bike,11,10,10400940.0,2021,8,14,7,2,0,7,0,1,0,0,0,812196.1132,5827147.555,13.60081637,52.50486553,1
1000,115532,bike + car,11,3,3400721.0,2021,11,13,2,3,5,2,0,1,1,0,1,798082.9611,5833574.57,13.39927825,52.57036878,0
1001,115538,bike,11,1,1100311.0,2021,2,16,1,3,5,2,0,1,0,0,0,800165.8512,5828031.697,13.4249104,52.51954193,0
1002,115543,car,11,7,7400824.0,2021,8,5,1,3,5,2,0,0,1,0,0,797848.5281,5822307.39,13.38574086,52.46950089,0
1003,115544,car,11,3,3601142.0,2021,5,8,7,2,5,2,0,0,1,0,0,799141.8061,5830374.505,13.4119712,52.54110438,1
1004,115548,car,11,12,12400723.0,2021,6,2,1,3,9,1,2,0,1,0,0,791813.508,5839299.6,13.31208333,52.62508876,0
1005,115549,car,11,1,1300836.0,2021,4,10,2,3,2,6,0,0,1,0,0,796213.7884,5830220.113,13.36878603,52.54132001,0
1006,115556,car + pedestrian,11,1,1100310.0,2021,11,7,4,3,6,2,2,0,1,1,1,799791.6383,5828611.657,13.41993451,52.52494619,0
1007,115557,car,11,4,4400830.0,2021,10,16,2,3,2,6,0,0,1,0,0,792209.2353,5823676.429,13.30416029,52.48481979,0
1008,115559,bike + car,11,12,12100204.0,2021,7,14,5,3,1,5,0,1,1,0,0,795759.3724,5832649.126,13.3642689,52.56334061,0
1009,115563,car,11,7,7400824.0,2021,8,13,7,3,0,7,0,0,1,0,0,797349.1362,5822327.457,13.37842867,52.46995282,0
1010,115564,car,11,6,6400735.0,2021,5,1,4,3,0,1,2,0,1,0,0,778573.4275,5814897.649,13.09655865,52.41322702,0
1011,115568,bike + car,11,6,6300526.0,2021,6,10,2,3,5,2,0,1,1,0,0,789579.6468,5817961.003,13.26058598,52.43498,0
1012,115574,car,11,9,9100409.0,2021,9,21,4,2,3,6,2,0,1,0,1,806567.8035,5818308.095,13.51003355,52.42883483,1
1013,115577,car,11,7,7501030.0,2021,3,15,2,3,5,7,0,0,1,0,1,797918.5341,5820156.317,13.3848487,52.45018072,0
1014,115580,bike,11,4,4200310.0,2021,4,14,4,3,0,1,0,1,0,0,0,789832.9371,5826243.802,13.27149815,52.50910347,0
1015,115583,car,11,8,8200622.0,2021,9,15,6,3,2,6,0,0,1,0,0,802062.5448,5821856.877,13.44718175,52.46314925,0
1016,115584,car,11,3,3400828.0,2021,11,16,2,3,5,3,1,0,1,0,0,800173.8223,5832247.771,13.42883612,52.55732743,0
1017,115585,bike + car,11,12,12400723.0,2021,10,16,2,3,5,2,0,1,1,0,0,791888.6087,5838992.367,13.31291842,52.62229421,0
1018,115587,bike,11,1,1100311.0,2021,7,8,3,3,0,7,0,1,0,0,0,800072.1154,5828070.788,13.42356832,52.5199439,0
1019,115595,bike + car,11,7,7601442.0,2021,5,6,4,3,5,7,0,1,1,0,0,799683.6742,5815208.742,13.40631217,52.40486749,0
1020,115607,bike + car,11,7,7400824.0,2021,10,17,7,3,1,5,0,1,1,0,0,797834.9232,5822252.26,13.38549196,52.46901413,0
1021,115613,car,11,10,10300734.0,2021,11,17,2,3,2,6,2,0,1,0,0,810336.6929,5827083.145,13.5734493,52.50534904,0
1022,115614,bike,11,9,9100305.0,2021,9,10,3,2,0,1,0,1,0,0,0,804509.4389,5823189.906,13.48430389,52.47373877,1
1023,115616,car,11,7,7400721.0,2021,6,10,1,3,2,6,0,0,1,0,0,797828.3069,5822743.214,13.38583315,52.4734186,0
1024,115619,bike + car,11,9,9100202.0,2021,3,21,1,3,5,5,2,1,1,0,1,802930.858,5824726.478,13.46253005,52.48838873,0
1025,115621,bike + car,11,12,12400721.0,2021,9,14,1,3,1,5,0,1,1,0,0,791015.6182,5841218.821,13.30201962,52.64272191,0
1026,115624,car + pedestrian,11,7,7200308.0,2021,12,16,6,3,6,2,2,0,1,1,1,795242.8346,5823529.518,13.34857516,52.48187091,0
1027,115627,car,11,1,1100205.0,2021,6,14,2,3,1,5,0,0,1,0,0,797128.4722,5826745.826,13.37912936,52.50967897,0
1028,115631,car,11,7,7300619.0,2021,1,10,4,3,3,2,0,0,1,0,1,795638.2603,5823236.336,13.35412109,52.47902882,0
1029,115635,car,11,12,12100205.0,2021,12,15,4,3,2,6,1,0,1,0,1,794557.8625,5833881.034,13.34768887,52.57503504,0
1030,115636,bike + car,11,4,4300414.0,2021,10,10,3,3,2,2,0,1,1,0,1,791845.7789,5826592.029,13.30137783,52.51115215,0
1031,115637,car,11,2,2400521.0,2021,7,7,2,3,5,2,0,0,1,0,0,800372.9887,5827974.204,13.42790211,52.51891254,0
1032,115640,car,11,4,4300414.0,2021,8,14,1,3,5,2,0,0,1,0,1,791570.1382,5826545.567,13.29728701,52.51088303,0
1033,115641,car,11,7,4501153.0,2021,11,15,4,3,2,6,0,0,1,0,0,794429.1214,5823089.821,13.33623919,52.47836863,0
1034,115642,car,11,7,4501153.0,2021,9,5,1,2,9,1,2,0,1,0,0,794221.233,5823025.56,13.3331303,52.47790459,1
1035,115644,bike + car,11,12,12400723.0,2021,6,17,4,2,5,2,1,1,1,0,0,791883.4019,5839013.549,13.31286042,52.6224869,1
1036,208100,car,11,4,4500936.0,2021,1,16,7,3,5,2,1,0,1,0,0,792089.6582,5825771.812,13.30424153,52.50366853,0
1037,208137,car,11,4,4300414.0,2021,1,11,1,3,5,2,0,0,1,0,1,790974.116,5826670.181,13.2886383,52.51231845,0
1038,208187,car,11,11,11200411.0,2021,1,0,1,3,0,2,2,0,1,0,1,805705.3331,5831358.701,13.50935847,52.54628256,0
1039,208214,car,11,5,5400942.0,2021,1,0,7,3,9,1,2,0,1,0,1,783785.2905,5822558.789,13.1794905,52.47924257,0
1040,208271,bike + car,11,2,2200210.0,2021,1,20,1,3,5,2,2,1,1,0,1,798311.4541,5825329.351,13.39523971,52.49633648,0
1041,208322,car + pedestrian,11,11,11100204.0,2021,1,7,2,2,6,4,2,0,1,1,1,806555.4587,5833551.868,13.52388131,52.56546025,1
1042,208361,car + pedestrian,11,9,9200819.0,2021,1,1,1,3,6,4,2,0,1,1,0,810203.5192,5819613.968,13.56454829,52.43848861,0
1043,208376,bike + car,11,2,2500727.0,2021,1,19,2,3,5,2,2,1,1,0,1,802638.4829,5827920.207,13.46113983,52.51717609,0
1044,208457,car,11,1,1200628.0,2021,1,12,7,3,2,6,0,0,1,0,0,795713.819,5828192.436,13.35963144,52.52341529,0
1045,208496,bike,11,9,9200717.0,2021,1,10,7,3,0,1,0,1,0,0,1,809148.4988,5819519.491,13.54898983,52.43823926,0
1046,208510,car,11,5,5300839.0,2021,1,15,7,3,5,2,0,0,1,0,0,789018.1024,5829783.079,13.26260159,52.5412664,0
1047,208547,car,11,12,12500928.0,2021,1,23,6,3,8,1,2,0,1,0,1,792102.5724,5837669.144,13.31490159,52.61031719,0
1048,208581,bike,11,11,11200411.0,2021,1,12,6,3,0,1,0,1,0,0,1,805048.1006,5831501.247,13.4998273,52.5479285,0
1049,208597,car + pedestrian,11,1,1200520.0,2021,1,18,2,3,6,2,2,0,1,1,1,794063.7798,5828469.151,13.33562594,52.52678829,0
1050,208623,bike + car,11,4,4501043.0,2021,1,13,7,3,2,2,0,1,1,0,0,792329.2377,5825256.603,13.30730887,52.4989215,0
1051,208639,car,11,12,12200411.0,2021,1,13,2,3,2,6,0,0,1,0,1,792947.8206,5832179.836,13.32249588,52.56065372,0
1052,208679,car,11,5,5100211.0,2021,1,16,1,3,5,2,2,0,1,0,2,781908.5137,5829573.923,13.15787177,52.54311606,0
1053,208783,bike + car,11,1,1200522.0,2021,1,11,2,3,5,7,0,1,1,0,1,793822.7262,5828155.65,13.33180593,52.5241079,0
1054,208821,car,11,1,1300836.0,2021,1,9,1,3,8,1,0,0,1,0,2,797247.064,5831130.741,13.38479208,52.54892002,0
1055,208875,car,11,9,9501838.0,2021,1,21,7,1,8,1,2,0,1,0,1,820448.5872,5819536.522,13.71468176,52.43188902,1
1056,208904,car,11,10,10300734.0,2021,1,12,7,3,2,6,0,0,1,0,1,810017.365,5827161.418,13.56883249,52.50623202,0
1057,208917,car,11,1,1100101.0,2021,1,17,7,3,5,3,2,0,1,0,0,795324.9179,5826261.255,13.35220195,52.50631455,0
1058,208955,car + pedestrian,11,7,7100101.0,2021,1,17,7,2,6,2,2,0,1,1,0,794962.4953,5824924.375,13.34569355,52.4945264,1
1059,209005,car + pedestrian,11,9,9100101.0,2021,1,20,2,3,6,2,2,0,1,1,1,802326.8162,5825310.216,13.45419066,52.49395562,0
1060,209031,car + pedestrian,11,4,4501149.0,2021,1,8,2,3,6,4,1,0,1,1,1,793477.6376,5824497.912,13.32350926,52.49150376,0
1061,209057,car,11,7,7400721.0,2021,1,18,2,3,1,7,2,0,1,0,1,797546.3336,5823049.369,13.38196712,52.47631662,0
1062,209111,bike,11,1,1100310.0,2021,1,17,6,3,0,1,2,1,0,0,1,799634.0555,5828547.551,13.41756095,52.5244582,0
1063,209138,car,11,4,4501045.0,2021,1,18,1,3,5,7,0,0,1,0,1,793917.457,5825315.053,13.33068955,52.4985924,0
1064,209225,car,11,4,4501045.0,2021,1,14,2,3,5,3,0,0,1,0,0,793965.8567,5824962.066,13.33108895,52.49540198,0
1065,209234,bike + car,11,4,4400834.0,2021,1,10,2,3,5,3,0,1,1,0,1,792746.9398,5823119.583,13.31156721,52.47953977,0
1066,209240,bike + car,11,9,9200510.0,2021,2,16,3,3,5,3,0,1,1,0,0,806411.1472,5822970.435,13.51201345,52.47070838,0
1067,209243,bike + car,11,6,6100204.0,2021,2,19,6,3,5,3,2,1,1,0,2,795396.574,5820130.494,13.34782349,52.4513178,0
1068,209247,car,11,1,1300731.0,2021,2,19,1,3,5,3,2,0,1,0,0,797496.3851,5832915.439,13.39005775,52.56478144,0
1069,209248,car,11,5,5200524.0,2021,2,12,2,3,1,7,0,0,1,0,0,780184.5551,5827867.351,13.13107826,52.52870297,0
1070,209250,car,11,4,4300416.0,2021,3,22,2,2,5,3,2,0,1,0,0,791924.255,5826239.278,13.30222152,52.5079478,1
1071,209252,car,11,5,5300736.0,2021,1,13,4,3,5,3,0,0,1,0,0,786142.4785,5829359.682,13.21995128,52.53898811,0
1072,209253,car + pedestrian,11,1,1100308.0,2021,1,17,3,3,6,2,2,0,1,1,1,797572.1292,5828596.148,13.38730226,52.52602308,0
1073,209254,car,11,3,3500934.0,2021,3,13,2,2,5,3,0,0,1,0,0,800677.654,5831577.962,13.43563893,52.55104589,1
1074,209257,car,11,10,10400939.0,2021,3,18,5,3,5,3,2,0,1,0,0,813006.615,5827610.884,13.61315429,52.50855311,0
1075,209258,car,11,4,4100101.0,2021,1,14,2,3,5,3,0,0,1,0,0,790515.5001,5829777.109,13.28461389,52.54041658,0
1076,209259,bike + car,11,9,9501939.0,2021,2,8,6,3,1,5,1,1,1,0,1,810696.8163,5821848.968,13.57386055,52.45823785,0
1077,209260,car,11,4,4500939.0,2021,2,18,2,3,5,2,2,0,1,0,2,792440.9697,5824104.655,13.30793894,52.48853468,0
1078,209261,bike + car,11,1,1100309.0,2021,3,19,6,3,1,5,2,1,1,0,0,798202.5891,5828999.499,13.39692959,52.52929411,0
1079,209262,car,11,6,6200316.0,2021,2,6,4,3,2,6,2,0,1,0,1,796020.5414,5817677.42,13.35480584,52.4289902,0
1080,209263,car + pedestrian,11,8,8100417.0,2021,1,11,2,2,6,2,0,0,1,1,1,802546.4085,5822994.509,13.45531369,52.47307824,1
1081,209264,bike + car,11,7,7601340.0,2021,3,14,3,3,5,2,0,1,1,0,0,796460.3402,5815899.352,13.35968001,52.41281298,0
1082,209265,car,11,12,12500825.0,2021,1,22,7,2,0,3,2,0,1,0,0,792542.279,5835162.836,13.31916235,52.58761297,1
1083,209266,car + pedestrian,11,8,8100419.0,2021,2,13,5,3,6,2,0,0,1,1,0,802385.4876,5824033.102,13.45389349,52.48247631,0
1084,209267,car + pedestrian,11,1,1200522.0,2021,3,16,1,2,6,4,0,0,1,1,0,793724.5833,5827917.753,13.3301534,52.52202816,1
1085,209269,car,11,7,7400720.0,2021,3,16,4,3,3,6,0,0,1,0,1,797186.9624,5823737.792,13.37730503,52.48268329,0
1086,209272,car + pedestrian,11,9,9200511.0,2021,3,15,1,3,6,4,0,0,1,1,0,806758.2809,5822288.513,13.51648099,52.46440199,0
1087,209274,bike + car,11,11,11300722.0,2021,1,7,5,3,5,3,2,1,1,0,1,804309.4241,5828168.384,13.48591607,52.51847064,0
1088,209275,car + pedestrian,11,9,9401534.0,2021,2,18,3,3,6,2,2,0,1,1,1,811358.9558,5820172.312,13.58201142,52.4428357,0
1089,209276,car,11,9,9200818.0,2021,1,15,6,3,2,6,0,0,1,0,1,809784.3929,5820546.994,13.55926711,52.44708776,0
1090,209277,car + pedestrian,11,4,4501043.0,2021,3,0,2,3,6,4,2,0,1,1,0,792326.4168,5825322.174,13.30732498,52.49951083,0
1091,209278,car,11,12,12200515.0,2021,2,17,6,3,2,6,1,0,1,0,1,790282.382,5834517.93,13.28533362,52.58304212,0
1092,209280,car,11,5,5100315.0,2021,3,16,3,3,2,2,0,0,1,0,0,784415.8022,5829932.991,13.19505199,52.54503239,0
1093,209282,car + pedestrian,11,4,4300416.0,2021,1,20,3,3,6,2,2,0,1,1,1,791936.7535,5826095.589,13.30227914,52.50665297,0
1094,209283,bike + car,11,8,8200833.0,2021,1,13,2,3,1,5,0,1,1,0,1,802372.9878,5817403.923,13.44770798,52.42306505,0
1095,209284,bike + car,11,8,8100209.0,2021,3,16,4,3,5,2,0,1,1,0,0,801810.2526,5821967.604,13.44357959,52.46428113,0
1096,209286,car,11,4,4300622.0,2021,2,8,6,3,2,6,0,0,1,0,1,793147.5861,5826900.908,13.32077749,52.51322308,0
1097,209287,car,11,1,1100102.0,2021,2,14,4,3,2,6,0,0,1,0,1,795253.8682,5827307.946,13.35208673,52.51573579,0
1098,209288,car + pedestrian,11,4,4400830.0,2021,1,11,4,3,6,4,0,0,1,1,0,791197.1352,5822734.938,13.28847547,52.47692004,0
1099,209289,car,11,4,4501045.0,2021,3,16,2,3,2,2,0,0,1,0,0,793469.7269,5824747.253,13.32361271,52.49374326,0
1100,209290,car,11,2,2300418.0,2021,2,14,6,3,1,5,0,0,1,0,0,801104.4111,5825221.08,13.43615913,52.49383237,0
1101,209291,bike + car,11,4,4200311.0,2021,1,15,2,3,5,2,0,1,1,0,1,790166.9872,5825424.324,13.27569218,52.50157915,0
1102,209293,car,11,7,7200413.0,2021,2,8,5,3,2,6,0,0,1,0,0,796402.9085,5823371.292,13.36546723,52.47982411,0
1103,209294,car,11,1,1200517.0,2021,3,19,2,3,5,2,2,0,1,0,0,793534.2359,5829127.78,13.32842421,52.53297794,0
1104,209296,car + pedestrian,11,8,8200832.0,2021,3,9,5,3,6,4,0,0,1,1,0,801572.9972,5817392.279,13.43596848,52.42340213,0
1105,209299,car,11,2,2300314.0,2021,3,18,1,3,5,7,2,0,1,0,0,799884.8676,5825911.568,13.41887146,52.50069291,0
1106,209300,bike + car,11,4,4300624.0,2021,2,18,5,3,5,3,2,1,1,0,1,793280.8442,5826149.486,13.32207343,52.50641525,0
1107,209301,bike + car,11,1,1100207.0,2021,2,10,5,2,5,3,0,1,1,0,1,798022.5414,5826590.177,13.39212494,52.50779607,1
1108,209302,car,11,4,4501147.0,2021,1,14,6,3,2,6,0,0,1,0,0,793270.2357,5823951.133,13.31998207,52.48671356,0
1109,209304,car,11,1,1200517.0,2021,2,18,3,3,2,6,2,0,1,0,1,793400.5348,5829557.561,13.32683819,52.53690269,0
1110,209305,bike + pedestrian,11,5,5300841.0,2021,3,16,6,3,6,4,0,1,0,1,0,789396.6938,5829303.71,13.26775092,52.53676783,0
1111,209306,car,11,5,5200528.0,2021,3,14,4,3,5,2,0,0,1,0,1,783904.3307,5826604.715,13.18468733,52.51545739,0
1112,209307,bike + car,11,1,1100312.0,2021,2,13,2,3,5,3,0,1,1,0,0,799457.4638,5827067.389,13.41363352,52.51128783,0
1113,209308,car,11,9,9200511.0,2021,3,16,6,3,2,1,0,0,1,0,0,807201.9303,5822183.509,13.52289421,52.46321168,0
1114,209310,car + pedestrian,11,3,3200308.0,2021,1,16,2,3,6,7,1,0,1,1,0,799573.8748,5837422.673,13.4246901,52.60404187,0
1115,209311,bike + pedestrian,11,1,1300732.0,2021,2,17,4,3,0,7,0,1,0,1,0,797213.7475,5832052.082,13.38512699,52.55719688,0
1116,209312,car,11,8,8100207.0,2021,3,18,6,2,9,1,2,0,1,0,0,801110.0287,5823523.769,13.4347083,52.47861582,1
1117,209313,car,11,9,9200511.0,2021,2,14,4,3,5,3,0,0,1,0,1,807853.1108,5822055.482,13.53233084,52.46169783,0
1118,209316,car + pedestrian,11,6,6400844.0,2021,2,19,4,3,6,2,2,0,1,1,1,790148.7877,5819783.721,13.27051726,52.4510196,0
1119,209317,car,11,1,1300730.0,2021,3,2,7,3,5,3,2,0,1,0,0,796155.8054,5832265.798,13.36975812,52.55968899,0
1120,209318,bike + car,11,9,9301025.0,2021,3,17,5,3,1,1,0,1,1,0,1,810725.6271,5815558.791,13.56843887,52.40185096,0
1121,209321,car,11,11,11300617.0,2021,2,22,2,2,5,2,2,0,1,0,0,803070.1284,5829533.16,13.4689515,52.53139298,1
1122,209323,bike + pedestrian,11,2,2400521.0,2021,1,9,3,3,6,4,0,1,0,1,0,800826.1309,5828073.287,13.43464991,52.51955088,0
1123,209324,bike + car,11,11,11300617.0,2021,2,17,3,3,5,3,2,1,1,0,1,802942.5965,5829203.477,13.46677677,52.52850899,0
1124,209327,car,11,4,4200308.0,2021,2,23,1,3,2,6,2,0,1,0,1,788249.2906,5827804.86,13.24958113,52.52393816,0
1125,209328,car,11,2,2300316.0,2021,3,10,4,3,2,6,0,0,1,0,0,800907.2584,5826424.508,13.43435121,52.50472774,0
1126,209332,car + pedestrian,11,5,5200629.0,2021,1,13,3,2,6,2,0,0,1,1,2,784356.0094,5828104.465,13.1926079,52.52866896,1
1127,209334,car,11,6,6400844.0,2021,3,11,4,3,5,3,0,0,1,0,0,792707.8599,5821743.198,13.30978556,52.46722173,0
1128,209336,bike + car,11,9,9501838.0,2021,2,16,5,2,5,3,1,1,1,0,0,822194.1325,5819275.445,13.74001688,52.42852475,1
1129,209337,car,11,2,2100101.0,2021,2,10,2,3,0,7,0,0,1,0,2,797819.692,5825893.988,13.38852223,52.50166635,0
1130,209338,car + pedestrian,11,2,2300315.0,2021,1,10,3,3,6,2,0,0,1,1,1,800787.8474,5825815.362,13.432047,52.49933363,0
1131,209339,bike + car,11,1,1401043.0,2021,3,16,2,3,5,3,0,1,1,0,0,795846.415,5831130.538,13.36419575,52.54968068,0
1132,209340,bike + car,11,6,6200423.0,2021,2,14,6,3,3,6,0,1,1,0,0,794172.9268,5815151.764,13.3254894,52.40734512,0
1133,209341,car,11,12,12200309.0,2021,1,10,3,3,5,3,0,0,1,0,1,792764.8637,5832768.001,13.32032365,52.56602474,0
1134,209342,car + pedestrian,11,11,11100205.0,2021,1,17,2,3,6,4,2,0,1,1,1,805810.0038,5833785.739,13.51313326,52.56797547,0
1135,209343,bike + pedestrian,11,2,2500832.0,2021,1,17,6,3,6,4,2,1,0,1,0,803151.8596,5826876.085,13.46773135,52.50753269,0
1136,209344,bike + car,11,2,2100104.0,2021,2,15,1,3,5,3,0,1,1,0,0,799282.4992,5826219.381,13.41030067,52.50378271,0
1137,209345,bike + car,11,3,3200308.0,2021,3,15,2,3,5,2,0,1,1,0,1,799696.0289,5837333.227,13.42640747,52.60317282,0
1138,209346,bike + car,11,11,11400930.0,2021,3,16,6,3,5,2,1,1,1,0,0,806029.2174,5826603.799,13.50974437,52.50348603,0
1139,209347,bike + car,11,3,3100103.0,2021,1,14,5,3,5,7,0,1,1,0,0,804810.0787,5840646.304,13.50474158,52.63002257,0
1140,209349,car,11,8,8100521.0,2021,3,16,6,3,2,6,0,0,1,0,0,802870.9076,5821930.538,13.4591108,52.46336204,0
1141,209350,bike + car,11,1,1100308.0,2021,2,19,5,3,5,2,2,1,1,0,1,797542.6441,5828718.717,13.38697861,52.52713785,0
1142,209351,bike,11,5,5100104.0,2021,2,21,3,3,0,7,2,1,0,0,1,785205.3093,5831802.689,13.20826918,52.56138311,0
1143,209352,car,11,8,8200727.0,2021,1,9,7,3,1,5,0,0,1,0,1,801338.5003,5819439.844,13.43437571,52.44188439,0
1144,209353,bike + car,11,1,1100310.0,2021,3,7,3,3,2,2,0,1,1,0,0,798528.335,5828078.634,13.40089058,52.52086154,0
1145,209354,car,11,1,1100310.0,2021,2,18,3,3,5,2,2,0,1,0,1,799238.9633,5828468.117,13.41168334,52.52396318,0
1146,209356,car + pedestrian,11,3,3300411.0,2021,3,8,4,3,6,4,0,0,1,1,1,803868.166,5839176.144,13.48951661,52.61737418,0
1147,209357,car,11,6,6100209.0,2021,2,15,2,3,2,2,0,0,1,0,0,794769.1185,5820994.868,13.33938007,52.45940515,0
1148,209358,bike + car,11,2,2400521.0,2021,3,8,5,3,5,2,0,1,1,0,0,800682.8882,5828487.432,13.43291953,52.52334196,0
1149,209359,car + pedestrian,11,11,11300722.0,2021,1,6,5,2,6,4,2,0,1,1,1,804293.5443,5828442.64,13.48593363,52.52093755,1
1150,209360,bike + car,11,1,1100207.0,2021,1,19,3,2,5,3,2,1,1,0,1,797983.8751,5826889.512,13.39182489,52.51050036,1
1151,209361,car,11,9,9200715.0,2021,2,15,3,3,5,2,0,0,1,0,1,807223.6345,5818286.459,13.51962929,52.42827306,0
1152,209362,bike + car,11,4,4500938.0,2021,3,19,4,3,5,5,2,1,1,0,0,791495.8461,5824900.426,13.29475513,52.49617419,0
1153,209364,bike + car,11,9,9300920.0,2021,3,15,2,3,2,6,0,1,1,0,0,808521.7884,5817331.893,13.53778151,52.4189877,0
1154,209366,car,11,8,8200624.0,2021,1,15,4,3,5,3,0,0,1,0,0,801183.529,5820607.313,13.43315515,52.4524342,0
1155,209370,car,11,1,1100102.0,2021,1,14,4,3,2,6,0,0,1,0,1,795044.9654,5827224.672,13.34894327,52.51510235,0
1156,209371,car + pedestrian,11,2,2500832.0,2021,1,14,3,3,6,4,0,0,1,1,1,803066.453,5826969.182,13.46656157,52.50841455,0
1157,209374,car,11,1,1200517.0,2021,1,13,1,3,2,6,0,0,1,0,0,793865.3481,5830045.811,13.33410341,52.54102913,0
1158,209375,car,11,7,7300619.0,2021,3,15,5,3,5,3,0,0,1,0,0,795992.9886,5822770.335,13.35891546,52.47465935,0
1159,209376,bike + car,11,11,11100102.0,2021,3,7,5,3,5,2,0,1,1,0,0,808265.6068,5834028.399,13.54947476,52.56876523,0
1160,209377,bike + car,11,7,7501030.0,2021,1,22,4,3,1,5,2,1,1,0,0,797772.8985,5819924.579,13.38250542,52.44818277,0
1161,209378,car,11,2,2400623.0,2021,2,14,7,3,2,7,0,0,1,0,1,800320.0825,5827624.179,13.42680877,52.5158043,0
1162,209379,car + pedestrian,11,5,5200631.0,2021,2,14,2,3,6,4,0,0,1,1,2,784756.3897,5827316.794,13.19781947,52.52139768,0
1163,209380,bike,11,7,7400928.0,2021,3,13,5,3,7,7,0,1,0,0,1,800202.7065,5821536.331,13.41960032,52.46130098,0
1164,209381,car + pedestrian,11,6,6200312.0,2021,1,7,3,3,6,2,2,0,1,1,1,794389.2917,5819078.428,13.33211671,52.44242987,0
1165,209382,bike + car,11,7,7200409.0,2021,2,12,7,3,1,5,0,1,1,0,1,795685.3775,5824073.732,13.35555558,52.48650992,0
1166,209383,car,11,1,1300836.0,2021,2,15,6,3,1,5,0,0,1,0,1,796354.6662,5830762.343,13.37134098,52.54610394,0
1167,209384,bike + car,11,3,3701555.0,2021,3,18,4,3,5,3,2,1,1,0,0,799533.4963,5830089.503,13.41747256,52.53833462,0
1168,209385,car,11,4,4500939.0,2021,3,20,3,2,5,3,2,0,1,0,0,792337.4519,5824069.948,13.30638825,52.48827898,1
1169,209386,car + pedestrian,11,11,11401136.0,2021,2,9,2,3,6,2,0,0,1,1,0,806017.4071,5826406.179,13.50938931,52.50172152,0
1170,209388,car + pedestrian,11,2,2100106.0,2021,1,21,2,2,6,4,2,0,1,1,1,799886.6708,5825728.45,13.41873306,52.49905056,1
1171,209389,car + pedestrian,11,1,1300733.0,2021,1,14,1,3,6,2,0,0,1,1,0,797374.9011,5831200.614,13.38673441,52.54947657,0
1172,209390,bike + car,11,7,7601340.0,2021,3,8,4,3,5,2,0,1,1,0,0,796133.3132,5815933.395,13.35491602,52.41329517,0
1173,209394,bike + car,11,4,4300412.0,2021,1,15,3,3,5,2,0,1,1,0,0,790889.1515,5827397.988,13.28802613,52.51888855,0
1174,209395,car,11,7,7200307.0,2021,3,19,1,3,5,2,2,0,1,0,0,794958.3109,5824308.266,13.34508668,52.48900565,0
1175,209396,bike + car,11,2,2100102.0,2021,2,3,6,3,5,3,2,1,1,0,1,798330.424,5825545.883,13.39571225,52.49826705,0
1176,209397,car,11,1,1100102.0,2021,1,19,3,3,2,6,2,0,1,0,0,795782.6922,5826685.665,13.35930409,52.50987105,0
1177,209398,car,11,8,8100209.0,2021,1,15,3,3,2,6,0,0,1,0,1,801824.6545,5821947.835,13.44377305,52.46409598,0
1178,209401,bike + pedestrian,11,5,5100103.0,2021,3,17,2,3,6,7,0,1,0,1,0,785634.2725,5832064.988,13.21480583,52.56350995,0
1179,209402,car,11,7,7200409.0,2021,3,16,7,3,0,5,0,0,1,0,1,795308.4323,5824397.697,13.3503075,52.48961806,0
1180,209404,bike,11,2,2500830.0,2021,1,0,1,3,0,1,2,1,0,0,1,802395.7084,5827438.729,13.45713535,52.51299529,0
1181,209406,car + pedestrian,11,1,1300836.0,2021,3,17,7,3,6,2,0,0,1,1,0,796795.4014,5831268.116,13.37827339,52.55039769,0
1182,209407,car,11,11,11400931.0,2021,2,7,5,3,5,2,0,0,1,0,1,805561.5075,5827263.926,13.50348107,52.50966446,0
1183,209408,car + pedestrian,11,7,7601544.0,2021,1,5,5,3,6,2,2,0,1,1,1,799762.7403,5813974.749,13.40636682,52.39376302,0
1184,209409,car + pedestrian,11,6,6300633.0,2021,3,15,3,2,6,2,0,0,1,1,0,793263.4389,5819085.123,13.31560611,52.44309485,1
1185,209411,bike + car,11,2,2200207.0,2021,3,9,6,3,5,2,0,1,1,0,1,797090.6595,5824706.913,13.37675493,52.49142288,0
1186,209412,bike + car,11,5,5200528.0,2021,3,16,4,3,5,3,0,1,1,0,1,783659.7199,5825366.199,13.18003668,52.50447984,0
1187,209413,car,11,6,6400840.0,2021,2,13,3,3,1,7,0,0,1,0,0,789316.4158,5819200.872,13.25779807,52.44623529,0