,ObjectID,vehicle_types,State,District,LOR_ab_2021,AccidentYear,AccidentMonth,AccidentHour,DayOfWeek,AccidentCategory,AccidentType,AccidentTypeDetail,LightingCondition,InvolvingBike,InvolvingCar,InvolvingPedestrian,RoadCondition,GraphicCoord1,GraphicCoord2,LongitudeWGS84,LatitudeWGS84,accident_outcome
1188,209414,car,11,4,4200311.0,2021,3,14,6,3,3,6,0,0,1,0,0,790414.9899,5827158.265,13.28084841,52.51699214,0
1189,209415,car,11,8,8200833.0,2021,1,10,5,3,3,6,0,0,1,0,1,801810.0966,5817486.069,13.43952934,52.42411208,0
1190,209416,bike + pedestrian,11,1,1100313.0,2021,1,16,4,3,6,4,1,1,0,1,1,799662.1615,5827043.883,13.41661961,52.51096473,0
1191,209418,bike + car,11,12,12400721.0,2021,2,14,3,2,3,6,0,1,1,0,1,790545.9493,5840516.807,13.29448032,52.63668011,1
1192,209419,bike + car,11,11,11400931.0,2021,3,14,4,3,5,2,0,1,1,0,0,806444.6849,5826869.493,13.51609072,52.50563408,0
1193,209421,bike + pedestrian,11,1,1200623.0,2021,3,18,2,3,0,4,2,1,0,1,0,794989.1328,5828898.447,13.34960743,52.53013669,0
1194,209422,car,11,8,8200730.0,2021,2,20,2,3,1,5,2,0,1,0,2,802448.1968,5818958.007,13.45021616,52.43695301,0
1195,209423,bike + car,11,1,1100310.0,2021,1,8,5,3,5,3,1,1,1,0,1,799525.5107,5827559.66,13.4150763,52.51566293,0
1196,209425,bike + car,11,8,8401246.0,2021,2,13,1,2,5,2,0,1,1,0,0,805810.7417,5816833.2,13.49758532,52.41603963,1
1197,209426,car,11,5,5300737.0,2021,1,7,4,3,2,2,2,0,1,0,1,786952.437,5829594.836,13.23206406,52.54067049,0
1198,209428,car,11,8,8100415.0,2021,3,11,1,3,2,6,0,0,1,0,1,801669.2189,5823746.089,13.44311824,52.48029993,0
1199,209429,car,11,12,12500926.0,2021,1,12,6,3,5,7,0,0,1,0,0,792960.8905,5835533.57,13.32565153,52.5907111,0
1200,209430,car,11,11,11200410.0,2021,3,15,5,3,2,6,0,0,1,0,0,804993.628,5833017.619,13.50041958,52.56154929,0
1201,209431,bike + car,11,7,7100102.0,2021,1,8,3,3,5,2,0,1,1,0,1,795015.1511,5825657.233,13.34711602,52.50106751,0
1202,209433,car,11,6,6300524.0,2021,2,16,4,3,2,6,0,0,1,0,2,787608.8726,5817000.642,13.23085005,52.42740949,0
1203,209434,car + pedestrian,11,4,4501153.0,2021,3,14,6,3,6,2,0,0,1,1,0,793930.4444,5823431.91,13.32921923,52.48170392,0
1204,209435,car,11,4,4500936.0,2021,2,10,4,3,5,2,0,0,1,0,1,792089.4425,5825772.192,13.3042387,52.50367206,0
1205,209436,car,11,7,7601339.0,2021,1,11,2,3,5,3,0,0,1,0,1,795613.2326,5815766.278,13.34714409,52.41207816,0
1206,209437,car,11,4,4501043.0,2021,3,14,3,3,5,2,0,0,1,0,0,792926.2073,5824391.464,13.31531707,52.49084569,0
1207,209438,car + pedestrian,11,8,8300934.0,2021,1,18,2,3,6,2,2,0,1,1,1,803170.0514,5818441.369,13.46033412,52.43192273,0
1208,209439,car,11,7,7601546.0,2021,2,18,3,3,8,1,2,0,1,0,1,798609.8672,5814279.572,13.38974586,52.3971251,0
1209,209440,car,11,8,8200623.0,2021,3,12,1,2,2,6,0,0,1,0,0,801487.5423,5820853.912,13.43783801,52.45447696,1
1210,209442,bike + car,11,12,12500825.0,2021,3,15,4,3,5,3,0,1,1,0,1,791419.1955,5834293.731,13.30186752,52.58042452,0
1211,209443,bike + car,11,11,11401137.0,2021,1,14,5,2,5,3,0,1,1,0,0,807019.2811,5825790.736,13.52353545,52.49564307,1
1212,209444,car,11,3,3100101.0,2021,2,11,5,3,5,2,0,0,1,0,0,803718.8255,5842300.318,13.49018872,52.64545774,0
1213,209445,bike + car,11,1,1100206.0,2021,3,19,7,3,0,6,2,1,1,0,0,798214.9232,5827832.953,13.39606482,52.51883082,0
1214,209447,car + pedestrian,11,1,1100207.0,2021,1,17,5,2,6,4,2,0,1,1,1,798842.8031,5827283.586,13.40479744,52.51356282,1
1215,209448,car + pedestrian,11,3,3300516.0,2021,1,6,2,3,6,4,2,0,1,1,0,800154.8412,5833852.163,13.43000844,52.57171841,0
1216,209450,car,11,2,2500833.0,2021,2,18,4,3,5,3,2,0,1,0,2,802057.547,5827162.652,13.45191684,52.51070817,0
1217,209452,car,11,1,1300733.0,2021,2,18,4,3,2,6,2,0,1,0,1,797064.2106,5831460.163,13.38239804,52.55197264,0
1218,209453,car + pedestrian,11,11,11100203.0,2021,1,11,7,3,6,4,0,0,1,1,0,806685.0326,5834004.918,13.5262058,52.56944753,0
1219,209454,car,11,5,5200632.0,2021,1,18,1,3,5,2,2,0,1,0,1,785641.7207,5828031.792,13.21144674,52.52734519,0
1220,209455,car,11,6,6200422.0,2021,2,12,7,2,4,6,0,0,1,0,0,794188.6108,5816823.464,13.32718866,52.42232295,1
1221,209458,car,11,3,3100101.0,2021,3,14,6,3,2,6,0,0,1,0,0,802777.4804,5841683.787,13.47575289,52.64045789,0
1222,209459,car + pedestrian,11,9,9501940.0,2021,3,16,4,2,6,4,0,0,1,1,1,811429.0214,5821578.199,13.58434959,52.45539465,1
1223,209461,bike + car,11,11,10100205.0,2021,2,14,5,3,5,3,0,1,1,0,0,807663.522,5833599.355,13.54022147,52.5652608,0
1224,209463,car,11,3,3400829.0,2021,2,11,3,2,5,3,0,0,1,0,1,799657.4444,5832809.522,13.42174927,52.56264696,1
1225,209466,car + pedestrian,11,12,12400721.0,2021,2,5,4,3,6,4,2,0,1,1,1,790210.44,5840080.269,13.28915293,52.63294606,0
1226,209468,car,11,4,4300622.0,2021,3,11,2,3,2,6,0,0,1,0,0,793109.9161,5826938.434,13.32025703,52.51357973,0
1227,209469,car,11,8,8100208.0,2021,2,18,3,3,5,3,2,0,1,0,0,801360.9668,5822930.767,13.43785621,52.47316219,0
1228,209470,car + pedestrian,11,2,2100102.0,2021,1,7,5,3,6,2,1,0,1,1,1,798094.827,5826212.336,13.39284853,52.50436971,0
1229,209471,bike + car,11,1,1100311.0,2021,1,16,4,3,5,2,1,1,1,0,0,799581.6859,5828045.312,13.41633898,52.5199852,0
1230,209472,car,11,6,6200421.0,2021,2,18,6,3,5,3,2,0,1,0,1,793132.1829,5817598.877,13.31237719,52.42984132,0
1231,209473,car,11,3,3200205.0,2021,1,3,1,3,9,1,2,0,1,0,2,797168.075,5835657.435,13.38768625,52.58953922,0
1232,209477,car,11,2,2100106.0,2021,2,12,6,3,2,6,0,0,1,0,1,799981.9793,5825438.287,13.41987153,52.49639732,0
1233,209478,bike + pedestrian,11,1,1401046.0,2021,1,15,4,3,6,4,0,1,0,1,0,794927.2694,5829890.183,13.34957816,52.53906031,0
1234,209480,bike + car,11,1,1401049.0,2021,2,6,2,3,5,7,2,1,1,0,0,796350.1661,5831860.917,13.37225532,52.55595393,0
1235,209481,car,11,5,5400943.0,2021,1,0,4,2,9,1,2,0,1,0,2,779667.587,5821367.567,13.11801888,52.47068534,1
1236,209482,bike + pedestrian,11,1,1100205.0,2021,1,18,2,3,6,7,2,1,0,1,0,797045.9985,5826572.611,13.37776313,52.5081712,0
1237,209483,car + pedestrian,11,2,2200209.0,2021,3,18,2,2,6,4,1,0,1,1,0,797279.9061,5824517.997,13.37936554,52.48962641,1
1238,209484,bike + car,11,3,3601142.0,2021,2,7,6,3,5,2,0,1,1,0,0,799178.6275,5831110.501,13.41317541,52.54768123,0
1239,209485,car,11,5,5200528.0,2021,3,11,7,2,2,6,0,0,1,0,1,783110.4013,5826827.455,13.17320831,52.51786726,1
1240,209487,car,11,10,10100313.0,2021,1,1,1,3,9,1,2,0,1,0,1,808377.9333,5831035.342,13.5483465,52.54187857,0
1241,209489,car,11,1,1400938.0,2021,3,1,6,3,8,1,2,0,1,0,1,793710.1931,5830572.761,13.33228813,52.54583658,0
1242,209491,bike + car,11,1,1200522.0,2021,1,17,6,2,5,2,2,1,1,0,1,793984.1336,5828213.923,13.33422966,52.52454328,1
1243,209492,bike + car,11,2,2400521.0,2021,3,5,3,3,5,2,2,1,1,0,0,800939.3721,5828520.227,13.43671819,52.5234944,0
1244,209494,bike + car,11,2,2200213.0,2021,3,18,1,3,3,6,1,1,1,0,0,800053.9115,5824928.625,13.42046892,52.49178946,0
1245,209496,car,11,3,3400620.0,2021,3,6,4,3,5,2,0,0,1,0,0,796762.127,5834005.493,13.38023233,52.5749532,0
1246,209497,car,11,4,4501150.0,2021,1,18,7,3,2,6,2,0,1,0,1,793429.771,5823929.006,13.32230534,52.48642948,0
1247,209498,bike + car,11,1,1100310.0,2021,2,8,3,3,5,2,0,1,1,0,0,799110.5655,5828465.99,13.40979455,52.52401456,0
1248,209500,car + pedestrian,11,5,5100211.0,2021,1,10,5,3,6,2,0,0,1,1,0,783238.7748,5830269.909,13.17802879,52.54866649,0
1249,209501,car,11,11,3500936.0,2021,2,10,7,3,2,1,0,0,1,0,2,802856.4597,5831193.58,13.46732461,52.54639375,0
1250,209503,bike,11,1,1200520.0,2021,1,22,3,3,0,1,2,1,0,0,1,794539.3991,5829205.079,13.34326853,52.53312863,0
1251,209505,car + pedestrian,11,7,7501029.0,2021,2,14,1,3,6,4,0,0,1,1,1,797665.5012,5819360.079,13.38042686,52.44318108,0
1252,209506,car + pedestrian,11,1,1300733.0,2021,3,18,3,2,6,4,2,0,1,1,0,797322.7944,5831227.627,13.38599239,52.54974715,1
1253,209507,bike + car,11,4,4501153.0,2021,3,14,2,2,2,2,0,1,1,0,1,794199.2575,5823112.306,13.3328842,52.47869407,1
1254,209509,bike,11,10,10100102.0,2021,1,19,3,2,0,1,2,1,0,0,2,809702.2846,5834119.263,13.57068933,52.56876409,1
1255,209511,car + pedestrian,11,2,2100102.0,2021,2,19,6,3,6,4,2,0,1,1,2,798242.5542,5826120.407,13.3949362,52.50346495,0
1256,209512,car,11,8,8200623.0,2021,1,16,6,3,0,6,1,0,1,0,0,801609.1943,5820670.287,13.43945703,52.45276397,0
1257,209513,car,11,5,5100210.0,2021,3,16,4,3,5,3,0,0,1,0,0,783824.0827,5830142.388,13.1865286,52.54721847,0
1258,209514,car,11,3,3601450.0,2021,1,20,2,3,2,6,2,0,1,0,0,802034.36,5829632.433,13.45381891,52.53285765,0
1259,209515,car,11,1,1100311.0,2021,2,16,5,3,2,6,0,0,1,0,0,799982.9352,5828516.011,13.42265946,52.52398366,0
1260,209516,car,11,8,8401139.0,2021,2,10,3,3,5,2,0,0,1,0,2,803570.1655,5818642.711,13.46638412,52.43350548,0
1261,209517,car + pedestrian,11,4,4300619.0,2021,2,17,3,3,6,2,2,0,1,1,1,792979.0346,5827553.064,13.31887511,52.51915997,0
1262,209518,car,11,9,9401432.0,2021,1,18,5,3,2,6,2,0,1,0,1,812133.2135,5820708.759,13.59386693,52.44720164,0
1263,209520,car,11,5,5100315.0,2021,2,19,2,3,5,3,2,0,1,0,1,784416.6867,5829920.568,13.19505436,52.54492055,0
1264,209521,bike + car,11,2,2200208.0,2021,3,17,4,3,5,2,0,1,1,0,0,797815.34,5824933.342,13.38759939,52.49305767,0
1265,209523,car,11,7,7100103.0,2021,2,15,2,3,2,6,0,0,1,0,0,795987.4966,5825360.408,13.36113493,52.49788018,0
1266,209524,car + pedestrian,11,6,6200311.0,2021,1,7,3,3,6,2,1,0,1,1,1,795734.9793,5818923.278,13.35172014,52.44031295,0
1267,209527,bike + car,11,4,4501150.0,2021,3,9,4,3,1,5,0,1,1,0,0,793612.9088,5823693.797,13.32478747,52.48422246,0
1268,209528,car,11,1,1100207.0,2021,1,9,4,3,5,3,0,0,1,0,1,797903.8892,5826568.669,13.39036263,52.50766808,0
1269,209530,car,11,3,3500934.0,2021,2,13,4,3,5,3,0,0,1,0,1,801056.178,5832019.637,13.44160524,52.55479559,0
1270,209531,car,11,6,6100206.0,2021,1,12,4,3,5,3,0,0,1,0,1,794147.262,5819464.906,13.32890638,52.44602475,0
1271,209532,car,11,4,4501148.0,2021,3,22,2,3,9,1,2,0,1,0,0,793113.0601,5822994.067,13.31683246,52.47821817,0
1272,209534,car + pedestrian,11,2,2300314.0,2021,1,6,2,3,6,4,2,0,1,1,1,799855.461,5825832.519,13.41836837,52.50000052,0
1273,209535,bike + car,11,4,4200207.0,2021,1,15,1,3,4,6,0,1,1,0,0,786790.6643,5825324.945,13.22600342,52.50247322,0
1274,209536,car + pedestrian,11,5,5200423.0,2021,3,12,7,2,6,7,0,0,1,1,1,782001.7686,5828380.451,13.15823034,52.53236661,1
1275,209537,car,11,11,11100308.0,2021,3,18,6,3,2,6,0,0,1,0,0,804656.4447,5833347.173,13.49576341,52.56469164,0
1276,209538,car,11,12,12100102.0,2021,1,20,1,3,5,3,2,0,1,0,1,796291.9816,5833216.793,13.37261029,52.56813954,0
1277,209540,car,11,5,5200423.0,2021,3,21,6,3,1,5,2,0,1,0,0,782047.6924,5828230.094,13.15877799,52.53099467,0
1278,209542,car,11,7,7400927.0,2021,1,17,6,3,5,2,2,0,1,0,1,798897.8786,5821214.877,13.4001644,52.45913481,0
1279,209543,car + pedestrian,11,8,8100310.0,2021,3,16,3,3,6,4,0,0,1,1,0,800376.2112,5825114.548,13.42536935,52.49327871,0
1280,209544,car,11,5,5200423.0,2021,2,16,3,3,5,3,0,0,1,0,1,780871.3005,5828315.856,13.14155397,52.53237115,0
1281,209546,car,11,5,5200633.0,2021,3,5,5,3,8,1,2,0,1,0,1,784049.0086,5827145.393,13.18727533,52.52022985,0
1282,209547,car,11,2,2100102.0,2021,3,7,3,3,2,3,0,0,1,0,0,798336.5494,5825557.555,13.39581267,52.49836832,0
1283,209549,car,11,11,11200411.0,2021,2,17,3,3,5,3,0,0,1,0,0,804821.3438,5831618.87,13.49660153,52.54910961,0
1284,209550,bike + car,11,3,3601449.0,2021,3,14,6,3,5,2,0,1,1,0,0,801903.8822,5830586.546,13.45276798,52.54148164,0
1285,209551,car + pedestrian,11,7,7601340.0,2021,1,19,3,3,6,2,2,0,1,1,1,796152.9256,5815941.042,13.3552103,52.41335311,0
1286,209553,car,11,5,5100316.0,2021,2,17,3,3,2,6,2,0,1,0,1,784229.702,5828947.789,13.19147217,52.53629614,0
1287,209554,car,11,7,7400927.0,2021,1,18,4,3,5,2,2,0,1,0,1,798898.8125,5821215.157,13.40017836,52.45913681,0
1288,209555,car + pedestrian,11,1,1300732.0,2021,2,17,7,3,6,4,1,0,1,1,0,797665.777,5832141.843,13.3918555,52.55775459,0
1289,209556,car + pedestrian,11,10,10100312.0,2021,2,8,6,3,6,6,0,0,1,1,2,808273.9092,5828852.871,13.54479356,52.52237848,0
1290,209557,car,11,4,4501146.0,2021,3,15,4,3,5,3,0,0,1,0,0,792749.0574,5824123.448,13.31247992,52.48853803,0
1291,209560,car,11,12,12100204.0,2021,1,12,4,3,2,6,0,0,1,0,0,795393.2439,5832477.963,13.35873088,52.56200506,0
1292,209562,car,11,9,9200819.0,2021,1,6,6,3,2,6,2,0,1,0,0,810040.1595,5819480.63,13.56202911,52.43738629,0
1293,209563,bike + car,11,2,2300316.0,2021,3,13,4,3,5,7,0,1,1,0,0,800536.0949,5826318.97,13.42880402,52.50398633,0
1294,209564,car,11,8,8401242.0,2021,1,16,2,3,3,6,1,0,1,0,0,805264.2933,5817240.811,13.48994727,52.41999794,0
1295,209565,bike + car,11,3,3601449.0,2021,2,11,5,3,5,3,0,1,1,0,0,802090.4336,5830587.185,13.45551096,52.54138397,0
1296,209566,car + pedestrian,11,10,10200421.0,2021,2,18,5,3,6,4,2,0,1,1,1,812377.3075,5830961.136,13.60705861,52.53893574,0
1297,209567,car,11,3,3200207.0,2021,1,10,3,3,4,1,0,0,1,0,2,799699.8611,5836405.151,13.42562384,52.59485217,0
1298,209568,bike + car,11,4,4300416.0,2021,3,15,3,3,1,5,0,1,1,0,0,791930.5161,5826202.011,13.30228083,52.50761036,0
1299,209569,car,11,8,8200623.0,2021,2,14,7,3,5,2,0,0,1,0,0,802470.5212,5820710.898,13.45213038,52.45265206,0
1300,209573,bike,11,9,9401534.0,2021,2,8,7,3,0,1,0,1,0,0,0,811255.8046,5820225.535,13.58054827,52.44337138,0
1301,209574,bike + car,11,2,2300314.0,2021,3,18,7,3,1,5,2,1,1,0,0,799870.337,5825993.396,13.41873172,52.50143436,0
1302,209576,bike + car,11,2,2400623.0,2021,3,15,6,3,5,3,0,1,1,0,1,801240.6865,5827686.87,13.4403913,52.51585852,0
1303,209577,car,11,6,6100209.0,2021,1,18,1,3,1,1,2,0,1,0,1,794108.3437,5821534.73,13.33015852,52.4646008,0
1304,209579,bike + car,11,6,6400844.0,2021,3,10,7,2,0,7,0,1,1,0,0,791813.4028,5821400.172,13.29635601,52.46462501,1
1305,209580,bike + car,11,1,1300733.0,2021,2,9,5,3,5,2,0,1,1,0,1,797120.6405,5831804.709,13.38353622,52.55503029,0
1306,209581,car + pedestrian,11,6,6100102.0,2021,1,15,3,2,6,7,0,0,1,1,0,793671.634,5820871.042,13.3231648,52.45888596,1
1307,209582,car + pedestrian,11,9,9301227.0,2021,3,15,2,3,6,7,0,0,1,1,0,815321.4262,5814196.677,13.63448877,52.38701856,0
1308,209584,bike + car,11,2,2400521.0,2021,1,14,3,3,5,3,0,1,1,0,0,801250.9189,5827845.047,13.44068485,52.51727064,0
1309,209587,car,11,1,1100308.0,2021,2,19,7,3,2,6,2,0,1,0,0,797364.0458,5828955.485,13.38456549,52.52935764,0
1310,209588,bike + car,11,1,1100308.0,2021,2,9,6,3,5,3,0,1,1,0,1,796646.7684,5829048.065,13.37410554,52.53057832,0
1311,209589,car,11,6,6100101.0,2021,3,15,2,3,2,2,0,0,1,0,0,793514.8298,5820648.503,13.32066795,52.45697521,0
1312,209593,car,11,1,1100308.0,2021,2,19,4,3,9,1,2,0,1,0,0,796755.6826,5829662.651,13.37625512,52.53602814,0
1313,209595,car + pedestrian,11,8,8401243.0,2021,2,13,5,2,1,7,0,0,1,1,1,805596.5032,5817384.082,13.49494808,52.42109664,1
1314,209597,car,11,4,4501045.0,2021,3,12,3,3,5,2,0,0,1,0,0,793965.6766,5824958.647,13.33108328,52.49537143,0
1315,209598,car,11,1,1300834.0,2021,2,17,3,3,3,6,2,0,1,0,1,798050.2594,5830034.201,13.39561856,52.53865216,0
1316,209599,bike + car,11,7,7601339.0,2021,3,14,6,3,1,7,0,1,1,0,0,795703.0615,5815372.17,13.34811285,52.40849669,0
1317,209604,bike,11,2,2100105.0,2021,1,10,5,3,0,1,0,1,0,0,0,799322.2726,5825724.159,13.41043977,52.49932195,0
1318,209606,car,11,1,1200517.0,2021,2,14,2,3,2,6,0,0,1,0,0,793860.6703,5830041.275,13.33403063,52.54099098,0
1319,209607,bike + car,11,4,4500939.0,2021,3,13,5,3,0,2,0,1,1,0,0,792028.8895,5824087.505,13.30187217,52.48860152,0
1320,209608,car + pedestrian,11,4,4400835.0,2021,1,19,3,2,6,4,2,0,1,1,1,792990.832,5822304.401,13.31443203,52.47210109,1
1321,209609,bike + car,11,7,7100102.0,2021,2,14,6,3,1,5,0,1,1,0,0,794973.8209,5825107.048,13.34602164,52.49615782,0
1322,209611,car,11,6,6200313.0,2021,3,13,5,3,2,2,0,0,1,0,0,795355.6729,5818450.59,13.34573842,52.43628057,0
1323,209613,bike + car,11,8,8200831.0,2021,2,14,2,3,5,3,0,1,1,0,0,799983.0875,5816612.685,13.41195835,52.41728803,0
1324,209614,car,11,1,1100102.0,2021,1,18,3,3,5,3,2,0,1,0,1,796635.8383,5826669.199,13.37182353,52.5092602,0
1325,209615,car,11,6,6100209.0,2021,1,17,3,3,5,2,2,0,1,0,1,794309.0473,5820843.171,13.33249454,52.45829322,0
1326,209616,car + pedestrian,11,3,3300412.0,2021,3,15,2,3,6,4,0,0,1,1,1,801792.5409,5838286.06,13.45813952,52.61055324,0
1327,209617,bike,11,6,6300525.0,2021,1,10,6,3,7,7,0,1,0,0,0,789131.7671,5815311.466,13.25172606,52.41146243,0
1328,209618,car + pedestrian,11,11,11200410.0,2021,3,7,4,3,6,2,0,0,1,1,0,804972.4448,5833019.739,13.50011,52.56158016,0
1329,209621,car,11,8,8300934.0,2021,2,16,3,3,2,2,1,0,1,0,2,803582.034,5818144.418,13.46610578,52.4290327,0
1330,209622,car,11,9,9100409.0,2021,1,14,3,3,5,2,0,0,1,0,0,806173.0391,5818733.593,13.50463509,52.43286941,0
1331,209623,car + pedestrian,11,4,4501042.0,2021,3,16,3,3,6,7,0,0,1,1,0,793644.1414,5825481.239,13.32682142,52.50022931,0
1332,209626,car,11,4,4300517.0,2021,1,14,2,2,2,6,0,0,1,0,1,791630.005,5827942.567,13.29939123,52.52337492,1
1333,209627,bike + car,11,5,5100206.0,2021,1,8,6,3,5,3,1,1,1,0,1,781899.0854,5831952.879,13.1597533,52.56445165,0
1334,209628,car + pedestrian,11,10,10200423.0,2021,2,15,6,3,6,4,0,0,1,1,0,813194.7213,5831259.275,13.61935262,52.54113819,0
1335,209631,car + pedestrian,11,3,3300516.0,2021,3,8,3,3,6,4,0,0,1,1,0,800786.5185,5833538.155,13.43901626,52.56855523,0
1336,209632,car,11,12,12100205.0,2021,1,16,7,3,5,2,2,0,1,0,1,794839.3814,5833053.04,13.35109497,52.56746034,0
1337,209633,bike,11,9,9301227.0,2021,2,17,4,3,0,1,1,1,0,0,0,815363.8902,5814447.422,13.63534654,52.38924104,0
1338,209635,bike + car,11,11,11400927.0,2021,3,7,6,3,1,5,0,1,1,0,0,803731.268,5826831.31,13.4762013,52.50680913,0
1339,209637,bike + car,11,8,8100417.0,2021,2,23,4,3,5,2,2,1,1,0,1,802576.7974,5823079.417,13.45583674,52.47382243,0
1340,209638,bike + car,11,1,1400942.0,2021,1,12,6,3,5,3,0,1,1,0,1,795044.7149,5830699.563,13.35202367,52.54625218,0
1341,209639,car,11,1,1300836.0,2021,3,8,3,3,5,3,0,0,1,0,0,797155.626,5831080.556,13.38340263,52.54852005,0
1342,209641,bike + car,11,10,10100313.0,2021,3,16,4,2,5,2,0,1,1,0,0,809479.5898,5831403.082,13.56488174,52.54454956,1
1343,209643,car,11,1,1300730.0,2021,2,9,3,3,3,6,0,0,1,0,0,796664.5716,5831988.017,13.37699284,52.55692206,0
1344,209644,bike + car,11,7,7400823.0,2021,1,16,4,3,5,2,2,1,1,0,1,797341.8514,5821933.394,13.37797057,52.46642441,0
1345,209645,car,11,8,8200624.0,2021,1,21,4,3,0,6,2,0,1,0,0,800851.2172,5820567.692,13.428244,52.45226206,0
1346,209646,car,11,5,5200420.0,2021,1,19,1,3,2,6,2,0,1,0,1,782927.5584,5828585.116,13.17201644,52.53372191,0
1347,209647,bike + car,11,7,7601546.0,2021,3,7,4,3,5,3,0,1,1,0,0,798917.3931,5813343.962,13.39341777,52.38857064,0
1348,209648,bike + car,11,7,7200411.0,2021,1,19,4,3,5,2,2,1,1,0,1,795953.7127,5824319.655,13.35971421,52.48856903,0
1349,209649,car,11,11,11300721.0,2021,3,14,2,3,2,6,0,0,1,0,0,805182.6741,5829579.173,13.50004045,52.53062678,0
1350,209650,car,11,8,8100311.0,2021,2,19,2,3,0,1,2,0,1,0,2,800964.2642,5824742.893,13.43366915,52.48962354,0
1351,209651,bike + car,11,10,10200418.0,2021,1,19,4,3,5,3,2,1,1,0,1,811149.0515,5830928.109,13.58897617,52.53934242,0
1352,209652,car,11,5,5300840.0,2021,3,8,3,3,5,2,0,0,1,0,0,789196.2757,5829300.288,13.26480126,52.53684355,0
1353,209653,bike + car,11,11,11300616.0,2021,1,16,6,3,1,5,2,1,1,0,1,802819.1604,5829686.554,13.46540278,52.5329073,0
1354,209654,car + pedestrian,11,5,5100101.0,2021,3,15,3,3,6,4,0,0,1,1,0,785174.4265,5833859.713,13.20958367,52.57984219,0
1355,209656,car + pedestrian,11,7,7400824.0,2021,3,15,5,3,6,4,0,0,1,1,1,797828.952,5822204.418,13.38536161,52.46858854,0
1356,209657,bike + car,11,3,3500933.0,2021,3,5,4,3,5,3,2,1,1,0,0,802303.6383,5832631.631,13.46050641,52.55958984,0
1357,209659,car,11,4,4200310.0,2021,3,11,5,3,2,6,0,0,1,0,0,789612.013,5826505.747,13.26847998,52.5115692,0
1358,209661,car,11,4,4300619.0,2021,1,22,4,2,9,1,2,0,1,0,0,792754.4645,5827051.649,13.31513366,52.51478557,1
1359,209662,car,11,3,3601244.0,2021,2,9,2,2,5,3,0,0,1,0,0,800112.9462,5831694.416,13.4274406,52.55240111,1
1360,209664,car + pedestrian,11,2,2200208.0,2021,1,15,4,2,6,4,1,0,1,1,1,797539.3701,5825014.453,13.383619,52.49393524,1
1361,209665,car,11,6,6300634.0,2021,2,23,7,3,2,2,2,0,1,0,0,792940.094,5817755.784,13.30969744,52.43135086,0
1362,209666,car,11,9,9200512.0,2021,2,14,2,3,2,6,0,0,1,0,2,808473.8715,5821701.616,13.54111179,52.45817644,0
1363,209667,car,11,9,9100203.0,2021,1,10,4,3,5,2,0,0,1,0,1,804297.0855,5824068.557,13.48198885,52.48173221,0
1364,209668,bike + car,11,3,3500934.0,2021,3,7,4,3,5,3,0,1,1,0,0,800866.6484,5832076.302,13.43886951,52.55540821,0
1365,209669,car + pedestrian,11,1,1100415.0,2021,3,17,3,3,6,2,0,0,1,1,0,798303.9994,5829372.735,13.39875499,52.53258418,0
1366,209670,bike,11,3,3601142.0,2021,2,14,1,3,5,2,0,1,0,0,0,798645.9137,5830288.552,13.40460365,52.54060595,0
1367,209671,car,11,5,5100103.0,2021,1,14,4,3,2,6,0,0,1,0,1,785207.8382,5831853.419,13.20834999,52.56183662,0
1368,209672,car + pedestrian,11,12,12200515.0,2021,1,17,2,2,6,2,2,0,1,1,1,790036.0214,5835390.623,13.28247168,52.59099715,1
1369,209673,car,11,12,12601031.0,2021,3,21,7,3,5,2,2,0,1,0,1,793790.7666,5836751.974,13.33894766,52.60118559,0
1370,209674,car,11,9,9100203.0,2021,1,12,1,3,5,2,0,0,1,0,1,804104.5389,5823593.452,13.47872895,52.47758122,0
1371,209676,car + pedestrian,11,7,7400824.0,2021,1,6,3,2,6,2,2,0,1,1,0,797847.8894,5821927.196,13.38539211,52.46609323,1
1372,209677,car,11,6,6400844.0,2021,2,15,6,3,5,3,0,0,1,0,0,790383.9,5820847.656,13.27489258,52.46043319,0
1373,209678,car,11,12,12100205.0,2021,2,17,5,3,5,3,1,0,1,0,1,794545.57,5833236.328,13.34693538,52.56926242,0
1374,209679,car,11,2,2100101.0,2021,2,17,2,3,2,6,2,0,1,0,2,797775.848,5826012.362,13.38798408,52.50275136,0
1375,209680,bike + car,11,11,11300618.0,2021,3,12,3,3,5,2,0,1,1,0,0,802392.3577,5829034.957,13.45853716,52.52730404,0
1376,209681,car,11,7,7601341.0,2021,2,7,4,2,5,2,1,0,1,0,1,797604.6432,5815567.462,13.37615966,52.409217,1
1377,209682,bike + car,11,10,10300733.0,2021,1,17,2,3,5,3,2,1,1,0,1,809226.2155,5827221.914,13.55726936,52.50722313,0
1378,209683,car + pedestrian,11,6,6300632.0,2021,3,15,3,2,6,4,0,0,1,1,0,792743.6381,5817441.547,13.30654098,52.42863893,1
1379,209684,car,11,1,1100206.0,2021,1,12,6,3,5,2,0,0,1,0,1,797500.623,5827750.773,13.3854952,52.51848432,0
1380,209685,car,11,8,8300935.0,2021,2,14,6,3,5,2,0,0,1,0,0,802291.7958,5817835.76,13.44690784,52.42698055,0
1381,209687,car + pedestrian,11,4,4300413.0,2021,3,10,5,3,0,4,0,0,1,1,1,790849.909,5827169.264,13.28724944,52.51685897,0
1382,209688,car,11,9,9200715.0,2021,3,13,5,3,2,6,0,0,1,0,0,809062.306,5818757.131,13.54702114,52.43145573,0