,ObjectID,vehicle_types,State,District,LOR_ab_2021,AccidentYear,AccidentMonth,AccidentHour,DayOfWeek,AccidentCategory,AccidentType,AccidentTypeDetail,LightingCondition,InvolvingBike,InvolvingCar,InvolvingPedestrian,RoadCondition,GraphicCoord1,GraphicCoord2,LongitudeWGS84,LatitudeWGS84,accident_outcome
1383,209690,car,11,6,6300634.0,2021,2,11,5,3,2,6,0,0,1,0,0,792349.9172,5818511.391,13.30170221,52.43844056,0
1384,209692,bike + car,11,8,8401243.0,2021,2,15,2,3,5,3,0,1,1,0,0,805314.382,5817774.002,13.49116811,52.42474883,0
1385,209693,car,11,8,8300935.0,2021,1,18,7,3,5,3,2,0,1,0,0,802385.4775,5817888.113,13.44832878,52.42739803,0
1386,209694,car,11,9,9200715.0,2021,2,7,1,3,8,1,1,0,1,0,0,808883.396,5818088.567,13.5437805,52.42556508,0
1387,209695,car,11,7,7601340.0,2021,2,10,7,3,3,6,0,0,1,0,0,796633.5302,5815845.459,13.36217114,52.41223606,0
1388,209696,bike + car,11,11,11501340.0,2021,3,16,4,3,5,2,0,1,1,0,0,807248.7778,5824232.342,13.52546864,52.48154738,0
1389,209697,bike + pedestrian,11,4,4501148.0,2021,3,6,2,2,6,7,1,1,0,1,0,793339.4519,5823207.254,13.32034392,52.48000776,1
1390,209698,bike,11,6,6200312.0,2021,2,17,3,3,0,1,2,1,0,0,0,794952.6539,5819243.755,13.34052705,52.44360837,0
1391,209699,car,11,3,3701657.0,2021,1,9,3,3,5,3,0,0,1,0,1,800331.4341,5830180.678,13.42928466,52.53871269,0
1392,209700,car + pedestrian,11,8,8200623.0,2021,1,17,3,3,6,2,2,0,1,1,1,802699.584,5820776.2,13.45555013,52.45311058,0
1393,209701,bike + car,11,2,2300417.0,2021,1,9,7,3,2,3,0,1,1,0,2,800118.0181,5825729.461,13.42213177,52.49893244,0
1394,209702,bike + car,11,6,6100209.0,2021,3,7,4,3,4,2,0,1,1,0,0,794411.928,5821494.615,13.33457892,52.46407769,0
1395,209703,car,11,5,5400943.0,2021,1,16,3,2,9,1,2,0,1,0,1,779668.8534,5821369.593,13.11803918,52.47070286,1
1396,209704,bike + car,11,6,6400737.0,2021,2,17,5,3,5,2,1,1,1,0,0,785009.884,5817562.17,13.1932081,52.43380439,0
1397,209705,car,11,6,6200421.0,2021,2,12,3,3,3,6,0,0,1,0,2,793165.0357,5817673.243,13.31292421,52.4304904,0
1398,209706,bike + car,11,9,9100408.0,2021,1,8,4,3,5,3,0,1,1,0,1,806472.1972,5820681.444,13.51080798,52.45015936,0
1399,209707,car,11,12,12400721.0,2021,3,11,2,3,2,6,0,0,1,0,0,790148.1253,5842633.022,13.29047784,52.6558642,0
1400,209708,car,11,10,10300732.0,2021,2,9,2,3,2,6,0,0,1,0,0,809657.6285,5827937.746,13.56427142,52.51339347,0
1401,209709,bike + car,11,4,4400831.0,2021,1,11,1,3,3,6,0,1,1,0,1,790897.8661,5822651.638,13.28400885,52.47633273,0
1402,209712,car,11,3,3500932.0,2021,3,9,7,3,5,2,0,0,1,0,1,802070.1123,5832773.356,13.45720106,52.56098969,0
1403,209715,bike + car,11,8,8100209.0,2021,2,7,4,3,5,2,0,1,1,0,0,801751.1856,5822053.599,13.44279053,52.46508455,0
1404,209716,bike + car,11,5,5200420.0,2021,3,7,6,3,5,2,0,1,1,0,0,783439.013,5828262.684,13.17926155,52.53056516,0
1405,209717,car,11,8,8100417.0,2021,2,15,4,3,1,5,0,0,1,0,1,801842.7619,5822693.185,13.44471301,52.47076669,0
1406,209718,car,11,12,12200308.0,2021,1,13,5,3,5,3,0,0,1,0,1,792855.1598,5833651.921,13.32243252,52.57390007,0
1407,209719,bike,11,7,7400721.0,2021,3,16,3,3,2,6,1,1,0,0,0,798754.3266,5823945.35,13.40050318,52.48368851,0
1408,209721,car,11,4,4200309.0,2021,2,16,2,3,5,2,0,0,1,0,0,788991.2547,5826717.527,13.25954228,52.51379712,0
1409,209722,bike + pedestrian,11,6,6400737.0,2021,1,14,4,2,6,4,0,1,0,1,0,785395.048,5817640.677,13.19892533,52.43430747,1
1410,209723,bike + car,11,4,4501152.0,2021,1,17,2,2,5,3,2,1,1,0,1,793976.0301,5824703.998,13.33101064,52.49308304,1
1411,209724,car,11,7,7400823.0,2021,3,11,2,3,3,6,0,0,1,0,0,797282.2648,5821117.838,13.37636961,52.45914619,0
1412,209726,car,11,10,10400941.0,2021,3,9,5,3,5,3,0,0,1,0,0,813897.9818,5825571.279,13.62432285,52.48976432,0
1413,209727,car + pedestrian,11,12,12200412.0,2021,1,9,2,3,6,4,0,0,1,1,1,789703.626,5833671.205,13.27607553,52.5757597,0
1414,209728,car,11,5,5200422.0,2021,2,8,6,3,5,3,0,0,1,0,1,780098.9814,5828715.71,13.13053505,52.53635399,0
1415,209730,bike + car,11,3,3200310.0,2021,3,9,6,3,5,3,0,1,1,0,0,799648.6775,5837836.127,13.42616567,52.60770652,0
1416,209733,car + pedestrian,11,9,9300922.0,2021,3,10,3,2,6,4,0,0,1,1,0,807795.7625,5815891.717,13.52581508,52.40648924,1
1417,209734,bike + car,11,2,2300315.0,2021,1,1,1,3,5,2,2,1,1,0,0,800439.8276,5825768.848,13.42689368,52.49910842,0
1418,209735,car,11,12,12200412.0,2021,2,15,3,3,2,6,0,0,1,0,1,790713.6828,5834288.247,13.29147988,52.58075276,0
1419,209736,bike + car,11,1,1100416.0,2021,3,10,2,3,5,2,0,1,1,0,0,798236.8778,5829639.627,13.39800787,52.53501324,0
1420,209738,bike + car,11,1,1100310.0,2021,3,8,4,3,5,2,0,1,1,0,0,799520.4515,5827576.339,13.41501698,52.51581521,0
1421,209739,bike + car,11,8,8401246.0,2021,1,19,6,3,2,2,2,1,1,0,0,806252.6903,5816381.531,13.50365008,52.41174444,0
1422,209740,bike + car,11,11,11200513.0,2021,2,9,5,3,5,2,0,1,1,0,0,804651.6174,5831122.254,13.49365064,52.54475366,0
1423,209741,bike,11,4,4300621.0,2021,3,16,7,2,0,7,0,1,0,0,0,792749.817,5826948.245,13.31497439,52.51386107,1
1424,209742,car,11,9,9300922.0,2021,3,8,5,2,5,3,0,0,1,0,0,808183.3962,5815760.537,13.53137477,52.40509555,1
1425,209743,bike + car,11,3,3601450.0,2021,1,13,4,3,0,2,0,1,1,0,1,802028.398,5829641.142,13.45373919,52.53293902,0
1426,209744,bike + car,11,2,2100101.0,2021,2,11,3,3,1,5,0,1,1,0,1,797846.0156,5825728.998,13.38876132,52.50017305,0
1427,209746,car,11,6,6100204.0,2021,2,2,7,2,9,1,2,0,1,0,0,795419.7009,5820401.443,13.3484025,52.45373419,1
1428,209748,bike + car,11,1,1100103.0,2021,3,15,4,3,1,5,0,1,1,0,0,795219.2462,5825877.864,13.35030959,52.50293492,0
1429,209749,car,11,1,1100103.0,2021,3,6,3,3,2,6,0,0,1,0,0,795313.3411,5826122.174,13.35190851,52.50507406,0
1430,209750,car + pedestrian,11,7,7400720.0,2021,2,7,2,3,6,4,0,0,1,1,0,797207.3519,5823662.118,13.37753693,52.48199386,0
1431,209752,bike + car,11,8,8100207.0,2021,1,16,3,3,0,2,1,1,1,0,1,801456.9391,5823237.761,13.43954236,52.47586089,0
1432,209753,car,11,6,6400838.0,2021,1,12,7,3,2,6,0,0,1,0,2,788736.1522,5820202.292,13.25014975,52.45552029,0
1433,209754,car,11,3,3601244.0,2021,3,6,4,3,0,3,0,0,1,0,0,800106.2409,5831699.023,13.42734616,52.5524461,0
1434,209755,car + pedestrian,11,4,4300623.0,2021,1,11,3,3,0,4,0,0,1,1,0,792147.3173,5826470.281,13.30570157,52.50989929,0
1435,209757,car + pedestrian,11,7,7601442.0,2021,2,19,4,3,6,2,2,0,1,1,2,799248.8383,5816259.603,13.40087841,52.41452501,0
1436,209759,car + pedestrian,11,5,5200528.0,2021,3,6,1,3,6,2,0,0,1,1,0,783363.9879,5826756.427,13.17687503,52.51709869,0
1437,209760,bike + car,11,5,5100211.0,2021,2,15,6,3,5,2,0,1,1,0,0,783239.0137,5830270.913,13.17803316,52.54867537,0
1438,209761,bike + car,11,7,7501134.0,2021,1,13,2,3,5,2,0,1,1,0,1,799028.2926,5818839.103,13.39995141,52.43776765,0
1439,209762,car,11,7,7100103.0,2021,1,3,1,3,9,1,2,0,1,0,0,795847.3407,5825426.849,13.35913536,52.49855177,0
1440,209763,car,11,1,1100103.0,2021,2,15,6,3,2,2,0,0,1,0,1,795415.4341,5825816.393,13.35313699,52.5022777,0
1441,209764,car,11,5,5300737.0,2021,3,17,2,3,2,6,0,0,1,0,1,787488.3679,5829885.761,13.2401964,52.54299627,0
1442,209765,car,11,3,3601245.0,2021,3,10,5,3,5,3,0,0,1,0,0,800769.4836,5831326.247,13.4367612,52.54873903,0
1443,209767,car + pedestrian,11,1,1300836.0,2021,2,10,5,3,6,4,0,0,1,1,0,796526.5736,5830338.701,13.37349047,52.5422129,0
1444,209768,bike + car,11,4,4300623.0,2021,3,11,7,3,5,3,0,1,1,0,0,792720.6783,5826271.546,13.31395105,52.50781032,0
1445,209769,car + pedestrian,11,7,7601442.0,2021,2,17,4,2,6,2,2,0,1,1,1,798696.5244,5816020.967,13.39256885,52.41268757,1
1446,209770,bike + car,11,2,2400623.0,2021,1,15,6,3,5,2,2,1,1,0,1,800314.1951,5827616.993,13.42671579,52.51574313,0
1447,209772,car,11,2,2500834.0,2021,2,12,4,3,5,2,0,0,1,0,1,802289.696,5826856.145,13.45504881,52.50783235,0
1448,209773,car,11,2,2200210.0,2021,3,12,5,3,2,7,0,0,1,0,1,798902.1072,5825239.753,13.40383393,52.49521021,0
1449,209774,car,11,11,11400931.0,2021,3,17,3,3,3,6,0,0,1,0,0,806636.2651,5827235.096,13.51924126,52.50880305,0
1450,209776,car,11,4,4501045.0,2021,3,12,6,3,2,6,0,0,1,0,0,793777.9205,5824924.944,13.32829587,52.49517039,0
1451,209777,bike + car,11,4,4300413.0,2021,1,17,5,3,5,3,2,1,1,0,0,790897.3419,5826980.872,13.28778178,52.51514474,0
1452,209778,car,11,8,8200726.0,2021,2,19,6,3,2,6,2,0,1,0,1,801548.5587,5820595.586,13.43849998,52.45212785,0
1453,209780,bike + car,11,3,3400828.0,2021,3,7,5,3,0,3,0,1,1,0,0,799708.7858,5832505.765,13.42223007,52.55989603,0
1454,209781,bike + car,11,3,3501037.0,2021,1,10,3,3,5,3,0,1,1,0,1,802447.6618,5832659.497,13.46264987,52.55975963,0
1455,209783,car,11,3,3500933.0,2021,2,12,1,3,5,3,0,0,1,0,0,802407.9844,5832561.754,13.4619773,52.55890561,0
1456,209785,car,11,12,12601235.0,2021,3,15,3,2,4,3,0,0,1,0,1,795466.66,5836393.137,13.3633006,52.59706089,1
1457,209786,car,11,4,4100101.0,2021,2,18,1,3,5,2,2,0,1,0,0,793352.5708,5829680.314,13.32624142,52.53802894,0
1458,209787,bike + car,11,1,7100101.0,2021,3,15,7,3,5,3,0,1,1,0,0,794697.636,5826029.899,13.34278179,52.50457979,0
1459,209788,car,11,1,1300733.0,2021,3,22,5,2,1,5,2,0,1,0,1,797470.2648,5831863.767,13.38873085,52.55536883,1
1460,209789,bike + car,11,8,8100311.0,2021,3,17,4,2,5,3,0,1,1,0,0,800501.8017,5824565.035,13.4267181,52.4882841,1
1461,209791,car + pedestrian,11,12,12200309.0,2021,2,14,3,3,2,4,0,0,1,1,0,793274.0572,5832569.638,13.32763917,52.56397246,0
1462,209793,bike + pedestrian,11,7,7300619.0,2021,1,15,5,3,6,7,0,1,0,1,0,795861.706,5821238.199,13.35562965,52.46099603,0
1463,209795,bike + pedestrian,11,8,8200727.0,2021,2,13,2,3,0,4,0,1,0,1,2,802656.404,5819649.116,13.45389551,52.44303233,0
1464,209796,bike + car,11,4,4400835.0,2021,1,16,4,3,5,2,1,1,1,0,1,792827.8783,5821866.143,13.31165516,52.46825958,0
1465,209798,car,11,3,3400721.0,2021,2,8,2,3,2,7,0,0,1,0,1,798238.8635,5833057.416,13.4011068,52.56564785,0
1466,209800,bike + car,11,4,4500936.0,2021,3,17,2,3,1,5,0,1,1,0,1,792080.1076,5825523.956,13.30388381,52.50145166,0
1467,209801,bike + car,11,3,3400620.0,2021,2,9,2,3,5,3,0,1,1,0,0,796683.2119,5833998.241,13.37906475,52.57493122,0
1468,209802,bike + car,11,1,1100103.0,2021,1,18,3,3,1,5,2,1,1,0,1,795950.9984,5825626.761,13.36083553,52.50028761,0
1469,209804,car + pedestrian,11,8,8100415.0,2021,1,6,6,3,6,2,2,0,1,1,0,802030.332,5823470.808,13.44817013,52.47763295,0
1470,209805,bike + car,11,9,9501939.0,2021,3,15,4,3,5,2,0,1,1,0,0,809638.3683,5821500.289,13.55800911,52.45571372,0
1471,209807,bike + car,11,8,8100206.0,2021,2,17,6,3,1,5,0,1,1,0,0,800353.7642,5824229.073,13.42424165,52.48535419,0
1472,209808,car,11,12,12500824.0,2021,2,11,2,3,8,1,0,0,1,0,2,790188.7625,5835894.271,13.28516137,52.59543083,0
1473,209810,car,11,7,7601442.0,2021,3,21,1,3,5,2,2,0,1,0,1,799261.7874,5816265.807,13.40107379,52.41457355,0
1474,209811,car + pedestrian,11,10,10100104.0,2021,2,10,7,3,6,7,0,0,1,1,0,810194.4194,5833731.028,13.57756423,52.56500477,0
1475,209813,bike + car,11,11,11100102.0,2021,1,11,1,3,5,2,0,1,1,0,0,809245.205,5834482.632,13.56430568,52.57228028,0
1476,209814,bike + car,11,9,9100101.0,2021,1,7,5,3,5,3,0,1,1,0,1,802352.1958,5824761.08,13.45406507,52.48901964,0
1477,209816,car,11,3,3300517.0,2021,3,13,2,3,5,3,0,0,1,0,0,802889.489,5833531.368,13.46994343,52.5673284,0
1478,209817,car,11,8,8100520.0,2021,3,20,7,2,5,2,2,0,1,0,1,803188.623,5822721.162,13.46449139,52.47027217,1
1479,209818,bike + car,11,11,11501339.0,2021,3,17,6,3,1,5,0,1,1,0,0,807176.7624,5824337.309,13.52450823,52.48252862,0
1480,209819,bike + car,11,3,3400826.0,2021,1,11,6,3,5,3,0,1,1,0,0,798673.4632,5832491.965,13.40699058,52.56034119,0
1481,209823,bike + car,11,2,2300419.0,2021,2,8,4,3,5,3,0,1,1,0,1,801622.6327,5825918.286,13.44440045,52.49979542,0
1482,209824,car,11,3,3500934.0,2021,1,17,5,3,5,3,2,0,1,0,1,801068.9248,5831437.698,13.441265,52.54957257,0
1483,209825,bike + car,11,1,1100205.0,2021,3,20,3,3,5,2,2,1,1,0,0,797250.1496,5827363.761,13.38146891,52.51515178,0
1484,209826,car,11,12,12400722.0,2021,2,7,5,2,1,5,0,0,1,0,1,791140.4889,5838828.639,13.30175404,52.62122787,1
1485,209828,bike + car,11,2,2100104.0,2021,3,11,4,3,5,2,0,1,1,0,0,799222.3755,5825981.783,13.40920402,52.50168596,0
1486,209830,car,11,1,1300834.0,2021,3,20,4,3,5,2,2,0,1,0,0,797507.2937,5831024.317,13.38852324,52.547824,0
1487,209833,car,11,11,11501340.0,2021,2,13,6,3,5,3,0,0,1,0,0,807680.7844,5824546.055,13.53209958,52.48411567,0
1488,209835,car,11,11,11300619.0,2021,3,9,4,3,2,6,0,0,1,0,0,803834.4415,5828685.44,13.47940976,52.52336968,0
1489,209837,car,11,10,10400835.0,2021,2,8,7,3,1,5,0,0,1,0,0,812003.9197,5829489.117,13.60018946,52.52595865,0
1490,209838,bike + pedestrian,11,9,9200510.0,2021,2,16,2,3,6,4,1,1,0,1,1,806234.7741,5823214.047,13.50964866,52.47299062,0
1491,209839,car,11,11,11100102.0,2021,1,7,5,2,2,7,2,0,1,0,1,807352.7932,5834153.805,13.53616536,52.57040523,1
1492,209840,bike + car,11,2,2300417.0,2021,3,12,4,3,5,3,0,1,1,0,0,800490.334,5825756.97,13.42762475,52.49897414,0
1493,209841,bike + pedestrian,11,2,2500833.0,2021,3,18,3,3,6,7,2,1,0,1,0,802522.335,5827286.117,13.45885688,52.51155722,0
1494,209842,bike + car,11,1,1300733.0,2021,2,17,2,3,5,2,0,1,1,0,0,797706.2683,5831844.091,13.39218396,52.5550635,0
1495,209843,car + pedestrian,11,4,4501153.0,2021,1,11,4,3,6,4,0,0,1,1,1,794209.2588,5823431.037,13.33331229,52.48154594,0
1496,209844,bike + car,11,9,9100304.0,2021,1,21,2,3,5,3,2,1,1,0,1,804874.4542,5822500.518,13.48903134,52.46735644,0
1497,209846,car + pedestrian,11,6,6200422.0,2021,2,18,6,3,6,2,2,0,1,1,2,794205.2732,5817193.386,13.32775832,52.42563022,0
1498,209847,car + pedestrian,11,7,7100102.0,2021,3,19,2,3,6,2,1,0,1,1,1,794966.3087,5825196.659,13.34599065,52.49696518,0
1499,209848,car + pedestrian,11,3,3300411.0,2021,1,15,6,2,6,4,0,0,1,1,0,803288.0449,5839660.621,13.48141843,52.62204038,1
1500,209849,bike + car,11,2,2200213.0,2021,3,18,5,3,1,5,2,1,1,0,0,799803.7392,5824995.849,13.41685571,52.49252947,0
1501,209850,bike + car,11,2,2100102.0,2021,1,18,2,2,1,5,2,1,1,0,0,797685.9538,5826425.97,13.38703343,52.50650792,1
1502,209851,bike + car,11,9,9200510.0,2021,2,6,5,3,3,6,0,1,1,0,0,806206.8358,5823250.693,13.50927226,52.47333472,0
1503,209852,car,11,5,5300840.0,2021,2,17,5,2,5,2,2,0,1,0,2,789207.7954,5829280.507,13.26495342,52.53666009,1
1504,209854,car,11,12,12601134.0,2021,2,22,4,3,8,1,2,0,1,0,1,794727.2133,5836859.869,13.35283061,52.60164598,0
1505,209855,car + pedestrian,11,6,6100205.0,2021,1,10,2,3,6,7,0,0,1,1,0,795527.0759,5819700.342,13.34935771,52.44739123,0
1506,209856,bike + car,11,8,8100104.0,2021,1,19,2,3,5,7,2,1,1,0,1,800259.9682,5822215.766,13.42105188,52.46735962,0
1507,209857,car,11,3,3300516.0,2021,2,14,7,3,5,3,0,0,1,0,0,801107.4057,5834310.415,13.44443761,52.57529962,0
1508,209861,car,11,4,4300621.0,2021,1,20,3,3,5,7,2,0,1,0,1,792749.6039,5826895.31,13.31492469,52.51338665,0
1509,209862,bike + car,11,3,3501038.0,2021,1,12,2,3,5,7,0,1,1,0,2,803858.1195,5832990.423,13.48369523,52.56194038,0
1510,209864,car + pedestrian,11,1,1300730.0,2021,3,8,4,2,6,2,0,0,1,1,0,796162.943,5832263.235,13.36986082,52.55966213,1
1511,209866,bike + car,11,1,1200624.0,2021,2,19,5,3,5,2,2,1,1,0,0,795668.661,5829732.691,13.36033767,52.53724679,0
1512,209867,car,11,4,4500936.0,2021,2,18,4,3,3,6,2,0,1,0,2,792150.8769,5825666.596,13.30504857,52.50269252,0
1513,209871,car + pedestrian,11,6,6300633.0,2021,1,14,4,2,6,4,0,0,1,1,0,793207.8349,5819560.008,13.31520713,52.4473819,1
1514,209873,car,11,10,10100312.0,2021,1,4,1,3,9,1,2,0,1,0,0,807932.828,5829216.076,13.54011855,52.52582621,0
1515,209874,car + pedestrian,11,11,11100204.0,2021,2,14,7,3,6,4,0,0,1,1,0,806299.855,5833624.487,13.52018914,52.56625493,0
1516,209876,car + pedestrian,11,8,8100314.0,2021,3,17,7,3,6,2,1,0,1,1,1,800330.0662,5824358.379,13.42401022,52.48652625,0
1517,209878,car,11,4,4500936.0,2021,1,16,6,3,5,3,1,0,1,0,0,792297.4459,5825381.09,13.30695113,52.50005452,0
1518,209879,bike + car,11,11,11200515.0,2021,2,7,4,3,5,3,0,1,1,0,0,806173.8157,5830411.628,13.5153728,52.53753165,0
1519,209880,car,11,11,11400929.0,2021,3,18,7,3,5,3,1,0,1,0,0,804591.784,5826374.121,13.48842259,52.50223181,0
1520,209882,car,11,9,9501941.0,2021,1,12,6,3,2,2,0,0,1,0,1,812063.2022,5821198.31,13.59329745,52.45162865,0
1521,209883,car + pedestrian,11,12,12200412.0,2021,3,15,3,3,6,2,0,0,1,1,0,790717.5594,5834501.027,13.29172358,52.58265822,0
1522,209884,car,11,3,3601450.0,2021,2,6,5,3,3,6,2,0,1,0,1,801920.879,5829797.985,13.45230138,52.53440436,0
1523,209886,bike + car,11,1,1100310.0,2021,3,19,4,3,5,7,2,1,1,0,0,798950.7953,5827814.98,13.40686153,52.51826683,0
1524,209887,car,11,9,9100306.0,2021,2,8,3,3,2,6,0,0,1,0,0,804259.3534,5820137.122,13.4778509,52.44651673,0
1525,209890,car,11,12,12601235.0,2021,1,15,4,3,5,2,0,0,1,0,0,795279.5599,5836363.276,13.36051968,52.59689484,0
1526,209891,car,11,12,12200411.0,2021,2,20,3,3,5,3,2,0,1,0,1,792897.799,5832158.918,13.32174163,52.56049311,0
1527,209892,car + pedestrian,11,3,3400721.0,2021,3,15,4,3,6,7,0,0,1,1,0,797998.3787,5832663.995,13.39721598,52.56225307,0
1528,209894,car + pedestrian,11,10,10200627.0,2021,2,14,7,2,6,4,0,0,1,1,0,811178.3624,5829839.525,13.58838783,52.52957056,1
1529,209895,car,11,10,10200629.0,2021,2,13,7,3,5,3,0,0,1,0,1,811123.3312,5828405.991,13.58623826,52.51675559,0
1530,209896,bike + car,11,12,12200309.0,2021,1,5,4,3,1,5,2,1,1,0,1,793008.9193,5832673.572,13.32383063,52.56504693,0
1531,209897,bike + car,11,1,1100312.0,2021,3,12,5,3,1,5,0,1,1,0,1,799264.1482,5826920.941,13.41066179,52.51008123,0
1532,209898,bike + car,11,9,9200614.0,2021,3,19,2,3,5,3,2,1,1,0,1,808381.0692,5820893.165,13.53900372,52.45098344,0
1533,209899,bike + car,11,4,4400728.0,2021,2,10,2,3,5,2,0,1,1,0,0,790684.5371,5822677.51,13.28089926,52.47667826,0
1534,209900,car,11,1,1400937.0,2021,1,14,4,3,5,2,0,0,1,0,0,793963.9515,5832013.577,13.33729518,52.55861569,0
1535,209901,car + pedestrian,11,6,6400843.0,2021,1,18,3,3,6,4,2,0,1,1,1,792010.5294,5820635.54,13.2985805,52.45766481,0
1536,209903,car + pedestrian,11,10,10100104.0,2021,3,19,7,3,6,4,2,0,1,1,1,810321.1266,5833581.103,13.57928735,52.56358904,0
1537,209904,car,11,1,1400942.0,2021,3,15,5,3,5,3,0,0,1,0,0,794648.3517,5830521.459,13.34603745,52.54487012,0
1538,209905,bike + car,11,1,1100207.0,2021,1,9,3,3,5,3,0,1,1,0,0,798481.8171,5826666.263,13.39894011,52.50822701,0
1539,209908,bike + car,11,3,3400724.0,2021,3,17,6,3,5,3,1,1,1,0,0,800030.6468,5834667.931,13.42891958,52.57909878,0
1540,209909,bike + car,11,1,1100308.0,2021,2,12,4,3,1,5,0,1,1,0,1,797493.8255,5828806.548,13.3863397,52.52795179,0
1541,209912,car,11,12,12100204.0,2021,1,7,6,3,5,3,2,0,1,0,1,795471.099,5832482.135,13.35987979,52.56200021,0
1542,209913,car,11,4,4200308.0,2021,2,14,5,3,3,2,0,0,1,0,0,790576.6992,5827337.965,13.2833818,52.51851702,0
1543,209914,car,11,9,9200715.0,2021,3,11,1,3,2,6,0,0,1,0,1,807685.4364,5818114.884,13.52624212,52.42647586,0
1544,209915,car,11,12,12400720.0,2021,2,9,6,3,5,7,0,0,1,0,0,790090.7795,5840098.831,13.2874061,52.63317639,0
1545,209917,car,11,11,11401033.0,2021,1,0,5,2,0,7,2,0,1,0,1,806922.4417,5827729.016,13.52390015,52.51306872,1
1546,209918,bike + car,11,9,9200613.0,2021,3,16,4,2,1,5,0,1,1,0,0,807334.1011,5821034.796,13.52377616,52.45284235,1
1547,209920,bike + car,11,3,3500934.0,2021,2,14,4,3,5,3,0,1,1,0,0,801095.7429,5831492.418,13.44170893,52.55004821,0
1548,209921,car,11,9,9300922.0,2021,3,9,6,2,4,5,0,0,1,0,1,807991.056,5815469.697,13.52828885,52.40259718,1
1549,209922,bike + car,11,6,6400841.0,2021,3,14,5,3,5,3,0,1,1,0,0,790009.4873,5819156.125,13.2679283,52.44546693,0
1550,209924,bike + car,11,6,6300524.0,2021,2,10,2,3,5,2,0,1,1,0,2,788266.8855,5816714.592,13.24025442,52.42449855,0
1551,209925,car,11,4,4501042.0,2021,1,15,7,3,2,6,0,0,1,0,0,794414.0082,5825875.234,13.3384784,52.50334644,0
1552,209926,car,11,8,8100415.0,2021,2,14,1,3,2,6,0,0,1,0,0,801483.5111,5823877.875,13.44051114,52.48158371,0
1553,209927,car + pedestrian,11,2,2400521.0,2021,2,20,2,2,6,4,2,0,1,1,2,800735.9064,5828488.342,13.43369945,52.52332087,1
1554,209930,bike,11,4,4400830.0,2021,2,16,2,3,0,7,0,1,0,0,0,792456.353,5823099.367,13.30728287,52.47951424,0
1555,209931,bike + car,11,1,1100309.0,2021,1,18,4,3,1,5,2,1,1,0,1,797974.241,5828708.174,13.39331232,52.52680762,0
1556,209934,car + pedestrian,11,12,12500825.0,2021,2,14,5,3,6,4,0,0,1,1,0,791263.4047,5834599.734,13.29984373,52.58325118,0
1557,209935,bike + car,11,12,12200310.0,2021,3,19,6,3,5,2,2,1,1,0,0,792119.7441,5833152.324,13.31117143,52.5698166,0
1558,209937,bike + pedestrian,11,4,4400834.0,2021,1,17,5,3,6,4,2,1,0,1,1,792703.7778,5823107.109,13.31092252,52.47945108,0
1559,209940,car + pedestrian,11,1,1300835.0,2021,3,15,4,3,6,4,0,0,1,1,0,797402.2386,5830014.542,13.38607448,52.53882998,0
1560,209942,car + pedestrian,11,2,2200212.0,2021,2,10,3,2,6,4,0,0,1,1,0,800134.1712,5824420.761,13.4211901,52.48719314,1
1561,209943,bike + car,11,8,8100521.0,2021,1,6,5,3,5,3,2,1,1,0,2,802482.4154,5822558.764,13.45397933,52.46920807,0
1562,209944,car,11,7,7601341.0,2021,1,17,4,3,3,6,2,0,1,0,0,797756.2582,5815637.903,13.37844468,52.409766,0
1563,209945,bike + car,11,6,6300528.0,2021,1,12,6,3,5,2,0,1,1,0,2,789583.0122,5817203.029,13.25997889,52.42818265,0
1564,209946,bike,11,12,12400617.0,2021,3,13,4,3,0,7,0,1,0,0,0,785446.4569,5837371.701,13.21661469,52.61118701,0
1565,209947,bike + car,11,2,2200209.0,2021,1,14,4,3,1,5,0,1,1,0,1,797055.3169,5824293.668,13.37586754,52.48773779,0
1566,209948,car + pedestrian,11,7,7200410.0,2021,3,15,2,3,6,4,0,0,1,1,0,795574.4622,5823459.767,13.35338249,52.48106625,0
1567,209950,bike + car,11,6,6100205.0,2021,1,16,4,3,5,3,1,1,1,0,0,795836.4284,5819499.657,13.35371856,52.44542493,0
1568,209951,car,11,6,6400841.0,2021,3,12,2,3,5,3,0,0,1,0,0,790190.9508,5818819.302,13.27029822,52.44235093,0
1569,209954,car,11,11,11100101.0,2021,1,10,3,3,2,6,0,0,1,0,1,803897.0207,5834706.632,13.48583977,52.57730025,0
1570,209955,car,11,11,11100309.0,2021,3,9,2,3,2,6,0,0,1,0,0,805417.1452,5833320.993,13.50692713,52.56403083,0
1571,209957,bike + car,11,3,3601348.0,2021,3,9,5,3,1,5,0,1,1,0,0,799916.5713,5830686.872,13.42364306,52.54347835,0
1572,209958,bike + car,11,3,3300517.0,2021,1,9,2,3,5,2,0,1,1,0,1,803364.9103,5833523.725,13.47692929,52.56699518,0
1573,209959,car,11,5,5200420.0,2021,2,11,6,3,2,6,0,0,1,0,1,782880.4323,5828579.284,13.17131856,52.53369407,0
1574,209960,car,11,3,3601348.0,2021,2,16,4,3,5,3,0,0,1,0,2,799861.9659,5830465.012,13.42264,52.5415198,0
1575,209961,car,11,2,2200213.0,2021,3,7,6,3,2,7,0,0,1,0,0,800044.5395,5824715.975,13.42013981,52.48988853,0