,ObjectID,vehicle_types,State,District,LOR_ab_2021,AccidentYear,AccidentMonth,AccidentHour,DayOfWeek,AccidentCategory,AccidentType,AccidentTypeDetail,LightingCondition,InvolvingBike,InvolvingCar,InvolvingPedestrian,RoadCondition,GraphicCoord1,GraphicCoord2,LongitudeWGS84,LatitudeWGS84,accident_outcome
1576,209962,car + pedestrian,11,4,4501150.0,2021,2,19,4,3,6,2,2,0,1,1,1,793459.7394,5823931.761,13.32274784,52.48643807,0
1577,209963,car + pedestrian,11,12,12200412.0,2021,1,20,1,3,6,2,2,0,1,1,0,790966.2216,5833829.754,13.294794,52.57650747,0
1578,209964,car + pedestrian,11,3,3100103.0,2021,3,15,3,2,6,4,0,0,1,1,0,804031.4357,5839848.704,13.49253911,52.62331059,1
1579,209965,car,11,4,4501045.0,2021,1,13,1,3,5,3,0,0,1,0,0,793959.6471,5824932.277,13.33097146,52.49513828,0
1580,209966,car,11,12,12400722.0,2021,2,12,5,3,1,5,0,0,1,0,0,791517.3217,5838366.824,13.30689775,52.61688582,0
1581,209968,car,11,4,4300416.0,2021,3,12,6,2,5,3,0,0,1,0,0,791990.7681,5825974.035,13.3029661,52.50553435,1
1582,209969,bike + car,11,8,8100104.0,2021,3,23,4,2,5,3,2,1,1,0,1,800942.3518,5822305.633,13.4311478,52.4677897,1
1583,209972,car,11,1,1300733.0,2021,2,15,1,3,2,6,0,0,1,0,2,797155.5009,5831862.046,13.38410022,52.55552524,0
1584,209973,bike + car,11,3,3601141.0,2021,3,8,6,3,5,2,0,1,1,0,1,798828.6688,5831788.0,13.40863952,52.55394606,0
1585,209974,car,11,4,4300412.0,2021,3,13,6,3,3,6,0,0,1,0,0,791615.6713,5827511.214,13.29880237,52.51951557,0
1586,209975,car,11,10,10200525.0,2021,1,16,5,3,2,6,1,0,1,0,1,812989.6131,5830186.104,13.61532747,52.5316394,0
1587,209976,car,11,10,10100206.0,2021,2,15,3,3,2,6,0,0,1,0,1,809530.7964,5832682.27,13.5668268,52.55598398,0
1588,209977,car + pedestrian,11,3,3500934.0,2021,1,9,3,3,6,4,0,0,1,1,1,801173.8497,5831650.243,13.44300053,52.55141963,0
1589,209978,bike + car,11,9,9200510.0,2021,3,0,2,3,5,3,2,1,1,0,0,806128.2801,5822121.953,13.50708375,52.46326252,0
1590,209979,car,11,9,9200512.0,2021,2,8,2,3,2,6,0,0,1,0,1,808550.1655,5821662.134,13.54219461,52.45777954,0
1591,209980,car,11,7,7501133.0,2021,3,14,4,3,5,3,0,0,1,0,0,797089.1122,5818576.681,13.37127522,52.43647208,0
1592,209981,car,11,9,9401534.0,2021,3,15,3,3,0,7,0,0,1,0,0,810899.6972,5820441.115,13.5755264,52.44550589,0
1593,209982,car,11,5,5400943.0,2021,2,20,1,3,8,1,2,0,1,0,0,781371.2897,5819764.103,13.14168251,52.45543258,0
1594,209983,car,11,10,10100209.0,2021,1,10,3,3,5,3,0,0,1,0,1,810013.0413,5832314.066,13.57357341,52.55241006,0
1595,209985,car,11,3,3200205.0,2021,1,15,7,3,5,3,0,0,1,0,1,798108.672,5836955.329,13.40269794,52.60065823,0
1596,209987,bike + car,11,1,1100206.0,2021,1,8,2,3,0,2,0,1,1,0,1,797159.8964,5827689.134,13.3804334,52.51811757,0
1597,209988,bike + pedestrian,11,7,7200410.0,2021,2,9,5,3,6,4,0,1,0,1,0,795726.978,5824016.603,13.35611576,52.48597528,0
1598,209989,car,11,5,5300736.0,2021,2,19,3,3,1,5,2,0,1,0,1,786515.1285,5829221.338,13.22531149,52.53755195,0
1599,209990,bike + car,11,2,2500835.0,2021,3,15,2,3,5,2,0,1,1,0,0,803092.251,5826028.647,13.46608437,52.49997034,0
1600,209992,car,11,6,6100101.0,2021,1,7,2,3,5,3,0,0,1,0,1,793397.0539,5820361.463,13.31868737,52.45446522,0
1601,209993,car + pedestrian,11,5,5100103.0,2021,1,17,7,2,6,4,2,0,1,1,0,785529.4253,5831850.572,13.21307875,52.56164255,1
1602,209994,car,11,4,4200310.0,2021,2,12,6,3,5,3,0,0,1,0,0,789992.273,5826317.665,13.27390367,52.50968098,0
1603,209995,car + pedestrian,11,3,3200205.0,2021,3,12,2,3,6,4,0,0,1,1,0,797496.9327,5835051.724,13.39198248,52.58393009,0
1604,209996,car,11,1,1100308.0,2021,3,7,7,3,1,5,0,0,1,0,1,797293.8078,5828254.644,13.38290655,52.52311373,0
1605,209997,car,11,8,8200832.0,2021,2,17,1,3,4,5,2,0,1,0,2,801492.801,5817773.32,13.43513611,52.42686173,0
1606,209998,car,11,4,4100102.0,2021,3,6,5,3,2,6,0,0,1,0,1,791402.5771,5829175.381,13.29712916,52.53454852,0
1607,209999,bike + car,11,1,1300733.0,2021,1,13,7,3,5,2,0,1,1,0,1,797235.074,5831321.961,13.38478693,52.55064062,0
1608,210000,bike + car,11,1,1100207.0,2021,2,10,5,3,5,3,0,1,1,0,0,798164.0871,5826610.307,13.39422235,52.50789917,0
1609,210001,car,11,1,1100415.0,2021,1,14,7,3,5,2,0,0,1,0,1,798316.3121,5829369.129,13.39893273,52.53254512,0
1610,210005,car + pedestrian,11,10,10400939.0,2021,2,13,2,3,6,4,0,0,1,1,2,812920.1857,5827974.368,13.61222667,52.51185988,0
1611,210008,car,11,9,9100304.0,2021,2,6,1,3,1,5,1,0,1,0,0,804603.0006,5822449.152,13.48500082,52.46704747,0
1612,210010,car + pedestrian,11,3,3500933.0,2021,1,15,6,3,6,4,0,0,1,1,1,801842.9701,5831740.958,13.45292168,52.55186233,0
1613,210011,car,11,7,7601442.0,2021,3,12,7,3,5,2,0,0,1,0,1,799682.0021,5815153.967,13.40623865,52.40437741,0
1614,210012,bike,11,1,1300835.0,2021,3,15,6,2,2,6,0,1,0,0,1,797593.1391,5829486.284,13.38840785,52.53399059,1
1615,210013,car + pedestrian,11,5,5100208.0,2021,1,18,1,3,6,2,2,0,1,1,1,782360.4737,5830508.553,13.16531327,52.55126224,0
1616,210015,car + pedestrian,11,1,1100101.0,2021,3,8,7,2,6,7,0,0,1,1,0,794813.9915,5826013.412,13.3444765,52.50436914,1
1617,210016,car + pedestrian,11,12,12200307.0,2021,1,10,5,3,6,4,0,0,1,1,1,793384.6156,5833152.269,13.32978083,52.56913584,0
1618,210018,car,11,10,10100205.0,2021,1,21,5,2,9,7,2,0,1,0,1,807662.7483,5832374.329,13.53907447,52.55428271,1
1619,210019,bike + car,11,9,9200716.0,2021,3,13,2,3,5,3,0,1,1,0,0,808915.0425,5819069.522,13.54515056,52.43433854,0
1620,210022,car + pedestrian,11,12,12601235.0,2021,3,16,5,2,6,4,0,0,1,1,1,795576.1379,5836409.157,13.36492651,52.597145,1
1621,210023,bike + car,11,11,11200411.0,2021,3,7,4,3,5,3,0,1,1,0,0,805872.3617,5831391.245,13.51184392,52.54648049,0
1622,210024,bike + car,11,6,6100102.0,2021,1,11,1,3,5,3,0,1,1,0,1,793743.4784,5820564.566,13.32394951,52.4560999,0
1623,210026,car,11,4,4200310.0,2021,2,12,1,3,3,6,0,0,1,0,2,789757.0611,5826410.351,13.27052828,52.51063692,0
1624,210027,bike + car,11,5,5300841.0,2021,3,14,6,3,5,3,0,1,1,0,0,789440.8795,5829305.047,13.26840173,52.53675635,0
1625,210028,bike,11,8,8200831.0,2021,1,8,4,2,0,1,0,1,0,0,1,799583.6171,5816399.471,13.40591121,52.41559563,1
1626,210029,car + pedestrian,11,7,7601236.0,2021,2,17,3,3,6,2,2,0,1,1,1,796979.6013,5816617.387,13.36792922,52.41896813,0
1627,210030,car + pedestrian,11,12,12400618.0,2021,1,13,4,2,6,2,0,0,1,1,1,787334.5566,5837847.144,13.24483566,52.61445463,1
1628,210031,bike + car,11,6,6100209.0,2021,2,15,7,3,5,3,0,1,1,0,0,794097.0772,5821515.907,13.32997657,52.46443812,0
1629,210033,bike + car,11,6,6100209.0,2021,3,18,3,3,5,2,2,1,1,0,0,794700.0502,5821560.684,13.33886604,52.46451464,0
1630,210034,bike + car,11,10,10100311.0,2021,3,16,2,3,5,2,0,1,1,0,1,806458.4643,5829755.429,13.51895151,52.5314907,0
1631,210035,bike + car,11,5,5100210.0,2021,2,15,1,3,5,2,0,1,1,0,0,783917.6176,5830123.735,13.18788832,52.54700248,0
1632,210036,bike + car,11,8,8100417.0,2021,1,9,3,3,5,2,0,1,1,0,1,802353.1328,5822955.787,13.45244174,52.47283818,0
1633,210038,car,11,7,7400927.0,2021,1,15,6,3,5,7,0,0,1,0,0,798117.877,5820901.084,13.3884382,52.45674805,0
1634,210039,car + pedestrian,11,12,12400721.0,2021,3,15,4,3,6,4,0,0,1,1,0,790658.3231,5839640.14,13.29536507,52.62876091,0
1635,210040,car,11,12,12500930.0,2021,1,9,3,3,5,2,0,0,1,0,1,792355.0274,5834061.141,13.31543439,52.57783744,0
1636,210042,car,11,5,5400945.0,2021,2,14,2,3,1,5,0,0,1,0,2,780801.3276,5819244.648,13.13287979,52.45106783,0
1637,210043,car,11,4,4100102.0,2021,1,18,3,3,3,2,2,0,1,0,1,791179.2707,5829186.593,13.29385608,52.53476839,0
1638,210044,car,11,5,5300840.0,2021,3,17,3,3,2,6,1,0,1,0,0,790230.6089,5829080.465,13.27981651,52.53432296,0
1639,210046,bike + car,11,1,1300732.0,2021,1,14,2,2,5,2,0,1,1,0,1,797333.719,5832349.771,13.38715811,52.5597998,1
1640,210047,car + pedestrian,11,12,12100101.0,2021,1,11,6,3,1,7,0,0,1,1,1,796199.8622,5832640.709,13.37074077,52.5630257,0
1641,210049,bike + car,11,6,6300634.0,2021,3,13,7,3,3,6,0,1,1,0,0,792228.024,5818669.422,13.30005231,52.43992245,0
1642,210050,bike + car,11,9,9501737.0,2021,3,8,7,3,5,2,0,1,1,0,1,813998.8254,5821209.298,13.62169812,52.45061883,0
1643,210051,car,11,1,1100104.0,2021,2,21,1,3,5,3,2,0,1,0,2,796088.5809,5825572.09,13.36280782,52.4997229,0
1644,210053,bike + car,11,3,3601449.0,2021,1,14,1,3,1,5,0,1,1,0,1,801438.8059,5830262.245,13.44563683,52.53883238,0
1645,210054,bike,11,1,1200520.0,2021,2,14,4,2,4,6,0,1,0,0,0,794501.4195,5828437.612,13.34203037,52.52626933,1
1646,210055,bike + car,11,1,1100414.0,2021,3,8,7,3,1,5,0,1,1,0,0,797256.0269,5829463.647,13.38343225,52.53397163,0
1647,210056,car + pedestrian,11,5,5100317.0,2021,2,6,2,3,6,7,2,0,1,1,1,786760.6084,5828401.847,13.22821388,52.53007557,0
1648,210057,car,11,7,7100102.0,2021,2,12,5,3,5,2,0,0,1,0,1,794957.7606,5825654.309,13.34627041,52.50107232,0
1649,210059,bike + pedestrian,11,12,12500927.0,2021,3,16,3,3,6,7,0,1,0,1,0,792971.9152,5835711.554,13.32597123,52.5923007,0
1650,210060,car,11,6,6200423.0,2021,2,7,5,3,2,6,0,0,1,0,1,793935.2864,5815476.701,13.32229121,52.41038573,0
1651,210061,bike,11,11,11300721.0,2021,3,6,5,3,0,1,1,1,0,0,1,804303.8727,5829080.558,13.48666906,52.52664918,0
1652,210062,bike + car,11,1,1100416.0,2021,1,19,5,3,2,6,2,1,1,0,0,798720.0594,5829545.364,13.40502561,52.5339037,0
1653,210063,car,11,9,9200715.0,2021,3,8,4,3,2,6,0,0,1,0,0,809196.4692,5818339.689,13.5486023,52.42763882,0
1654,210064,car,11,10,10100316.0,2021,2,16,3,3,2,6,0,0,1,0,0,809958.1668,5831612.286,13.57211165,52.5461523,0
1655,210065,bike + car,11,4,4501044.0,2021,3,16,5,3,5,3,0,1,1,0,0,793347.5944,5824643.776,13.32172781,52.49288129,0
1656,210066,car + pedestrian,11,5,5200423.0,2021,1,6,5,2,6,2,1,0,1,1,2,780870.7221,5828313.748,13.14154369,52.53235254,1
1657,210067,car,11,10,10200421.0,2021,1,14,5,3,2,7,0,0,1,0,0,812183.3367,5830949.202,13.60419668,52.53893994,0
1658,210068,car,11,3,3200309.0,2021,2,14,6,3,5,3,0,0,1,0,2,800540.7808,5836250.315,13.43786063,52.59300033,0
1659,210069,car,11,6,6400840.0,2021,2,11,3,3,5,3,0,0,1,0,1,789508.5016,5819011.494,13.26045236,52.44443575,0
1660,210070,car + pedestrian,11,2,2200210.0,2021,3,14,4,3,6,7,0,0,1,1,0,798696.6891,5825123.182,13.40071262,52.49427775,0
1661,210071,car,11,6,6200423.0,2021,3,18,1,3,0,7,2,0,1,0,1,795349.5372,5816136.301,13.34360491,52.41553756,0
1662,210072,car,11,4,4200308.0,2021,2,10,4,3,0,1,0,0,1,0,1,790525.5591,5827347.676,13.28263871,52.51863133,0
1663,210073,car,11,4,4400726.0,2021,1,14,5,3,2,6,0,0,1,0,0,790851.7612,5824718.28,13.28513533,52.49488487,0
1664,210075,bike + car + pedestrian,11,2,2200210.0,2021,2,17,3,3,6,4,2,1,1,1,2,798306.0533,5825416.517,13.39523845,52.49712077,0
1665,210076,car,11,5,5200526.0,2021,3,10,5,3,3,6,0,0,1,0,1,782112.3797,5827109.536,13.15877833,52.52091376,0
1666,210077,car,11,12,12400618.0,2021,3,13,4,3,2,2,0,0,1,0,0,786976.6144,5838310.851,13.23996583,52.61880108,0
1667,210078,bike + car,11,6,6400735.0,2021,2,15,3,3,5,3,0,1,1,0,0,782210.8322,5815684.498,13.15056063,52.41841925,0
1668,210079,car + pedestrian,11,8,8100419.0,2021,3,19,5,3,6,2,2,0,1,1,1,802025.3959,5824297.828,13.44884685,52.48504836,0
1669,210081,car,11,4,4100101.0,2021,2,15,3,3,5,2,0,0,1,0,1,793352.206,5829681.351,13.32623697,52.53803842,0
1670,210083,car,11,8,8100208.0,2021,1,12,4,3,5,3,0,0,1,0,1,801131.3369,5822850.952,13.43441362,52.47257343,0
1671,210084,car,11,4,4400831.0,2021,2,11,7,3,5,3,0,0,1,0,0,791147.3629,5822596.272,13.28762364,52.47570342,0
1672,210085,car,11,2,2200210.0,2021,2,11,7,3,5,7,0,0,1,0,0,798677.6971,5825127.111,13.40043723,52.49432337,0
1673,210087,car + pedestrian,11,2,2300419.0,2021,3,8,3,3,6,4,0,0,1,1,0,801549.9626,5825972.873,13.44338258,52.50032485,0
1674,210088,car + pedestrian,11,7,7601340.0,2021,2,14,1,3,6,2,0,0,1,1,0,796569.0812,5815882.313,13.361259,52.41260135,0
1675,210091,car,11,9,9501939.0,2021,3,18,2,3,2,6,2,0,1,0,0,809738.8844,5821531.568,13.55951268,52.45593709,0
1676,210092,car,11,2,2200210.0,2021,2,17,6,3,5,3,2,0,1,0,1,798425.0107,5824768.658,13.39640523,52.4912485,0
1677,210094,bike + car,11,5,5100313.0,2021,1,13,2,2,3,6,0,1,1,0,0,785194.2052,5831098.867,13.207501,52.55507856,1
1678,210095,bike + car,11,1,1100308.0,2021,2,20,5,3,5,3,2,1,1,0,0,797083.8086,5828186.314,13.37975939,52.52261569,0
1679,210096,car,11,4,4501148.0,2021,2,9,3,3,5,2,0,0,1,0,2,792824.1357,5823228.314,13.31279614,52.48047312,0
1680,210097,bike,11,1,1100206.0,2021,1,14,3,3,0,1,0,1,0,0,0,797963.5368,5827080.911,13.39169744,52.51222713,0
1681,210098,bike + car,11,11,11200411.0,2021,3,15,3,2,5,2,0,1,1,0,0,805606.1936,5831603.563,13.50812633,52.54853271,1
1682,210099,car,11,5,5200528.0,2021,2,9,5,3,2,6,0,0,1,0,1,783794.9286,5826305.689,13.1828244,52.5128332,0
1683,210100,bike + car,11,3,3701555.0,2021,1,14,3,3,1,5,0,1,1,0,1,799572.9647,5830088.323,13.41805169,52.53830235,0
1684,210101,bike + car,11,8,8200726.0,2021,1,14,3,3,5,2,0,1,1,0,1,802366.5237,5819912.36,13.44988181,52.44555219,0
1685,210102,car,11,1,1100104.0,2021,1,14,7,3,9,7,0,0,1,0,0,796097.5784,5825570.205,13.3629383,52.49970112,0
1686,210103,bike + pedestrian,11,2,2500831.0,2021,2,14,6,3,6,4,0,1,0,1,0,803081.3368,5827445.99,13.46721438,52.51267984,0
1687,210104,bike + car,11,9,9100101.0,2021,3,10,2,2,5,3,0,1,1,0,0,802095.9045,5825008.851,13.45052654,52.49138231,1
1688,210105,bike + car,11,11,11100206.0,2021,3,17,1,3,5,3,0,1,1,0,1,805545.892,5834234.687,13.50966221,52.57214734,0
1689,210106,car + pedestrian,11,4,4501147.0,2021,3,21,5,3,6,4,2,0,1,1,1,792873.9682,5824310.139,13.31447839,52.49014466,0
1690,210108,bike,11,4,4200311.0,2021,2,14,4,3,5,3,0,1,0,0,0,790477.41,5825988.024,13.28074429,52.50646761,0
1691,210110,car,11,12,12601133.0,2021,2,15,2,3,5,3,0,0,1,0,2,795734.9294,5837043.604,13.36783077,52.60274579,0
1692,210111,car + pedestrian,11,1,1300733.0,2021,2,19,4,3,6,4,2,0,1,1,1,797018.9363,5831531.013,13.38179564,52.55263241,0
1693,210112,car,11,12,12500825.0,2021,1,15,5,3,2,6,1,0,1,0,1,792345.481,5835048.24,13.31616463,52.58669147,0
1694,210113,car,11,7,7601341.0,2021,3,21,3,3,2,6,2,0,1,0,0,797565.6597,5815548.761,13.37557162,52.40907055,0
1695,210114,bike + car,11,6,6400840.0,2021,2,13,5,3,0,1,0,1,1,0,1,788698.5364,5819790.098,13.24924135,52.45184463,0
1696,210115,bike + car,11,11,11300619.0,2021,3,13,5,3,5,3,0,1,1,0,0,803669.8355,5828775.329,13.47707311,52.52426703,0
1697,210116,car,11,3,3300514.0,2021,3,10,2,3,5,3,0,0,1,0,0,802500.3898,5836824.387,13.46722572,52.59705925,0
1698,210117,car,11,10,10100311.0,2021,2,13,2,3,5,2,0,0,1,0,0,806333.4371,5830184.824,13.51750984,52.53540929,0
1699,210118,car,11,10,10400938.0,2021,3,12,6,3,5,3,0,0,1,0,0,814189.4225,5830066.059,13.63284361,52.52987353,0
1700,210119,bike,11,2,2100106.0,2021,1,13,5,3,0,1,0,1,0,0,2,799581.6273,5825642.07,13.41417514,52.49844383,0
1701,210121,car,11,11,11100206.0,2021,2,5,3,3,5,2,2,0,1,0,1,805090.3309,5834617.054,13.50331281,52.57582977,0
1702,210123,bike + car,11,2,2100104.0,2021,1,6,4,3,5,3,2,1,1,0,1,799327.382,5826236.786,13.41097559,52.50391409,0
1703,210125,car,11,9,9100202.0,2021,2,13,1,3,5,7,0,0,1,0,2,803061.7211,5824413.842,13.46416719,52.48551397,0
1704,210126,car + pedestrian,11,11,11401033.0,2021,1,7,5,2,6,2,2,0,1,1,1,806960.4446,5827802.346,13.52452603,52.51370453,1
1705,210127,car,11,3,3400620.0,2021,3,22,1,2,5,2,2,0,1,0,1,796758.6104,5834009.81,13.38018445,52.57499382,1
1706,210129,car,11,1,1400938.0,2021,1,20,3,3,5,3,2,0,1,0,1,794439.2248,5831463.457,13.34379774,52.5534275,0
1707,210130,car,11,4,4300414.0,2021,1,11,3,3,5,3,0,0,1,0,1,791451.4375,5827212.862,13.29612736,52.51692869,0
1708,210131,bike + car,11,11,11300722.0,2021,3,14,2,3,1,5,0,1,1,0,0,803553.6948,5828340.911,13.47497003,52.52043813,0
1709,210132,bike + car,11,3,3400721.0,2021,3,13,6,2,5,2,0,1,1,0,0,797821.6798,5832997.427,13.39491627,52.5653385,1
1710,210135,bike + car,11,5,5100105.0,2021,2,12,6,3,5,3,0,1,1,0,0,785201.8584,5831871.845,13.20827786,52.56200495,0
1711,210138,car + pedestrian,11,4,4500936.0,2021,1,18,4,3,6,2,2,0,1,1,1,792095.1637,5825783.309,13.3043325,52.50376865,0
1712,210140,car,11,8,8100520.0,2021,2,14,2,3,3,2,0,0,1,0,1,803195.9041,5822734.415,13.4646103,52.47038691,0
1713,210142,bike + pedestrian,11,2,2500728.0,2021,3,15,4,3,6,4,0,1,0,1,0,803018.5046,5828285.412,13.46705582,52.52023835,0
1714,210144,car,11,4,4200310.0,2021,2,19,2,2,1,1,2,0,1,0,0,789066.3025,5826974.662,13.2608685,52.51606264,1
1715,210145,car,11,2,2100102.0,2021,1,7,3,2,5,3,2,0,1,0,1,798185.0387,5826507.304,13.39443787,52.50696443,1
1716,210146,bike + car,11,4,4300518.0,2021,1,17,2,2,5,3,2,1,1,0,1,792203.9849,5828107.489,13.30797214,52.5245461,1
1717,210147,car,11,10,10100205.0,2021,3,17,1,3,5,3,1,0,1,0,1,807610.1316,5832363.226,13.53829056,52.55421293,0
1718,210148,car,11,5,5200632.0,2021,1,11,7,3,8,1,0,0,1,0,2,786150.561,5827273.218,13.21827418,52.52027713,0
1719,210151,car + pedestrian,11,1,1100101.0,2021,2,11,6,2,6,7,0,0,1,1,0,794972.8188,5825955.877,13.34675874,52.50376753,1
1720,210153,bike,11,2,2300419.0,2021,3,15,3,3,5,3,0,1,0,0,0,801733.3771,5825453.594,13.44560598,52.4955691,0
1721,210154,car,11,8,8200622.0,2021,2,5,4,3,1,5,2,0,1,0,1,801240.8739,5821609.573,13.43490074,52.46138619,0
1722,210156,bike + car,11,8,8100102.0,2021,3,12,3,3,5,2,0,1,1,0,0,800175.464,5823650.664,13.42110297,52.48026771,0
1723,210157,bike + car,11,4,4300416.0,2021,1,13,6,3,5,2,0,1,1,0,1,791711.0404,5826103.461,13.29896988,52.50684427,0
1724,210158,car,11,12,12100205.0,2021,2,18,6,3,2,6,2,0,1,0,0,794457.3242,5832966.317,13.34539741,52.56688972,0
1725,210160,bike + car,11,2,2500835.0,2021,3,20,5,3,2,6,2,1,1,0,1,802406.8572,5826148.662,13.45612725,52.50142627,0
1726,210161,bike + car,11,1,1100313.0,2021,3,13,5,3,5,2,0,1,1,0,0,799981.3937,5826939.188,13.4212151,52.50985085,0
1727,210162,car,11,1,1100310.0,2021,1,20,6,3,0,7,2,0,1,0,0,799339.2721,5827653.452,13.41242433,52.51660588,0
1728,210163,bike + car,11,7,7601544.0,2021,2,12,5,3,5,3,0,1,1,0,0,799474.2837,5813160.221,13.4014125,52.38661951,0
1729,210164,car,11,5,5100208.0,2021,2,13,7,3,4,1,0,0,1,0,2,781570.058,5829947.589,13.15321092,52.54664156,0
1730,210165,car,11,9,9100203.0,2021,3,8,6,3,2,7,0,0,1,0,0,804255.0672,5824135.165,13.48143281,52.48235261,0
1731,210166,bike + car,11,2,2100101.0,2021,2,8,2,3,5,2,0,1,1,0,0,797666.4985,5825846.145,13.38622927,52.50132108,0
1732,210167,car + pedestrian,11,11,11501340.0,2021,1,18,7,2,6,4,2,0,1,1,0,807240.3908,5824292.701,13.52540115,52.48209304,1
1733,210168,bike + car,11,3,3601141.0,2021,3,7,3,2,5,2,0,1,1,0,0,798816.199,5831461.976,13.40816272,52.55103059,1
1734,210170,bike + car,11,7,7501031.0,2021,3,15,4,3,1,5,0,1,1,0,0,797933.5161,5820446.843,13.38532767,52.45277681,0
1735,210171,bike + car,11,8,8100206.0,2021,3,19,3,3,2,7,2,1,1,0,0,800704.4886,5823897.797,13.42909228,52.48219181,0
1736,210173,car + pedestrian,11,1,1300834.0,2021,1,17,4,3,2,6,2,0,1,1,1,798428.4466,5830218.318,13.40134352,52.54009554,0
1737,210175,car,11,9,9100304.0,2021,1,3,6,3,2,7,2,0,1,0,0,804296.1294,5821790.496,13.4798969,52.46131509,0
1738,210176,bike,11,3,3601142.0,2021,3,9,4,3,0,1,0,1,0,0,0,799181.3164,5831224.038,13.41331723,52.54869743,0
1739,210177,car + pedestrian,11,4,4501152.0,2021,1,18,3,3,6,2,2,0,1,1,1,793977.4897,5824447.331,13.33080562,52.49078137,0
1740,210178,bike,11,7,7400721.0,2021,2,17,5,3,4,6,0,1,0,0,0,798744.4908,5823946.609,13.40035989,52.48370517,0
1741,210179,car,11,12,12500825.0,2021,2,14,3,3,5,3,0,0,1,0,2,791643.4513,5834492.359,13.30534255,52.58208501,0
1742,210180,car + pedestrian,11,6,6100209.0,2021,1,17,4,3,6,4,2,0,1,1,0,794751.6041,5821238.764,13.3393384,52.461601,0
1743,210182,car,11,1,1100310.0,2021,2,20,2,3,5,2,2,0,1,0,0,799245.9638,5828468.918,13.41178694,52.52396652,0
1744,210183,car + pedestrian,11,4,4501043.0,2021,1,14,1,3,6,7,0,0,1,1,0,792911.7253,5824396.527,13.31510883,52.49089884,0
1745,210185,car,11,10,10200421.0,2021,3,12,2,3,2,6,0,0,1,0,0,812101.6373,5830901.662,13.60295133,52.53856073,0
1746,210186,bike + car,11,1,1200628.0,2021,3,17,7,3,5,2,0,1,1,0,1,795727.5688,5828198.207,13.35983865,52.52345957,0
1747,210188,bike + pedestrian,11,1,1200623.0,2021,1,20,2,3,6,4,2,1,0,1,0,795801.1895,5829040.275,13.36166973,52.530968,0
1748,210190,car,11,9,9501737.0,2021,3,8,6,3,0,3,0,0,1,0,1,814210.1404,5821999.652,13.62554104,52.45757975,0
1749,210191,car,11,3,3400619.0,2021,2,16,4,3,5,3,0,0,1,0,1,795863.1973,5835596.065,13.36842595,52.58970042,0
1750,210192,bike + car,11,7,7100101.0,2021,1,17,5,3,1,5,2,1,1,0,1,794637.7079,5825746.476,13.34165063,52.50207145,0
1751,210193,bike + car,11,10,10100312.0,2021,3,15,3,3,5,3,0,1,1,0,0,808498.075,5829508.787,13.54869552,52.52812991,0
1752,210194,car,11,9,9200715.0,2021,2,11,3,3,5,3,0,0,1,0,1,808100.9629,5818953.636,13.53310676,52.43375908,0
1753,210195,car,11,8,8200726.0,2021,3,17,1,3,5,2,1,0,1,0,0,802369.622,5819929.247,13.44994255,52.44570184,0
1754,210196,bike + car,11,8,8100208.0,2021,3,8,5,3,0,2,0,1,1,0,1,801637.0967,5822641.373,13.44164758,52.47041588,0
1755,210197,car + pedestrian,11,4,4400728.0,2021,3,17,4,2,6,4,0,0,1,1,0,790037.9893,5823780.664,13.27236609,52.48691202,1
1756,210199,bike + pedestrian,11,9,9200510.0,2021,2,17,3,3,6,7,1,1,0,1,0,806447.4401,5822249.315,13.51188382,52.4642251,0
1757,210200,bike + pedestrian,11,7,7200308.0,2021,3,16,6,3,0,4,0,1,0,1,0,795143.4031,5823170.735,13.34679763,52.47870842,0
1758,210201,car,11,7,7601238.0,2021,1,9,5,2,2,2,0,0,1,0,0,798522.7335,5816818.134,13.39073231,52.4199281,1
1759,210202,car,11,9,9401329.0,2021,2,11,3,3,1,5,0,0,1,0,1,811788.4997,5818279.506,13.58654559,52.42562866,0
1760,210203,bike + car,11,4,4300622.0,2021,1,8,4,3,5,2,0,1,1,0,1,793676.862,5826072.268,13.32782334,52.50551,0
1761,210204,bike + car,11,11,11401137.0,2021,3,8,2,3,2,6,0,1,1,0,0,806776.4317,5825678.45,13.51986608,52.49477329,0
1762,210205,car + pedestrian,11,10,10300734.0,2021,2,13,6,2,6,4,0,0,1,1,1,809578.4244,5825289.759,13.56064644,52.48970802,1
1763,210206,car + pedestrian,11,7,7601547.0,2021,2,9,4,2,6,7,0,0,1,1,1,800034.353,5813250.115,13.40969793,52.3871189,1
1764,210207,car + pedestrian,11,4,4300624.0,2021,1,20,2,3,6,2,2,0,1,1,1,793345.4028,5826090.331,13.32296976,52.50585024,0
1765,210210,car,11,1,1300834.0,2021,2,18,2,3,2,6,2,0,1,0,2,797437.3871,5831142.679,13.38760134,52.54892314,0
1766,210211,car,11,12,12200412.0,2021,3,6,2,3,2,6,0,0,1,0,0,789784.5522,5833673.884,13.27726874,52.57574063,0
1767,210213,bike + car,11,9,9200819.0,2021,3,7,4,3,5,2,0,1,1,0,0,810778.3393,5818648.881,13.57208033,52.42951352,0
1768,210214,car,11,1,1300733.0,2021,1,23,5,3,9,1,2,0,1,0,1,797021.4522,5831512.53,13.3818161,52.55246536,0
1769,210215,bike + car,11,9,9502043.0,2021,2,14,4,3,5,3,0,1,1,0,0,809220.5463,5823021.8,13.55328922,52.46958581,0
1770,210216,car,11,7,7100102.0,2021,3,7,7,3,8,1,0,0,1,0,0,794961.5168,5825560.45,13.34624245,52.50022891,0