,ObjectID,vehicle_types,State,District,LOR_ab_2021,AccidentYear,AccidentMonth,AccidentHour,DayOfWeek,AccidentCategory,AccidentType,AccidentTypeDetail,LightingCondition,InvolvingBike,InvolvingCar,InvolvingPedestrian,RoadCondition,GraphicCoord1,GraphicCoord2,LongitudeWGS84,LatitudeWGS84,accident_outcome
1771,210217,car,11,9,9501838.0,2021,3,17,5,3,2,6,0,0,1,0,0,820165.4117,5819626.072,13.7106165,52.43285718,0
1772,210218,bike + car + pedestrian,11,9,9100304.0,2021,1,11,3,3,6,4,0,1,1,1,1,804601.5042,5822059.646,13.48462335,52.46355727,0
1773,210220,car + pedestrian,11,7,7501029.0,2021,1,18,6,2,6,3,2,0,1,1,1,797367.2653,5819343.935,13.37603758,52.44319863,1
1774,210221,car + pedestrian,11,7,7601236.0,2021,2,21,7,2,6,4,2,0,1,1,0,796567.4106,5816249.672,13.36156,52.41589536,1
1775,210222,car + pedestrian,11,4,4400726.0,2021,2,17,7,3,6,6,2,0,1,1,2,790233.3152,5824588.42,13.27593819,52.49404988,0
1776,210224,bike + car,11,4,4300624.0,2021,3,18,3,2,5,3,2,1,1,0,0,793257.5868,5826077.906,13.32166869,52.50578607,1
1777,210225,car,11,3,3500934.0,2021,2,15,2,3,5,3,0,0,1,0,0,800502.9514,5831781.198,13.43325402,52.55296393,0
1778,210227,car,11,4,4200308.0,2021,1,13,3,3,2,2,0,0,1,0,2,788491.4479,5827719.59,13.25306653,52.5230456,0
1779,210228,bike + car,11,4,4501152.0,2021,1,14,6,3,5,2,0,1,1,0,0,793976.6113,5824458.417,13.3308025,52.49088122,0
1780,210229,car,11,8,8100209.0,2021,3,7,4,3,2,6,0,0,1,0,0,801743.1908,5822067.088,13.4426854,52.46520986,0
1781,210230,bike + car,11,11,11300617.0,2021,1,18,4,3,5,2,2,1,1,0,0,803090.3371,5829538.646,13.46925351,52.53143091,0
1782,210231,car,11,12,12400723.0,2021,2,12,5,3,5,3,0,0,1,0,0,791698.2701,5839251.104,13.31034293,52.6247159,0
1783,210232,car + pedestrian,11,4,4400834.0,2021,2,18,4,3,6,4,2,0,1,1,2,792669.8231,5823057.032,13.31038002,52.47902034,0
1784,210234,car,11,1,2100104.0,2021,3,16,2,3,2,7,0,0,1,0,0,799364.8239,5826332.852,13.41161195,52.50475465,0
1785,210236,bike + car,11,8,8100104.0,2021,1,16,1,3,0,5,2,1,1,0,1,800872.8111,5822467.963,13.43027357,52.46928301,0
1786,210237,car,11,6,6200314.0,2021,1,18,5,3,2,6,2,0,1,0,1,794571.9571,5817705.787,13.33358681,52.43002639,0
1787,210238,car,11,11,11100204.0,2021,3,15,7,3,5,2,0,0,1,0,1,805956.7822,5833709.218,13.51522152,52.5672072,0
1788,210241,car,11,12,12100205.0,2021,1,9,3,3,2,6,0,0,1,0,2,794248.1748,5835451.153,13.34452615,52.58927745,0
1789,210242,bike + car,11,3,3200204.0,2021,2,15,4,2,5,2,0,1,1,0,0,798049.287,5837195.636,13.40204006,52.60284478,1
1790,210243,bike + car,11,3,3601453.0,2021,2,17,7,3,5,2,2,1,1,0,2,802387.0823,5828846.5,13.45828826,52.52561784,0
1791,210244,car + pedestrian,11,3,3200310.0,2021,3,17,6,3,0,4,0,0,1,1,0,799530.4832,5837790.807,13.42438444,52.60736544,0
1792,210245,car + pedestrian,11,9,9100101.0,2021,2,19,4,3,6,2,2,0,1,1,1,802353.5095,5824747.089,13.45407167,52.48889351,0
1793,210246,car + pedestrian,11,12,12500928.0,2021,1,19,5,3,6,4,2,0,1,1,1,792077.8752,5837104.955,13.31403993,52.60527276,0
1794,210247,car + pedestrian,11,12,12500824.0,2021,3,18,2,3,6,2,2,0,1,1,0,790701.0544,5835392.387,13.29226272,52.59065793,0
1795,210248,car,11,7,7601545.0,2021,2,20,4,3,0,5,2,0,1,0,0,800566.565,5814129.337,13.41828323,52.39470824,0
1796,210253,car,11,1,1300835.0,2021,2,16,2,3,5,2,0,0,1,0,0,797391.3274,5830020.483,13.38591939,52.53888918,0
1797,210254,car,11,12,12200515.0,2021,3,13,6,3,2,7,0,0,1,0,0,789961.0763,5835548.387,13.28150656,52.59245145,0
1798,210257,bike + car,11,12,12500930.0,2021,2,15,3,3,5,2,0,1,1,0,0,793947.3557,5835309.322,13.33997263,52.58816868,0
1799,210258,car + pedestrian,11,1,1300733.0,2021,1,12,4,3,6,7,0,0,1,1,1,797096.9793,5831730.188,13.38312155,52.55437522,0
1800,210260,car,11,3,3701658.0,2021,2,17,1,3,2,6,2,0,1,0,2,800104.8559,5829686.466,13.42550763,52.53440774,0
1801,210261,bike + car,11,2,2400623.0,2021,3,12,4,3,5,2,0,1,1,0,0,800674.8061,5827572.211,13.43197356,52.51514306,0
1802,210263,car + pedestrian,11,9,9100304.0,2021,2,17,2,3,6,2,1,0,1,1,0,804805.8299,5822374.842,13.48790947,52.46626834,0
1803,210264,bike + car,11,1,1401047.0,2021,1,7,4,3,5,2,2,1,1,0,1,795259.2603,5830462.14,13.35496731,52.54400765,0
1804,210265,car,11,6,6300633.0,2021,1,11,2,2,9,1,0,0,1,0,2,793203.7041,5819646.822,13.31522272,52.44816239,1
1805,210267,bike + car + pedestrian,11,2,2200210.0,2021,3,12,4,3,5,3,0,1,1,1,0,798486.7613,5825222.172,13.39771834,52.49527992,0
1806,210268,car,11,7,7601544.0,2021,1,16,2,3,2,6,0,0,1,0,0,799901.2985,5813192.173,13.40769684,52.38667237,0
1807,210270,car + pedestrian,11,1,1400938.0,2021,2,10,4,3,6,4,0,0,1,1,2,793779.5145,5830452.119,13.33320075,52.54471771,0
1808,210274,bike + car,11,1,1200522.0,2021,1,10,3,3,5,3,0,1,1,0,1,794219.0046,5828307.448,13.33776435,52.52525498,0
1809,210275,bike + car,11,4,4300416.0,2021,3,13,4,3,5,7,0,1,1,0,0,791596.0098,5826097.691,13.29727479,52.50685405,0
1810,210276,bike + car,11,4,4501042.0,2021,3,10,2,2,3,5,0,1,1,0,0,794341.4057,5825624.502,13.33719023,52.50113793,1
1811,210277,bike + car,11,4,4300619.0,2021,2,19,2,3,5,2,2,1,1,0,0,791780.9285,5827465.256,13.30119071,52.51901517,0
1812,210278,car + pedestrian,11,4,4300517.0,2021,1,19,3,3,6,2,2,0,1,1,1,791482.8917,5828283.193,13.2975276,52.52650725,0
1813,210279,bike + car,11,2,2400623.0,2021,1,11,3,3,5,3,0,1,1,0,1,801242.4196,5827686.705,13.44041661,52.51585609,0
1814,210280,bike + car,11,12,12400617.0,2021,2,17,6,2,5,3,2,1,1,0,1,785956.5297,5837001.543,13.22380733,52.6076002,1
1815,210281,car + pedestrian,11,4,4300623.0,2021,1,1,7,3,0,4,2,0,1,1,2,792726.1893,5826122.625,13.31390107,52.50647234,0
1816,210282,car,11,1,1401046.0,2021,3,12,4,3,5,2,0,0,1,0,0,794616.9598,5829881.925,13.34500871,52.53915414,0
1817,210283,car + pedestrian,11,5,5200527.0,2021,1,17,2,1,6,4,2,0,1,1,0,783187.9829,5827502.959,13.17492375,52.52388374,1
1818,210284,car,11,4,4500937.0,2021,2,16,5,3,2,6,0,0,1,0,0,791469.7825,5825060.96,13.29451276,52.49762729,0
1819,210285,car,11,1,1100309.0,2021,2,13,2,3,2,6,0,0,1,0,2,798068.353,5828936.066,13.39489976,52.52879893,0
1820,210286,car,11,7,7200409.0,2021,3,4,1,3,1,1,2,0,1,0,0,795177.864,5824367.973,13.34836373,52.48942222,0
1821,210287,car + pedestrian,11,9,9100407.0,2021,2,10,6,3,6,4,0,0,1,1,0,805615.9296,5819682.643,13.49733361,52.44168688,0
1822,210288,bike + pedestrian,11,3,3601142.0,2021,1,10,3,2,6,4,0,1,0,1,0,798732.9707,5830327.074,13.40591812,52.54090352,1
1823,210289,car,11,5,5100209.0,2021,1,18,2,3,5,2,2,0,1,0,1,783691.3843,5830170.573,13.18460099,52.54754029,0
1824,210290,bike,11,11,11300721.0,2021,1,0,7,3,0,1,2,1,0,0,0,805052.6253,5829100.798,13.49769035,52.52641215,0
1825,210291,car,11,8,8100209.0,2021,2,18,6,3,0,7,2,0,1,0,0,801811.873,5821965.232,13.44360122,52.46425898,0
1826,210292,bike + car,11,3,3400827.0,2021,3,19,6,2,2,5,2,1,1,0,0,799172.5147,5832457.015,13.41429895,52.55975396,1
1827,210293,bike + car,11,8,8100311.0,2021,1,21,6,3,1,5,2,1,1,0,1,800695.6899,5824359.707,13.42937976,52.48633692,0
1828,210294,bike + car,11,4,4501149.0,2021,3,13,6,3,5,2,0,1,1,0,0,793465.0021,5824499.503,13.32332509,52.49152482,0
1829,210295,bike,11,4,4100102.0,2021,1,16,6,3,0,7,1,1,0,0,1,791127.7118,5829152.424,13.29306816,52.53448961,0
1830,210296,car,11,7,7601238.0,2021,2,7,4,3,2,6,0,0,1,0,0,797680.8939,5817273.162,13.37879454,52.42446555,0
1831,210297,bike + car,11,2,2300316.0,2021,3,17,6,3,5,2,0,1,1,0,0,800700.3395,5826552.211,13.43142718,52.50598645,0
1832,210299,bike + car,11,1,1200518.0,2021,2,13,5,3,5,2,0,1,1,0,1,793431.4977,5828526.088,13.32638284,52.52763939,0
1833,210300,car,11,6,6100102.0,2021,1,17,5,2,5,2,2,0,1,0,1,793647.6117,5820593.207,13.32256789,52.45640817,1
1834,210301,car,11,12,12200412.0,2021,3,13,2,3,5,7,0,0,1,0,0,788636.8984,5833095.233,13.25987649,52.57116281,0
1835,210302,car + pedestrian,11,6,6200313.0,2021,2,6,4,2,6,2,2,0,1,1,1,795347.9998,5818440.847,13.34561727,52.43619737,1
1836,210303,car,11,9,9200715.0,2021,3,9,5,3,5,2,0,0,1,0,0,808643.3584,5819165.301,13.54125526,52.43535028,0
1837,210304,car + pedestrian,11,7,7501134.0,2021,3,12,4,2,6,4,0,0,1,1,1,799281.6041,5817627.918,13.40258264,52.42677235,1
1838,210306,bike + car,11,2,2400521.0,2021,3,11,5,3,5,2,0,1,1,0,0,801250.9859,5827845.583,13.44068632,52.5172754,0
1839,210309,car,11,8,8401241.0,2021,2,15,3,3,2,6,0,0,1,0,1,804797.402,5817837.957,13.48364692,52.42561025,0
1840,210311,car,11,4,4300416.0,2021,1,4,3,3,9,1,2,0,1,0,1,791404.3789,5826085.216,13.29444841,52.5068446,0
1841,210312,bike + car,11,7,7601340.0,2021,3,16,2,3,2,3,0,1,1,0,0,796532.6273,5815645.34,13.3605147,52.4104968,0
1842,210314,bike + car,11,1,1300732.0,2021,1,8,4,3,5,2,0,1,1,0,0,797588.1029,5832768.797,13.39127535,52.56341686,0
1843,210318,car,11,6,6200316.0,2021,1,16,3,3,2,6,1,0,1,0,0,795998.4224,5817704.698,13.35450561,52.4292467,0
1844,210319,car + pedestrian,11,8,8200832.0,2021,1,18,3,3,6,2,2,0,1,1,1,801021.3403,5817079.19,13.42759855,52.42089951,0
1845,210320,car,11,4,4501042.0,2021,3,13,2,3,1,5,0,0,1,0,0,793517.7443,5825549.37,13.32502479,52.50090808,0
1846,210321,bike + car,11,2,2400623.0,2021,1,17,1,3,1,5,2,1,1,0,1,800898.3692,5826940.841,13.43468733,52.50936065,0
1847,210322,car,11,10,10400835.0,2021,3,19,5,3,5,3,2,0,1,0,0,812422.3193,5829384.261,13.6062382,52.52477945,0
1848,210323,car,11,7,7400823.0,2021,1,13,2,3,3,6,0,0,1,0,0,797289.7441,5821226.553,13.37657618,52.46011664,0
1849,210325,car,11,7,7300619.0,2021,2,12,2,3,5,2,0,0,1,0,2,795392.9711,5821007.642,13.34854659,52.45918282,0
1850,210327,car,11,6,6300526.0,2021,3,16,3,3,5,3,0,0,1,0,0,788367.992,5817753.792,13.24263334,52.43376237,0
1851,210328,bike,11,4,4200207.0,2021,1,14,5,3,5,2,0,1,0,0,1,788474.5169,5825176.805,13.25061352,52.50025744,0
1852,210330,bike + car,11,4,4500938.0,2021,1,7,2,3,1,5,2,1,1,0,1,791580.9614,5825004.674,13.2960966,52.4970633,0
1853,210332,car,11,8,8200725.0,2021,2,15,7,3,5,3,0,0,1,0,0,799911.3691,5819067.28,13.4131081,52.43932943,0
1854,210333,bike,11,1,1100309.0,2021,3,21,7,2,5,3,2,1,0,0,1,798126.7,5828963.615,13.39578202,52.52901397,1
1855,210334,bike + car,11,6,6300631.0,2021,2,16,6,3,5,3,1,1,1,0,1,792324.8704,5816603.275,13.29966677,52.42134776,0
1856,210335,car,11,3,3400829.0,2021,3,16,5,3,5,3,0,0,1,0,1,799768.6003,5832816.962,13.4233909,52.56265246,0
1857,210337,bike + car,11,4,4300623.0,2021,1,18,7,3,1,5,2,1,1,0,1,792358.992,5826028.905,13.30842402,52.50582906,0
1858,210338,car,11,1,1200623.0,2021,2,15,4,3,2,6,0,0,1,0,0,795278.4987,5829389.32,13.35429679,52.5343803,0
1859,210339,car,11,11,11400930.0,2021,3,10,7,2,5,3,0,0,1,0,0,805904.2557,5826550.331,13.50785997,52.5030769,1
1860,210340,bike + car + pedestrian,11,3,3701555.0,2021,2,14,5,3,6,4,0,1,1,1,1,799684.0349,5830034.991,13.41963634,52.53776325,0
1861,210341,car + pedestrian,11,7,7400825.0,2021,2,14,2,3,6,2,0,0,1,1,2,797809.942,5821044.332,13.38404744,52.45819999,0
1862,210342,car + pedestrian,11,1,1100308.0,2021,1,7,6,3,6,4,2,0,1,1,0,796649.434,5829049.899,13.37414635,52.53059331,0
1863,210343,bike + car,11,4,4500939.0,2021,3,16,3,3,5,3,0,1,1,0,0,792336.2679,5824093.226,13.30639129,52.48848829,0
1864,210344,car,11,10,10100205.0,2021,2,7,3,3,5,3,0,0,1,0,2,808402.4386,5833052.018,13.5505797,52.55993767,0
1865,210345,bike + car,11,9,9200510.0,2021,3,17,4,3,5,2,0,1,1,0,0,806599.8004,5822782.188,13.51460908,52.46891541,0
1866,210347,car + pedestrian,11,8,8300935.0,2021,1,14,1,3,6,4,0,0,1,1,0,802667.8377,5818093.624,13.4526549,52.42908394,0
1867,210348,car + pedestrian,11,4,4501150.0,2021,1,10,6,3,6,7,0,0,1,1,1,793906.8354,5824030.09,13.3294,52.48707904,0
1868,210349,car,11,7,7601442.0,2021,2,14,5,3,0,5,0,0,1,0,0,799399.1518,5814365.625,13.40138861,52.3974656,0
1869,210351,car,11,5,5100316.0,2021,3,21,7,3,3,6,2,0,1,0,1,784819.6361,5829070.961,13.20025198,52.53709249,0
1870,210352,car + pedestrian,11,3,3200207.0,2021,1,19,6,2,6,4,2,0,1,1,1,800067.5331,5835822.392,13.43050764,52.58942609,1
1871,210353,car + pedestrian,11,12,12601134.0,2021,3,13,6,2,6,4,0,0,1,1,0,794068.057,5836543.057,13.34284457,52.59916292,1
1872,210354,bike + car,11,8,8100206.0,2021,1,16,6,3,3,6,0,1,1,0,0,800967.334,5823524.697,13.43261438,52.4787028,0
1873,210355,bike + car,11,6,6100205.0,2021,2,12,4,3,0,2,0,1,1,0,0,795349.9968,5819991.137,13.34701685,52.45009372,0
1874,210359,car,11,5,5200423.0,2021,1,17,7,3,5,2,2,0,1,0,1,780873.7645,5828324.703,13.14159768,52.5324492,0
1875,210363,bike + car,11,1,1100206.0,2021,3,15,3,3,3,6,0,1,1,0,0,798182.1874,5827537.797,13.39531926,52.51620304,0
1876,210364,bike + car,11,11,11501339.0,2021,2,16,2,3,5,3,0,1,1,0,0,806064.5274,5825132.863,13.50891146,52.49028319,0
1877,210366,bike,11,2,2500833.0,2021,1,19,5,3,0,1,2,1,0,0,1,802596.129,5827012.188,13.45969191,52.50906109,0
1878,210368,car,11,11,11401137.0,2021,2,21,2,2,0,7,2,0,1,0,0,806784.2168,5826590.537,13.52082048,52.50294322,1
1879,210369,bike + car,11,10,10400837.0,2021,3,9,4,3,0,3,0,1,1,0,0,810171.8628,5825516.327,13.56956957,52.49140159,0
1880,210370,bike + car,11,3,3400829.0,2021,1,13,4,3,5,3,0,1,1,0,1,799683.4523,5832692.365,13.42202599,52.56158253,0
1881,210371,car + pedestrian,11,6,6300632.0,2021,3,16,2,2,6,4,0,0,1,1,0,792687.7764,5817352.315,13.30564363,52.42786886,1
1882,210372,car + pedestrian,11,9,9100306.0,2021,2,5,6,3,6,2,2,0,1,1,1,804024.2995,5821201.652,13.47537201,52.45618869,0
1883,210373,bike + car,11,4,4501040.0,2021,1,8,4,3,5,2,0,1,1,0,1,792696.1814,5825474.236,13.31289022,52.50067582,0
1884,210374,car,11,3,3601243.0,2021,3,20,3,2,5,3,2,0,1,0,0,799767.6968,5831418.234,13.42211444,52.55011572,1
1885,210375,car,11,2,2400623.0,2021,1,16,5,3,2,6,0,0,1,0,1,800323.6345,5827720.972,13.42694833,52.51666993,0
1886,210376,bike + pedestrian,11,3,3500935.0,2021,3,15,2,3,6,6,0,1,0,1,0,801698.3821,5831372.677,13.45046104,52.54864154,0
1887,210377,car,11,1,1300834.0,2021,2,16,1,3,2,6,0,0,1,0,0,797714.4126,5830668.348,13.39124961,52.54452005,0
1888,210378,car,11,12,12500824.0,2021,1,13,4,2,1,5,0,0,1,0,1,791399.6769,5836556.259,13.30357057,52.60071785,1
1889,210379,car,11,3,3200205.0,2021,1,14,3,2,5,3,0,0,1,0,1,797879.4557,5836017.544,13.39847999,52.59237798,1
1890,210380,bike + car,11,10,10400837.0,2021,3,13,2,3,5,3,0,1,1,0,0,809998.3682,5824357.137,13.56594433,52.48111189,0
1891,210381,car,11,11,11200411.0,2021,3,14,1,3,5,2,0,0,1,0,0,805717.436,5831376.826,13.50955308,52.54643821,0
1892,210382,car,11,9,9200715.0,2021,1,17,6,3,5,3,2,0,1,0,1,808559.0981,5818331.457,13.53925029,52.42792485,0
1893,210383,car,11,6,6300634.0,2021,3,15,5,3,5,2,0,0,1,0,0,792939.0726,5817768.685,13.30969376,52.43146706,0
1894,210386,car + pedestrian,11,10,10100209.0,2021,2,13,5,3,6,4,0,0,1,1,2,809561.305,5832151.057,13.56678007,52.55120616,0
1895,210387,car,11,3,3200207.0,2021,3,15,3,3,2,6,0,0,1,0,0,800108.2264,5836219.19,13.43146601,52.59296019,0
1896,210388,car + pedestrian,11,11,11300722.0,2021,2,6,4,3,6,2,2,0,1,1,1,804237.6751,5828690.52,13.48533947,52.52319037,0
1897,210389,bike + car,11,2,2100101.0,2021,1,12,3,3,5,7,0,1,1,0,1,797585.931,5825949.119,13.38513787,52.50228807,0
1898,210392,car + pedestrian,11,11,11200514.0,2021,2,16,5,3,6,7,0,0,1,1,0,804968.2647,5830057.776,13.49732858,52.53503621,0
1899,210393,car,11,6,6200317.0,2021,3,7,6,3,5,3,0,0,1,0,0,796561.2491,5817637.477,13.36269985,52.42833932,0
1900,210394,car,11,7,7400823.0,2021,3,11,5,2,5,7,0,0,1,0,1,796901.4729,5820709.41,13.37041839,52.45569201,1
1901,210396,car,11,2,2200210.0,2021,1,7,7,3,9,1,0,0,1,0,0,798626.5758,5825098.501,13.39966082,52.49409489,0
1902,210397,car,11,4,4501042.0,2021,2,7,4,3,2,2,0,0,1,0,0,794557.6299,5825993.198,13.34069257,52.50432639,0
1903,210398,bike + car,11,4,4200311.0,2021,3,7,5,2,5,3,0,1,1,0,0,790469.0566,5826712.408,13.28125373,52.51296622,1
1904,210399,bike + car,11,1,1300836.0,2021,2,6,2,3,5,7,2,1,1,0,1,796369.9621,5830303.188,13.37115623,52.54197977,0
1905,210401,bike + car,11,3,3601245.0,2021,2,17,7,3,0,2,2,1,1,0,0,800292.5455,5831596.042,13.42999257,52.55142038,0
1906,210402,car,11,2,2100106.0,2021,2,12,2,2,2,6,0,0,1,0,1,799987.3088,5825420.943,13.41993418,52.49623893,1
1907,210406,bike + car,11,11,11200513.0,2021,1,9,3,3,5,3,0,1,1,0,1,804874.0878,5830920.13,13.49673562,52.5428177,0
1908,210407,bike + car,11,7,7400823.0,2021,1,16,3,3,5,7,2,1,1,0,1,797333.887,5821876.502,13.37780299,52.46591877,0
1909,210408,bike + car,11,3,3200204.0,2021,3,12,4,3,5,2,0,1,1,0,0,798057.5053,5837198.717,13.40216383,52.60286789,0
1910,210409,car,11,5,5100316.0,2021,1,12,5,3,2,6,0,0,1,0,0,784498.2462,5828898.495,13.19537859,52.53571404,0
1911,210410,car,11,1,1200623.0,2021,2,17,5,3,2,2,1,0,1,0,0,795471.3704,5829570.434,13.35729303,52.5358993,0
1912,210411,car,11,2,2500833.0,2021,2,13,2,3,2,6,0,0,1,0,2,802748.6808,5826962.893,13.461888,52.50853462,0
1913,210412,car,11,9,9301024.0,2021,1,12,3,3,0,7,0,0,1,0,0,810137.5056,5815890.396,13.56012882,52.40515612,0
1914,210413,car,11,3,3300514.0,2021,3,0,1,3,8,1,2,0,1,0,0,801614.8219,5836167.289,13.45359257,52.59166164,0
1915,210414,bike + car,11,1,1300733.0,2021,2,16,1,3,5,2,0,1,1,0,0,797163.1137,5831883.339,13.38423124,52.55571194,0
1916,210415,car + pedestrian,11,1,1200518.0,2021,1,14,2,3,6,4,0,0,1,1,1,793377.8003,5828532.281,13.32559904,52.5277238,0
1917,210416,car,11,1,1100416.0,2021,4,14,6,3,2,6,0,0,1,0,0,798161.2878,5829854.623,13.39708962,52.53698175,0
1918,210417,bike + car,11,10,10200417.0,2021,5,19,4,3,5,3,0,1,1,0,0,811313.9615,5831718.315,13.59214033,52.54632947,0
1919,210418,bike + car,11,4,4200310.0,2021,5,9,5,3,5,2,0,1,1,0,0,789870.1354,5826218.139,13.27202237,52.50885363,0
1920,210420,car,11,9,9502043.0,2021,3,1,7,3,9,1,2,0,1,0,0,811363.3094,5822769.213,13.58449651,52.46610532,0
1921,210422,car,11,1,1100310.0,2021,3,18,3,3,2,6,0,0,1,0,0,799140.942,5828465.348,13.41024037,52.52399215,0
1922,210423,bike,11,12,12200515.0,2021,4,16,4,2,3,6,0,1,0,0,0,789171.9593,5835322.169,13.26969236,52.59084352,1
1923,210424,car,11,5,5100209.0,2021,5,10,6,3,5,2,0,0,1,0,1,783561.0834,5830196.711,13.18270687,52.5478425,0
1924,210425,car + pedestrian,11,12,12500927.0,2021,4,7,3,3,6,2,0,0,1,1,0,792636.1769,5835828.416,13.32113237,52.59352904,0
1925,210426,bike + car,11,1,1200520.0,2021,4,10,4,3,5,2,0,1,1,0,0,794585.3778,5828435.086,13.34326212,52.52620133,0
1926,210427,car,11,1,1300836.0,2021,3,12,3,2,5,3,0,0,1,0,0,796661.7177,5830361.176,13.37549748,52.54234081,1
1927,210428,bike + car,11,1,1401049.0,2021,4,9,3,3,5,2,0,1,1,0,0,795878.0702,5831961.265,13.36540161,52.55711013,0
1928,210429,car + pedestrian,11,12,12200309.0,2021,5,11,6,2,6,4,0,0,1,1,0,793326.2949,5832770.154,13.3285849,52.56574183,1
1929,210430,bike + car,11,6,6300632.0,2021,4,8,3,3,5,3,0,1,1,0,0,791543.6516,5817466.664,13.28896373,52.42950489,0
1930,210431,car + pedestrian,11,7,7300517.0,2021,4,15,6,3,6,7,0,0,1,1,0,794355.7701,5822213.594,13.33438895,52.47055324,0
1931,210432,bike + car,11,2,2400625.0,2021,5,17,4,3,3,6,0,1,1,0,0,801094.223,5826637.1,13.43728972,52.5065301,0
1932,210433,car,11,4,4400728.0,2021,5,17,3,3,5,3,0,0,1,0,0,789610.2421,5823358.909,13.26571775,52.48335794,0
1933,210434,car,11,9,9100407.0,2021,3,16,6,3,2,2,0,0,1,0,0,805519.9313,5821502.419,13.49759011,52.45805039,0
1934,210435,bike + car,11,5,5200633.0,2021,4,16,5,3,5,2,0,1,1,0,0,783761.7864,5826932.03,13.18287153,52.51846634,0
1935,210437,bike + car,11,11,11501238.0,2021,4,13,3,3,0,2,0,1,1,0,0,804098.6172,5825992.899,13.48083142,52.49909009,0
1936,210438,bike + car,11,4,4300414.0,2021,5,12,4,3,1,5,0,1,1,0,0,791355.9799,5826634.306,13.29421798,52.511793,0
1937,210440,bike + car,11,1,1100415.0,2021,4,22,5,3,2,7,2,1,1,0,0,798193.9159,5829354.222,13.3971203,52.53247848,0
1938,210442,car,11,8,8200730.0,2021,5,20,6,2,2,7,0,0,1,0,0,801454.0998,5818082.269,13.43484711,52.42965227,1
1939,210443,bike + car,11,4,4200311.0,2021,5,13,1,3,5,2,0,1,1,0,0,790294.4297,5826007.627,13.27807298,52.50674075,0
1940,210444,car,11,5,5100312.0,2021,4,13,5,2,5,7,0,0,1,0,1,784464.7669,5830880.657,13.19658395,52.5535036,1
1941,210445,car,11,12,12500825.0,2021,5,6,2,3,5,3,0,0,1,0,0,792398.9887,5835229.928,13.31711252,52.58829146,0
1942,210446,bike + car,11,1,1300733.0,2021,4,9,2,3,5,3,0,1,1,0,1,797152.8574,5831854.653,13.38405472,52.5554604,0
1943,210448,bike + car,11,1,1300732.0,2021,3,17,5,3,5,2,0,1,1,0,0,797411.3538,5832512.327,13.38844564,52.56121451,0
1944,210450,car,11,1,1100310.0,2021,3,10,1,3,5,2,0,0,1,0,0,799244.971,5828468.804,13.41177225,52.52396604,0
1945,210451,car,11,5,5100314.0,2021,5,18,3,3,3,6,0,0,1,0,0,785196.7087,5829765.028,13.20639222,52.54311822,0
1946,210452,bike + car,11,3,3601244.0,2021,4,9,5,3,5,3,0,1,1,0,0,800085.3217,5831671.277,13.42701347,52.55220893,0
1947,210453,bike + car,11,7,7100102.0,2021,4,17,6,3,1,5,0,1,1,0,0,795353.5195,5825531.227,13.35197458,52.49975492,0
1948,210454,car,11,4,4200310.0,2021,5,17,4,3,5,3,0,0,1,0,0,789652.579,5826500.596,13.26907158,52.51150148,0
1949,210455,bike + car,11,5,5100105.0,2021,5,11,4,3,1,5,0,1,1,0,0,785043.0519,5831879.566,13.2059481,52.56215734,0
1950,210457,bike + car,11,10,10200418.0,2021,5,14,3,3,2,1,0,1,1,0,0,810964.2229,5830915.731,13.58624814,52.53933699,0
1951,210461,bike + car,11,3,3400724.0,2021,4,17,6,3,5,2,0,1,1,0,0,800024.9774,5834542.705,13.42872283,52.57797948,0
1952,210462,bike + car,11,4,4300416.0,2021,3,11,3,3,3,6,0,1,1,0,0,791960.073,5826031.317,13.30256538,52.5060643,0
1953,210463,bike + car,11,3,3701556.0,2021,4,19,3,3,0,6,0,1,1,0,0,799785.1214,5829557.283,13.4206914,52.53342579,0
1954,210464,car + pedestrian,11,3,3300413.0,2021,4,9,5,3,6,4,0,0,1,1,0,803227.4207,5838048.183,13.4790476,52.6076227,0
1955,210465,car + pedestrian,11,6,6100103.0,2021,4,20,5,3,6,2,2,0,1,1,1,792746.0369,5821717.847,13.3103237,52.466974,0
1956,210466,bike + car,11,1,1200522.0,2021,5,22,4,3,5,2,2,1,1,0,0,794572.0299,5828352.012,13.34299235,52.52546384,0
1957,210467,bike + car,11,7,7300517.0,2021,5,16,3,3,2,6,0,1,1,0,0,794406.0384,5822360.137,13.33525618,52.47183983,0
1958,210469,bike + car,11,9,9501939.0,2021,4,14,6,3,5,3,0,1,1,0,0,811062.368,5821898.305,13.57926925,52.45847206,0
1959,210472,car,11,5,5100105.0,2021,5,12,6,3,5,3,0,0,1,0,1,785162.1209,5831166.2,13.20708689,52.55569906,0
1960,210474,car,11,10,10300734.0,2021,4,16,2,3,1,3,0,0,1,0,0,809943.9957,5827056.326,13.56765712,52.50533191,0
1961,210475,bike + car,11,4,4400834.0,2021,5,13,6,3,5,2,0,1,1,0,0,792603.69,5823006.821,13.30936496,52.47860566,0
1962,210477,car + pedestrian,11,7,7100102.0,2021,5,22,7,3,6,2,2,0,1,1,0,795468.0303,5825557.035,13.35367948,52.49992429,0
1963,210481,bike + car,11,2,2200209.0,2021,3,8,5,3,5,2,0,1,1,0,0,797101.3481,5824481.482,13.3767109,52.4893963,0