,ObjectID,vehicle_types,State,District,LOR_ab_2021,AccidentYear,AccidentMonth,AccidentHour,DayOfWeek,AccidentCategory,AccidentType,AccidentTypeDetail,LightingCondition,InvolvingBike,InvolvingCar,InvolvingPedestrian,RoadCondition,GraphicCoord1,GraphicCoord2,LongitudeWGS84,LatitudeWGS84,accident_outcome
1964,210482,car + pedestrian,11,8,8200832.0,2021,4,10,6,3,6,4,0,0,1,1,0,800999.4577,5816277.305,13.42655651,52.41372387,0
1965,210483,bike + pedestrian,11,8,8100208.0,2021,3,12,1,3,6,4,0,1,0,1,0,801626.816,5822565.477,13.44142807,52.46974129,0
1966,210484,car + pedestrian,11,6,6100205.0,2021,4,15,3,2,6,4,0,0,1,1,0,795096.379,5819670.725,13.34301264,52.44735837,1
1967,210486,car,11,7,7601546.0,2021,3,12,4,2,2,6,0,0,1,0,0,798116.2034,5814245.239,13.38248122,52.39708625,1
1968,210488,bike + car,11,6,6100207.0,2021,5,14,4,3,2,6,0,1,1,0,0,794229.6137,5820280.901,13.33083337,52.45329549,0
1969,210489,bike + car,11,8,8401139.0,2021,5,17,6,3,4,5,0,1,1,0,0,803192.2754,5818917.705,13.46109197,52.43617983,0
1970,210491,bike + car,11,1,1100103.0,2021,5,18,7,3,0,5,0,1,1,0,0,796169.4011,5825980.485,13.36435816,52.50333993,0
1971,210492,car + pedestrian,11,3,3200206.0,2021,5,15,2,3,6,7,0,0,1,1,0,798409.5363,5834846.318,13.40522717,52.58158916,0
1972,210493,car,11,6,6400840.0,2021,4,16,2,3,2,6,0,0,1,0,0,788858.8146,5819535.177,13.2513729,52.44947446,0
1973,210494,bike,11,6,6400736.0,2021,4,14,1,2,7,7,0,1,0,0,0,786205.4406,5816042.821,13.20944612,52.41955762,1
1974,210495,bike + car,11,6,6200423.0,2021,5,18,1,3,4,6,0,1,1,0,1,793831.7005,5816317.239,13.32151057,52.41797654,0
1975,210497,car + pedestrian,11,6,6100208.0,2021,4,11,5,3,6,4,0,0,1,1,0,794767.8279,5820566.029,13.33898251,52.45556154,0
1976,210499,bike + car,11,4,4300517.0,2021,4,15,7,3,0,2,0,1,1,0,0,791705.952,5827845.831,13.30042261,52.52246707,0
1977,210501,car,11,8,8100312.0,2021,5,15,4,3,3,6,0,0,1,0,0,801446.3402,5823875.745,13.43996351,52.48158514,0
1978,210505,bike + car,11,9,9200818.0,2021,5,18,6,3,1,5,0,1,1,0,1,810495.6761,5820356.262,13.5695221,52.44497503,0
1979,210506,bike + car,11,4,4300518.0,2021,5,11,2,2,5,7,0,1,1,0,0,792089.4329,5827965.03,13.30616336,52.52333038,1
1980,210508,bike + car,11,7,7100102.0,2021,4,19,2,3,2,7,0,1,1,0,0,795090.7289,5825114.548,13.34774537,52.49616185,0
1981,210509,car + pedestrian,11,11,11300617.0,2021,5,14,2,2,6,4,0,0,1,1,0,803149.3056,5829581.299,13.47015906,52.53178042,1
1982,210510,bike + car,11,4,4501153.0,2021,3,13,4,3,5,2,0,1,1,0,0,794027.6652,5824057.516,13.33119856,52.48725984,0
1983,210511,bike,11,2,2500833.0,2021,4,18,4,3,0,1,0,1,0,0,0,802339.075,5827095.172,13.45599126,52.50994739,0
1984,210512,bike,11,3,3601245.0,2021,5,18,3,3,5,2,0,1,0,0,0,800880.784,5831061.928,13.43815822,52.54630844,0
1985,210513,bike + car,11,10,10100311.0,2021,5,13,1,3,5,2,0,1,1,0,0,807490.1125,5829152.222,13.53355439,52.52550381,0
1986,210515,bike + car,11,4,4500937.0,2021,4,16,6,3,0,2,0,1,1,0,0,791019.738,5824863.47,13.28772946,52.49609696,0
1987,210518,car,11,1,1300834.0,2021,5,18,2,3,2,6,0,0,1,0,0,797971.3904,5830851.769,13.39519243,52.5460237,0
1988,210520,car,11,9,9200715.0,2021,3,15,4,3,2,6,0,0,1,0,0,808991.7883,5818093.084,13.54537372,52.42554437,0
1989,210521,car,11,3,3300517.0,2021,5,2,7,1,8,1,2,0,1,0,0,803713.779,5834120.683,13.48260723,52.57215095,1
1990,210522,car + pedestrian,11,1,1401045.0,2021,5,14,7,3,6,2,0,0,1,1,1,796463.5106,5831924.831,13.37397935,52.55646516,0
1991,210523,bike + car,11,1,1100103.0,2021,4,16,6,3,5,7,0,1,1,0,0,796028.2645,5825596.058,13.36194317,52.49997048,0
1992,210524,car,11,3,3601244.0,2021,3,14,3,3,5,3,0,0,1,0,0,800113.3531,5831694.208,13.42744639,52.55239902,0
1993,210525,car + pedestrian,11,6,6300527.0,2021,4,16,3,3,6,4,0,0,1,1,0,790716.254,5817905.514,13.27721013,52.43387959,0
1994,210526,bike + car,11,2,2500727.0,2021,4,19,6,3,2,6,0,1,1,0,0,802686.985,5828122.1,13.46203612,52.51895872,0
1995,210529,car + pedestrian,11,5,5100316.0,2021,3,14,6,2,6,4,0,0,1,1,0,783857.7676,5829096.614,13.18613039,52.53782439,1
1996,210531,car,11,12,12601235.0,2021,3,11,2,3,2,6,0,0,1,0,0,795713.779,5836429.467,13.36697085,52.59725222,0
1997,210532,bike,11,2,2200210.0,2021,4,22,5,3,0,7,2,1,0,0,1,798216.9787,5825458.16,13.3939675,52.49754273,0
1998,210533,car + pedestrian,11,6,6400843.0,2021,5,12,6,3,6,7,0,0,1,1,0,791566.9191,5820631.349,13.29206653,52.45786408,0
1999,210534,bike + car,11,7,7300619.0,2021,4,1,4,2,1,5,2,1,1,0,0,796009.5244,5822793.464,13.35917873,52.47485772,1
2000,210536,bike + car,11,1,1300836.0,2021,4,12,3,3,0,6,0,1,1,0,0,796474.1266,5829938.145,13.37236194,52.53865089,0
2001,210537,car,11,2,2200211.0,2021,5,12,5,3,1,7,0,0,1,0,0,798554.5671,5824513.745,13.39807937,52.4888927,0
2002,210539,car,11,7,7601544.0,2021,5,14,7,3,5,2,0,0,1,0,0,799777.221,5813975.764,13.4065799,52.39376419,0
2003,210540,bike + car,11,3,3400724.0,2021,4,6,4,2,5,3,0,1,1,0,0,800023.6073,5834674.557,13.428822,52.57916205,1
2004,210541,bike + car,11,6,6100207.0,2021,5,11,2,3,2,2,0,1,1,0,0,794242.3052,5820272.06,13.33101181,52.4532094,0
2005,210544,bike + car,11,8,8200727.0,2021,3,11,5,3,5,3,0,1,1,0,0,802191.6309,5819276.057,13.44674095,52.43994557,0
2006,210545,car + pedestrian,11,10,10200629.0,2021,4,11,6,3,6,2,0,0,1,1,0,810950.1536,5828191.658,13.58349405,52.51493362,0
2007,210546,car,11,4,4500939.0,2021,3,23,2,3,3,6,2,0,1,0,0,792440.736,5824095.889,13.30792781,52.48845622,0
2008,210548,car,11,4,4400835.0,2021,5,16,5,3,5,3,0,0,1,0,1,793380.5828,5821960.262,13.31985095,52.4688068,0
2009,210549,bike + car,11,7,7200307.0,2021,4,10,5,3,5,3,0,1,1,0,0,794807.6164,5824037.366,13.34263407,52.4866586,0
2010,210550,car,11,9,9301228.0,2021,4,12,1,2,9,1,0,0,1,0,1,816441.27,5810287.859,13.64720391,52.35134696,1
2011,210552,car,11,6,6100103.0,2021,5,20,7,3,2,6,1,0,1,0,0,793026.298,5821527.579,13.31427042,52.46511806,0
2012,210555,bike + car,11,6,6400838.0,2021,5,15,7,3,5,3,0,1,1,0,0,786423.2763,5818351.422,13.21461801,52.44014251,0
2013,210556,bike + car,11,1,1100309.0,2021,5,11,1,3,1,5,0,1,1,0,1,798993.1595,5828846.541,13.40841137,52.52749004,0
2014,210557,bike + car,11,11,11200410.0,2021,4,16,2,3,5,3,0,1,1,0,0,805037.0174,5832122.788,13.50023533,52.5535052,0
2015,210558,car,11,5,5100317.0,2021,4,10,2,2,2,6,0,0,1,0,0,787529.407,5828039.601,13.23920266,52.52642285,1
2016,210559,car + pedestrian,11,5,5300735.0,2021,4,17,6,3,6,4,0,0,1,1,0,786507.7523,5831466.784,13.22714029,52.55768772,0
2017,210560,bike + pedestrian,11,3,3701660.0,2021,3,13,4,3,6,7,0,1,0,1,0,800435.652,5829516.187,13.43021598,52.53269925,0
2018,210562,car,11,5,5100209.0,2021,5,21,7,3,5,2,0,0,1,0,0,783702.8617,5830173.49,13.18477229,52.54756048,0
2019,210563,bike + car,11,1,1100206.0,2021,4,20,6,3,5,3,1,1,1,0,0,797875.927,5827467.061,13.39075595,52.51573634,0
2020,210564,car,11,7,7400826.0,2021,5,1,4,3,1,7,2,0,1,0,0,796885.6199,5820214.751,13.36974601,52.45126644,0
2021,210566,bike,11,5,5100317.0,2021,5,18,2,3,0,1,0,1,0,0,0,787112.8967,5828132.338,13.23316013,52.52747381,0
2022,210568,bike,11,11,11300826.0,2021,4,7,6,3,7,7,0,1,0,0,0,803817.764,5827191.561,13.47780059,52.5099898,0
2023,210569,bike + car,11,2,2300315.0,2021,3,18,4,3,5,2,0,1,1,0,0,800366.2415,5825803.936,13.42584457,52.49946342,0
2024,210570,car,11,9,9100101.0,2021,5,21,6,3,5,3,0,0,1,0,0,802083.3078,5825008.762,13.4503415,52.49138848,0
2025,210572,car,11,12,12100101.0,2021,4,17,4,3,5,3,0,0,1,0,0,796391.6412,5832679.726,13.37359657,52.56327109,0
2026,210573,bike + car,11,2,2500831.0,2021,3,10,3,3,5,2,0,1,1,0,0,803045.7907,5826985.973,13.46627335,52.50857653,0
2027,210575,car + pedestrian,11,8,8401241.0,2021,5,16,6,3,6,4,0,0,1,1,0,803961.597,5819064.75,13.47250788,52.43707081,0
2028,210576,bike + car,11,12,12100102.0,2021,4,21,2,3,2,6,2,1,1,0,0,795743.2834,5833133.185,13.36446375,52.56768846,0
2029,210577,car,11,12,12601032.0,2021,4,13,6,3,5,3,0,0,1,0,0,792936.5673,5837545.425,13.32707357,52.60875928,0
2030,210578,bike + car,11,5,5100317.0,2021,5,16,2,3,4,2,0,1,1,0,0,787662.468,5828015.617,13.24113786,52.52613763,0
2031,210579,car,11,2,2100101.0,2021,5,13,4,3,2,6,0,0,1,0,0,797863.8747,5825584.128,13.38889406,52.49886471,0
2032,210580,car,11,6,6100205.0,2021,3,0,7,3,5,7,2,0,1,0,0,795462.9563,5819669.253,13.3483895,52.44714719,0
2033,210581,car,11,12,12200309.0,2021,4,18,5,3,2,6,0,0,1,0,0,793300.9093,5832617.591,13.32807657,52.56438787,0
2034,210583,car,11,10,10300731.0,2021,4,13,3,3,2,6,0,0,1,0,0,809651.8128,5830245.859,13.56633491,52.53408118,0
2035,210585,bike + car,11,1,1401044.0,2021,4,17,3,3,5,3,0,1,1,0,1,796203.5215,5830765.259,13.36912119,52.54621227,0
2036,210586,bike + car,11,3,3200308.0,2021,5,15,5,3,2,2,0,1,1,0,0,799808.1992,5836713.973,13.42749804,52.5975605,0
2037,210587,car,11,4,4200310.0,2021,5,15,2,3,5,2,0,0,1,0,0,789222.1374,5826009.91,13.26232018,52.50733074,0
2038,210588,bike + car,11,5,5300737.0,2021,4,8,2,3,0,2,0,1,1,0,0,787936.3246,5830043.031,13.24691998,52.54416972,0
2039,210589,car,11,8,8401241.0,2021,3,16,3,3,5,2,0,0,1,0,0,804046.9733,5818556.012,13.47329729,52.4324636,0
2040,210590,car,11,9,9301025.0,2021,5,23,6,3,1,5,2,0,1,0,1,811803.1879,5814733.061,13.58345836,52.39383871,0
2041,210591,bike + car,11,2,2500835.0,2021,5,14,6,3,5,2,0,1,1,0,1,803250.8299,5826009.436,13.46839583,52.49971006,0
2042,210592,bike + car,11,1,1100207.0,2021,4,11,3,3,5,2,0,1,1,0,0,798028.9545,5826591.209,13.39222008,52.50780182,0
2043,210593,car,11,8,8301036.0,2021,4,23,5,3,1,5,2,0,1,0,0,803633.8726,5817894.444,13.46663895,52.42676343,0
2044,210595,car,11,8,8100314.0,2021,4,10,4,3,1,5,0,0,1,0,0,801216.177,5823802.376,13.43651823,52.48105452,0
2045,210596,bike + car,11,1,1200623.0,2021,5,17,6,3,3,6,0,1,1,0,1,795355.2858,5829461.35,13.35548958,52.53498437,0
2046,210597,car,11,2,2500836.0,2021,4,17,6,3,2,6,0,0,1,0,0,803197.3467,5825808.267,13.46742723,52.49793672,0
2047,210598,bike + car,11,4,4501043.0,2021,5,18,2,3,0,3,0,1,1,0,0,792646.445,5825180.872,13.31190183,52.49807258,0
2048,210599,car,11,7,7400823.0,2021,5,21,3,3,5,2,1,0,1,0,1,796917.1111,5822287.268,13.37205152,52.46982755,0
2049,210601,car,11,7,7601544.0,2021,4,19,7,3,4,6,0,0,1,0,0,798978.1575,5814307.475,13.39516757,52.39717431,0
2050,210602,bike + car,11,1,1200520.0,2021,3,15,3,3,2,2,0,1,1,0,0,794567.6066,5828658.639,13.34319898,52.52821492,0
2051,210604,car,11,8,8100102.0,2021,5,0,5,3,5,3,2,0,1,0,1,800380.7412,5823330.469,13.42382815,52.4772848,0
2052,210605,car,11,7,7300619.0,2021,4,12,4,2,5,7,0,0,1,0,0,796052.811,5822853.723,13.35986767,52.47537443,1
2053,210606,bike + pedestrian,11,3,3601244.0,2021,4,18,6,3,6,7,0,1,0,1,1,800187.3399,5831655.755,13.42849958,52.5520136,0
2054,210607,bike + car,11,2,2500834.0,2021,4,11,2,3,5,2,0,1,1,0,0,802157.4383,5826942.178,13.45318413,52.50867673,0
2055,210608,bike + car,11,4,4300620.0,2021,5,11,6,3,1,1,0,1,1,0,0,794088.3629,5827146.693,13.33481801,52.51491997,0
2056,210609,bike + car,11,3,3501038.0,2021,4,10,1,3,4,6,0,1,1,0,0,803476.1819,5832683.07,13.47779706,52.55939869,0
2057,210611,bike + car,11,3,3300411.0,2021,4,7,4,3,5,3,0,1,1,0,0,804039.1861,5838951.363,13.4918283,52.61526396,0
2058,210612,car + pedestrian,11,9,9200717.0,2021,5,11,2,3,6,7,0,0,1,1,0,809501.696,5819089.949,13.55377149,52.43419,0
2059,210613,car,11,1,1400940.0,2021,4,3,1,2,1,5,2,0,1,0,0,795122.4718,5832317.478,13.35460527,52.56071328,1
2060,210614,bike + pedestrian,11,2,2100106.0,2021,5,9,3,3,0,4,0,1,0,1,1,799991.4029,5825443.1,13.42001426,52.49643529,0
2061,210617,car + pedestrian,11,9,9100305.0,2021,3,14,2,3,6,4,0,0,1,1,0,804978.3575,5822612.401,13.49065839,52.46830121,0
2062,210618,car,11,7,7400826.0,2021,4,14,3,3,2,6,0,0,1,0,0,796534.0894,5819872.936,13.36428482,52.44839315,0
2063,210619,bike + car,11,2,2400624.0,2021,5,19,4,3,2,6,1,1,1,0,1,801917.8482,5827099.652,13.44980747,52.51022083,0
2064,210620,bike + car,11,1,1100312.0,2021,4,9,5,3,1,5,0,1,1,0,0,799667.707,5827114.459,13.41676463,52.51159429,0
2065,210621,bike + car,11,1,1100415.0,2021,4,18,7,3,5,3,0,1,1,0,0,797694.4832,5829016.599,13.3894769,52.5297251,0
2066,210622,bike + car,11,1,1100206.0,2021,5,8,4,3,5,2,0,1,1,0,0,797205.2731,5827496.998,13.38092854,52.51637056,0
2067,210623,car,11,5,5100317.0,2021,5,8,6,3,5,3,0,0,1,0,0,787090.7813,5828345.623,13.23301921,52.52939769,0
2068,210624,car,11,4,4300624.0,2021,5,21,2,3,1,5,2,0,1,0,0,792784.8947,5826601.347,13.31518463,52.51073243,0
2069,210625,car + pedestrian,11,11,11100204.0,2021,4,7,2,3,6,2,0,0,1,1,0,806911.1095,5832628.248,13.52825769,52.55698239,0
2070,210626,car,11,8,8100208.0,2021,5,10,7,3,5,7,0,0,1,0,0,801532.7246,5822707.815,13.44017575,52.47106904,0
2071,210627,bike + car,11,1,1100102.0,2021,5,13,7,3,1,5,0,1,1,0,0,796167.8003,5826733.968,13.36500498,52.51009509,0
2072,210628,bike + car,11,12,12200412.0,2021,4,15,1,2,5,3,0,1,1,0,0,789846.1393,5833340.272,13.27788339,52.572717,1
2073,210629,bike + car,11,11,11401137.0,2021,3,14,4,3,0,2,0,1,1,0,0,807105.9107,5825754.011,13.52477365,52.4952652,0
2074,210630,bike + car,11,11,11200410.0,2021,4,17,4,3,5,3,0,1,1,0,0,804935.8343,5831927.764,13.49856845,52.55181397,0
2075,210631,car,11,12,12100102.0,2021,5,12,1,3,5,3,0,0,1,0,0,796297.6875,5833228.963,13.37270511,52.56824553,0
2076,210633,car,11,7,7100205.0,2021,5,13,4,3,5,3,0,0,1,0,0,796166.5526,5825313.327,13.363723,52.49736101,0
2077,210634,car + pedestrian,11,4,4300623.0,2021,5,12,5,3,6,4,0,0,1,1,1,792144.5823,5826481.474,13.30567121,52.5100011,0
2078,210635,bike + car,11,3,3400828.0,2021,5,18,2,2,5,3,0,1,1,0,0,799731.8901,5832503.607,13.42256792,52.55986398,1
2079,210636,bike + car,11,6,6200313.0,2021,3,11,7,3,2,6,0,1,1,0,1,795169.1472,5818216.855,13.34279615,52.43428596,0
2080,210637,bike + car,11,3,3400829.0,2021,4,18,6,3,2,6,0,1,1,0,0,799671.6944,5832818.828,13.42196727,52.56272253,0
2081,210638,bike + car,11,9,9501737.0,2021,3,15,4,3,2,2,0,1,1,0,0,814210.1481,5821997.471,13.6255391,52.45756021,0
2082,210639,car,11,2,2200209.0,2021,5,18,6,3,1,5,0,0,1,0,0,796928.6953,5823985.285,13.37373347,52.48504233,0
2083,210641,bike + car,11,5,5100210.0,2021,4,12,6,3,5,3,0,1,1,0,0,783977.2623,5830082.41,13.18873021,52.54660086,0
2084,210642,car + pedestrian,11,3,3300411.0,2021,3,13,3,3,6,7,0,0,1,1,0,804184.3156,5838973.412,13.49398552,52.61538035,0
2085,210643,car,11,4,4300619.0,2021,4,17,3,3,2,6,0,0,1,0,0,791702.3155,5827524.136,13.30008704,52.51958508,0
2086,210644,car + pedestrian,11,5,5100317.0,2021,5,22,6,2,6,4,2,0,1,1,0,785502.3541,5828592.297,13.20987935,52.53244361,1
2087,210645,bike + car,11,10,10100209.0,2021,4,17,2,3,5,3,0,1,1,0,0,810010.9645,5832300.158,13.57352989,52.5522866,0
2088,210647,bike,11,5,5100101.0,2021,5,13,2,3,0,1,0,1,0,0,0,785333.6841,5833396.333,13.21152879,52.57560414,0
2089,210649,car,11,12,12400722.0,2021,3,14,6,3,5,3,0,0,1,0,0,790879.5397,5839182.398,13.29822142,52.62453897,0
2090,210650,bike + car,11,7,7300619.0,2021,4,12,6,2,0,3,0,1,1,0,0,795875.2336,5822993.678,13.35738494,52.47672525,1
2091,210652,bike + car,11,1,1100205.0,2021,4,17,3,3,5,3,0,1,1,0,0,797159.0215,5826452.686,13.37931648,52.50703466,0
2092,210653,bike + car,11,1,1401049.0,2021,5,15,4,3,5,2,0,1,1,0,0,795882.7878,5831928.604,13.36544188,52.5568148,0
2093,210655,car,11,8,8200726.0,2021,4,20,5,3,4,6,2,0,1,0,0,801338.7904,5820019.382,13.43490263,52.44707883,0
2094,210657,car,11,1,1100206.0,2021,5,22,5,3,5,3,2,0,1,0,0,797738.4514,5827591.403,13.38884726,52.51692598,0
2095,210659,bike + car,11,12,12200412.0,2021,4,18,4,3,5,2,0,1,1,0,0,788665.8742,5833198.299,13.26039256,52.57207145,0
2096,210660,bike + car,11,6,6200314.0,2021,5,8,2,3,1,5,0,1,1,0,0,794715.2898,5818097.505,13.33603416,52.43346077,0
2097,210661,car,11,4,4501045.0,2021,4,20,2,3,5,3,2,0,1,0,0,793478.8413,5824756.3,13.32375454,52.49381946,0
2098,210662,car,11,3,3601449.0,2021,5,21,2,3,1,5,2,0,1,0,0,801692.91,5830121.6,13.44924441,52.53743116,0
2099,210665,bike + car,11,3,3701660.0,2021,3,18,2,3,1,5,1,1,1,0,0,800439.5716,5829074.332,13.42987427,52.52873663,0
2100,210666,bike + car,11,1,1100206.0,2021,5,11,3,3,5,3,0,1,1,0,0,797738.3024,5827592.283,13.38884585,52.51693394,0
2101,210667,car + pedestrian,11,3,3200308.0,2021,3,10,4,2,6,2,0,0,1,1,0,799160.2107,5837581.822,13.41874392,52.60569615,1
2102,210668,bike + car,11,3,3601141.0,2021,4,5,6,2,5,2,1,1,1,0,0,799246.3127,5831804.245,13.41479583,52.55386237,1
2103,210669,car,11,1,1200517.0,2021,5,10,5,3,5,7,0,0,1,0,0,793515.9364,5828169.441,13.32730915,52.52439677,0
2104,210671,car,11,3,3300411.0,2021,5,19,6,3,0,1,0,0,1,0,1,803873.1378,5839557.324,13.48994006,52.62078769,0
2105,210672,car,11,2,2200209.0,2021,5,16,3,3,5,7,0,0,1,0,0,797761.5257,5824597.537,13.386509,52.49007693,0
2106,210673,car,11,11,11300620.0,2021,4,15,2,2,5,3,0,0,1,0,0,804212.2582,5829085.582,13.48532739,52.52674534,1
2107,210674,car,11,9,9301126.0,2021,3,6,4,3,5,3,0,0,1,0,0,810838.3205,5818461.054,13.57278515,52.42779621,0
2108,210675,bike,11,1,1400938.0,2021,4,13,6,3,2,6,0,1,0,0,0,794594.0914,5829881.353,13.34467199,52.53916138,0
2109,210676,car,11,1,1100207.0,2021,4,9,3,3,5,3,0,0,1,0,0,798856.3431,5826771.77,13.40453678,52.50896769,0
2110,210677,bike + car,11,1,1300835.0,2021,5,18,6,3,5,3,0,1,1,0,0,796984.508,5830180.333,13.38008157,52.54054392,0
2111,210679,bike + car,11,9,9100304.0,2021,4,9,4,2,1,5,0,1,1,0,0,804865.5379,5822180.672,13.48860829,52.46449475,1
2112,210680,car,11,1,1100313.0,2021,5,7,2,3,5,3,0,0,1,0,1,799981.7286,5826940.108,13.42122085,52.50985891,0
2113,210681,car,11,2,2100103.0,2021,4,16,1,3,2,6,0,0,1,0,0,798688.7846,5826443.916,13.40178106,52.50612069,0
2114,210684,car,11,1,1200627.0,2021,4,18,4,3,2,6,0,0,1,0,0,795969.007,5828703.631,13.36383675,52.52785921,0
2115,210687,bike + car,11,1,1100207.0,2021,4,16,3,2,5,3,0,1,1,0,0,797894.2297,5826569.598,13.39022156,52.50768169,1
2116,210688,bike,11,10,10200629.0,2021,3,9,4,3,0,7,0,1,0,0,0,810813.5377,5828156.218,13.58145419,52.5146939,0
2117,210690,car,11,11,11300618.0,2021,5,16,5,3,2,6,0,0,1,0,0,802917.1286,5828723.423,13.46596519,52.5242205,0
2118,210691,car,11,1,1401045.0,2021,5,18,6,3,2,6,0,0,1,0,1,796998.4725,5831896.803,13.38182196,52.55592244,0
2119,210692,bike + car,11,7,7100101.0,2021,5,21,2,3,1,7,2,1,1,0,0,794827.1935,5825123.939,13.34388299,52.49638847,0
2120,210693,car,11,8,8300934.0,2021,4,12,2,3,1,5,0,0,1,0,0,803363.8612,5818275.501,13.46302565,52.43032862,0
2121,210694,bike + car,11,9,9401329.0,2021,5,11,7,3,5,3,0,1,1,0,0,811681.9439,5818517.256,13.58520509,52.42781996,0
2122,210695,car,11,12,12601133.0,2021,4,11,7,3,5,3,0,0,1,0,0,795399.1409,5836785.656,13.36265685,52.6006161,0
2123,210698,bike + car,11,2,2300316.0,2021,5,15,1,3,5,3,0,1,1,0,1,800747.3528,5826523.524,13.43209185,52.50570341,0
2124,210699,car,11,4,4200311.0,2021,4,15,7,3,2,6,0,0,1,0,0,789747.3709,5825169.712,13.26930615,52.49951948,0
2125,210702,bike,11,9,9501737.0,2021,5,10,2,3,4,6,0,1,0,0,0,816733.2985,5821240.477,13.66183191,52.44932094,0
2126,210703,bike + car,11,12,12400619.0,2021,3,14,7,3,2,6,0,1,1,0,1,787044.3865,5836939.116,13.23977394,52.60646714,0
2127,210705,car,11,6,6200317.0,2021,3,17,3,3,1,5,0,0,1,0,0,796242.7693,5817008.897,13.35747272,52.42287708,0
2128,210706,car,11,5,5100316.0,2021,4,10,5,3,2,6,0,0,1,0,0,784819.6563,5829067.201,13.20024906,52.53705877,0
2129,210707,car,11,1,1200623.0,2021,5,18,6,3,5,7,0,0,1,0,1,795036.0619,5829174.788,13.35054249,52.53258847,0
2130,210708,car,11,10,10100206.0,2021,4,10,3,3,5,3,0,0,1,0,0,808836.3845,5832767.342,13.55669583,52.55714057,0
2131,210709,bike,11,2,2300314.0,2021,4,18,3,3,0,1,0,1,0,0,1,799886.4533,5825915.856,13.41889861,52.50073048,0
2132,210710,car,11,4,4501045.0,2021,3,10,2,3,2,6,0,0,1,0,0,793984.0062,5825106.578,13.33148306,52.49668768,0
2133,210711,bike + car,11,7,7300619.0,2021,4,18,2,3,1,5,1,1,1,0,0,795371.9868,5822246.74,13.34933534,52.47030186,0
2134,210712,car + pedestrian,11,2,2200209.0,2021,5,7,6,3,6,2,0,0,1,1,0,796835.9202,5823980.338,13.37236682,52.48504842,0
2135,210713,car,11,5,5200629.0,2021,4,12,3,3,2,6,0,0,1,0,0,784651.8568,5828611.369,13.1973913,52.53305946,0
2136,210714,car,11,1,1300836.0,2021,5,17,1,3,2,6,0,0,1,0,0,796733.7103,5830469.411,13.37665262,52.54327181,0
2137,210715,bike,11,11,11100203.0,2021,4,18,5,3,5,3,1,1,0,0,0,806852.5446,5834050.803,13.52871208,52.56976435,0
2138,210716,car + pedestrian,11,10,10100207.0,2021,5,15,4,3,6,4,0,0,1,1,0,810260.5632,5832047.698,13.57696351,52.54988209,0
2139,210718,car,11,4,4500939.0,2021,3,16,6,3,2,7,0,0,1,0,0,791954.3249,5824170.025,13.30084942,52.48938118,0
2140,210719,car,11,5,5300841.0,2021,4,15,5,3,2,6,0,0,1,0,0,789245.9695,5829300.595,13.26553216,52.53681993,0
2141,210721,car,11,5,5300736.0,2021,4,15,3,3,2,6,0,0,1,0,0,786087.0864,5829144.833,13.21895179,52.53709091,0
2142,210722,bike + car,11,1,1200517.0,2021,5,6,4,3,5,2,0,1,1,0,1,793500.7226,5829379.96,13.32815425,52.53525665,0
2143,210723,bike + car,11,2,2200210.0,2021,4,15,3,3,5,2,0,1,1,0,0,798288.8761,5825321.198,13.39490081,52.49627574,0
2144,210724,bike + car,11,4,4400830.0,2021,4,10,6,3,5,3,0,1,1,0,0,791309.672,5822998.915,13.29035837,52.47922657,0
2145,210726,bike + car,11,9,9200716.0,2021,5,14,6,3,5,3,0,1,1,0,0,808916.4005,5819068.123,13.54516918,52.43432524,0
2146,210727,bike + car,11,2,2100106.0,2021,5,16,7,3,3,6,0,1,1,0,0,799196.2182,5825623.839,13.40849825,52.49849185,0
2147,210728,bike + car,11,8,8200833.0,2021,5,12,3,2,5,3,0,1,1,0,0,802291.299,5816652.757,13.44583172,52.41637729,1
2148,210730,car,11,8,8100521.0,2021,4,11,2,3,5,3,0,0,1,0,0,803761.1029,5821792.987,13.4720485,52.46163508,0
2149,210731,car,11,7,7200307.0,2021,5,20,2,3,5,3,2,0,1,0,1,794839.2389,5824674.058,13.34366175,52.49234907,0
2150,210734,bike + car,11,7,7601341.0,2021,5,18,3,3,0,2,0,1,1,0,0,797599.5324,5815556.719,13.3760752,52.40912347,0
2151,210735,car,11,5,5100105.0,2021,3,11,4,2,2,6,0,0,1,0,0,784379.9378,5831073.071,13.19550099,52.55527308,1
2152,210736,car,11,6,6300632.0,2021,4,10,6,3,5,3,0,0,1,0,0,792504.638,5817473.217,13.30306353,52.42905069,0
2153,210737,car,11,11,11200513.0,2021,5,18,4,3,2,6,0,0,1,0,0,804350.5283,5830824.248,13.48895133,52.54225105,0
2154,210738,bike,11,3,3400620.0,2021,5,18,5,3,5,2,0,1,0,0,0,797949.959,5833669.902,13.39740726,52.57129612,0
2155,210740,bike + car,11,9,9501939.0,2021,4,14,2,3,5,3,0,1,1,0,0,810822.8129,5821366.1,13.57525949,52.45383895,0
2156,210741,car,11,11,11200514.0,2021,3,16,3,3,2,7,0,0,1,0,0,805436.6294,5830302.949,13.50443764,52.53697127,0
2157,210742,bike + car,11,1,1100207.0,2021,5,12,7,3,1,5,0,1,1,0,1,798309.0806,5826736.331,13.39646531,52.50894955,0
2158,210743,bike + car,11,10,10200417.0,2021,5,13,7,3,5,2,0,1,1,0,0,811298.162,5831620.77,13.59181667,52.54546437,0