,ObjectID,vehicle_types,State,District,LOR_ab_2021,AccidentYear,AccidentMonth,AccidentHour,DayOfWeek,AccidentCategory,AccidentType,AccidentTypeDetail,LightingCondition,InvolvingBike,InvolvingCar,InvolvingPedestrian,RoadCondition,GraphicCoord1,GraphicCoord2,LongitudeWGS84,LatitudeWGS84,accident_outcome
2159,210745,car + pedestrian,11,6,6300524.0,2021,4,14,6,3,6,4,0,0,1,1,0,788513.2224,5816864.052,13.24399604,52.42570872,0
2160,210746,car,11,7,7400826.0,2021,3,15,3,2,4,6,0,0,1,0,0,796761.2048,5819990.106,13.36772098,52.44932025,1
2161,210748,car + pedestrian,11,12,12100103.0,2021,4,17,5,3,6,7,0,0,1,1,1,795647.1912,5833554.514,13.3634257,52.57151745,0
2162,210749,car,11,5,5200629.0,2021,5,9,2,3,5,2,0,0,1,0,0,784300.0923,5828706.849,13.19230106,52.53409914,0
2163,210750,car,11,12,12500930.0,2021,5,14,3,3,2,6,0,0,1,0,1,792909.6433,5835184.728,13.32458876,52.58761154,0
2164,210751,bike + car,11,4,4300623.0,2021,3,9,6,2,5,2,0,1,1,0,1,792736.2973,5826094.556,13.31402489,52.50621528,1
2165,210752,bike + car,11,2,2500726.0,2021,4,15,6,3,5,2,0,1,1,0,0,801962.1072,5828236.961,13.45148974,52.52039007,0
2166,210753,bike + pedestrian,11,1,1400942.0,2021,3,8,2,3,6,4,0,1,0,1,0,794609.3496,5830796.727,13.34570815,52.54735878,0
2167,210755,bike,11,4,4501042.0,2021,5,17,5,3,0,1,0,1,0,0,1,793903.6187,5826058.263,13.33114225,52.50526235,0
2168,210757,bike + car,11,6,6400843.0,2021,4,19,3,3,0,2,1,1,1,0,1,791677.0874,5820658.463,13.29370703,52.45804837,0
2169,210758,bike,11,5,5300839.0,2021,4,17,5,3,0,7,0,1,0,0,0,788897.9076,5830083.753,13.26109571,52.54402576,0
2170,210760,bike + car,11,3,3601346.0,2021,5,9,6,3,1,5,0,1,1,0,0,799419.6476,5830809.642,13.41644799,52.54485209,0
2171,210762,car,11,3,3200310.0,2021,4,15,6,3,2,6,0,0,1,0,0,799269.2216,5837678.515,13.42043629,52.60650283,0
2172,210763,bike + car,11,1,1100206.0,2021,3,12,4,3,5,3,0,1,1,0,0,797883.8696,5827479.959,13.39088419,52.51584761,0
2173,210766,bike + car,11,8,8401139.0,2021,4,15,4,3,5,3,0,1,1,0,0,803577.5312,5818638.677,13.46648847,52.43346523,0
2174,210767,car + pedestrian,11,3,3500933.0,2021,5,20,4,3,6,4,1,0,1,1,0,802650.4373,5832424.402,13.4654176,52.55753986,0
2175,210768,bike + car,11,2,2400623.0,2021,5,19,5,3,1,5,0,1,1,0,0,801241.2658,5827768.991,13.44047416,52.51659426,0
2176,210769,bike + car,11,7,7300516.0,2021,5,16,2,3,5,2,0,1,1,0,0,793986.0451,5821567.684,13.32839253,52.46496203,0
2177,210771,bike + car,11,8,8100521.0,2021,4,17,7,3,5,3,0,1,1,0,0,802103.9058,5822451.565,13.44832706,52.46845666,0
2178,210773,bike + car,11,12,12400618.0,2021,4,18,5,3,5,3,0,1,1,0,0,786991.3658,5838311.044,13.2401833,52.61879502,0
2179,210774,bike + car,11,8,8100314.0,2021,5,19,6,3,1,5,0,1,1,0,0,800667.9728,5824296.121,13.42891544,52.48578224,0
2180,210775,bike + car,11,6,6100206.0,2021,4,17,3,3,0,6,0,1,1,0,0,794197.8605,5819428.554,13.3296167,52.44567164,0
2181,210777,car,11,4,4500937.0,2021,4,13,3,3,2,6,0,0,1,0,0,790893.0177,5824753.602,13.28577216,52.49517955,0
2182,210779,bike + car,11,9,9401534.0,2021,4,17,1,3,5,2,0,1,1,0,0,811358.9466,5820172.317,13.58201129,52.44283575,0
2183,210780,bike + car,11,5,5100317.0,2021,5,23,1,3,1,5,2,1,1,0,0,785263.6632,5828683.175,13.20644804,52.5333834,0
2184,210781,bike + car,11,8,8200729.0,2021,4,16,4,3,5,3,0,1,1,0,0,799537.696,5817722.667,13.40642264,52.42748152,0
2185,210782,car,11,5,5300737.0,2021,5,13,2,3,2,3,0,0,1,0,0,787594.7293,5829401.366,13.24134114,52.53859731,0
2186,210783,car,11,4,4200310.0,2021,5,19,4,3,2,2,0,0,1,0,1,790044.5208,5826673.082,13.27498112,52.51283957,0
2187,210784,car,11,7,7400822.0,2021,3,14,5,3,5,3,0,0,1,0,0,796820.8675,5822180.297,13.37054366,52.46892095,0
2188,210785,car,11,8,8301036.0,2021,4,18,5,3,2,6,0,0,1,0,0,803380.9345,5817498.638,13.46257137,52.42335611,0
2189,210786,car + pedestrian,11,4,4300622.0,2021,3,15,1,3,6,7,0,0,1,1,0,793789.3264,5826287.997,13.32966593,52.50738336,0
2190,210787,bike + pedestrian,11,2,2300316.0,2021,4,19,4,3,4,7,0,1,0,1,0,801349.19,5826123.833,13.44057043,52.50178883,0
2191,210791,car,11,3,3500934.0,2021,5,14,5,3,2,6,0,0,1,0,0,801077.9634,5832020.127,13.44192604,52.55478794,0
2192,210792,bike + car,11,1,1200520.0,2021,5,20,6,3,1,5,1,1,1,0,1,794139.1252,5828450.758,13.33671709,52.52658276,0
2193,210794,car,11,12,12601236.0,2021,5,15,2,3,2,6,0,0,1,0,0,794327.444,5836333.187,13.3464767,52.59714127,0
2194,210795,bike + car,11,8,8200622.0,2021,4,13,2,3,5,3,0,1,1,0,0,801651.4128,5821579.973,13.44089828,52.46089442,0
2195,210796,bike,11,1,1200517.0,2021,5,13,2,3,0,7,0,1,0,0,0,793542.3113,5828158.422,13.32768706,52.52428379,0
2196,210798,bike + car,11,2,2300418.0,2021,4,9,4,2,5,5,0,1,1,0,0,801137.9028,5825081.498,13.4365248,52.49256278,1
2197,210799,car,11,9,9100306.0,2021,5,13,4,3,2,5,0,0,1,0,0,804338.1858,5819725.367,13.4786322,52.44278238,0
2198,210800,car,11,4,4400727.0,2021,5,19,1,3,5,2,0,0,1,0,1,790958.9948,5823027.337,13.28523416,52.47966833,0
2199,210801,bike + car,11,5,5100317.0,2021,3,16,4,3,5,2,0,1,1,0,0,785306.6709,5828678.392,13.20707626,52.533318,0
2200,210802,bike + car,11,2,2200212.0,2021,4,9,6,3,5,2,0,1,1,0,0,800269.3621,5824383.639,13.42314167,52.48678606,0
2201,210804,car,11,2,2200210.0,2021,5,20,4,3,5,3,2,0,1,0,0,798032.8728,5824847.806,13.39071748,52.49217221,0
2202,210805,car,11,3,3601245.0,2021,5,16,2,3,5,2,0,0,1,0,0,800606.2795,5831407.648,13.43443524,52.54955872,0
2203,210808,bike,11,9,9401635.0,2021,5,15,2,3,5,3,0,1,0,0,0,819487.204,5818434.732,13.69953656,52.4225792,0
2204,210809,car + pedestrian,11,2,2400623.0,2021,4,12,3,3,6,4,0,0,1,1,0,800578.0552,5827053.002,13.43008312,52.51054257,0
2205,210810,bike + car,11,7,7601544.0,2021,4,5,5,3,5,3,2,1,1,0,1,799062.0912,5814264.64,13.39635928,52.39674452,0
2206,210812,car,11,7,7501029.0,2021,4,14,4,3,2,6,0,0,1,0,0,797478.2589,5819282.246,13.37761086,52.44258528,0
2207,210813,car,11,4,4200310.0,2021,5,15,6,3,2,6,0,0,1,0,0,789970.04,5826237.357,13.27350703,52.50897283,0
2208,210815,car,11,10,10300734.0,2021,5,15,3,3,2,6,0,0,1,0,0,809634.2576,5826400.953,13.56249886,52.49963453,0
2209,210816,car,11,10,10200627.0,2021,5,16,3,3,0,7,0,0,1,0,0,811261.9852,5829653.875,13.58944277,52.52785915,0
2210,210817,bike + car,11,10,10100311.0,2021,3,9,6,3,4,5,0,1,1,0,0,807551.3097,5828280.264,13.53364738,52.5176548,0
2211,210819,car,11,10,10100209.0,2021,3,7,3,3,2,6,0,0,1,0,0,809937.6314,5831679.768,13.57187276,52.54676872,0
2212,210821,bike + car,11,7,7300515.0,2021,5,15,4,3,5,2,0,1,1,0,0,793901.0228,5822395.951,13.32787422,52.47243284,0
2213,210823,car,11,1,1400938.0,2021,4,12,7,3,2,6,0,0,1,0,0,793878.5495,5830057.809,13.33430812,52.54112956,0
2214,210824,car,11,1,1401045.0,2021,4,13,3,3,2,6,0,0,1,0,0,796838.7662,5831562.531,13.37917429,52.55301316,0
2215,210829,bike,11,8,8100104.0,2021,5,15,2,3,0,1,0,1,0,0,0,800948.9428,5822315.26,13.43125322,52.46787235,0
2216,210830,car,11,2,2100105.0,2021,4,17,7,3,1,5,0,0,1,0,0,799725.4769,5825784.297,13.41641584,52.49963969,0
2217,210831,bike + car,11,6,6300633.0,2021,5,12,2,3,5,3,0,1,1,0,0,792938.1633,5819048.805,13.3108023,52.44294362,0
2218,210832,bike + car,11,12,12200309.0,2021,3,19,5,3,1,5,2,1,1,0,0,793198.0862,5832620.806,13.32656682,52.56447208,0
2219,210833,car,11,4,4100101.0,2021,4,16,5,3,5,2,0,0,1,0,0,793352.206,5829681.351,13.32623697,52.53803842,0
2220,210834,bike + car,11,8,8200832.0,2021,3,16,2,3,2,6,0,1,1,0,0,801544.055,5817531.435,13.43566958,52.42466538,0
2221,210837,bike + car,11,3,3601244.0,2021,3,14,4,2,5,3,0,1,1,0,0,800084.1161,5831671.529,13.42699597,52.55221185,1
2222,210838,bike + car,11,3,3601244.0,2021,4,15,2,3,5,3,0,1,1,0,0,800085.06,5831671.331,13.42700967,52.55220956,0
2223,210842,bike + car,11,4,4300620.0,2021,4,8,2,3,5,2,0,1,1,0,0,794159.5592,5827006.593,13.33574032,52.51362566,0
2224,210843,car,11,12,12400721.0,2021,5,13,7,3,5,3,0,0,1,0,1,790311.9933,5841090.889,13.29153741,52.64195175,0
2225,210844,car,11,7,7501134.0,2021,5,14,1,3,2,7,0,0,1,0,0,799697.4058,5819022.722,13.40992986,52.43904732,0
2226,210845,car,11,11,2500835.0,2021,4,18,1,3,2,6,0,0,1,0,0,803323.0265,5826306.262,13.46972648,52.50233033,0
2227,210846,car,11,8,8300934.0,2021,4,14,7,3,5,2,0,0,1,0,0,803160.776,5818437.406,13.46019451,52.43189235,0
2228,210847,bike + car,11,9,9200715.0,2021,5,17,1,3,5,2,0,1,1,0,0,809404.156,5818446.512,13.55174595,52.42847875,0
2229,210850,bike + car,11,8,8200832.0,2021,4,19,1,3,1,5,2,1,1,0,0,801520.8131,5816580.527,13.43447191,52.41615485,0
2230,210852,car + pedestrian,11,7,7100102.0,2021,3,22,5,3,6,2,2,0,1,1,0,795519.8203,5825477.438,13.35436958,52.49918272,0
2231,210853,car,11,11,11200515.0,2021,4,15,5,2,1,7,0,0,1,0,1,805561.7434,5830265.315,13.50624196,52.53656386,1
2232,210855,car,11,4,4400835.0,2021,4,19,3,3,5,3,0,0,1,0,0,792825.6448,5821856.686,13.31161407,52.468176,0
2233,210856,car,11,5,5200631.0,2021,5,20,5,3,1,5,2,0,1,0,1,784792.4452,5826880.086,13.19797555,52.51746333,0
2234,210857,car,11,6,7300619.0,2021,4,11,2,3,2,6,0,0,1,0,0,795121.9441,5821294.351,13.34482269,52.46189942,0
2235,210858,car,11,5,5300736.0,2021,4,12,3,3,2,6,0,0,1,0,0,786818.3557,5829747.14,13.23022394,52.54210658,0
2236,210859,car,11,9,9200819.0,2021,4,14,5,3,5,3,0,0,1,0,0,810184.628,5820391.587,13.56499302,52.44546814,0
2237,210861,bike + car,11,4,4200311.0,2021,5,13,4,3,0,3,0,1,1,0,0,790739.7919,5826718.092,13.28523697,52.51287292,0
2238,210862,car,11,9,9200613.0,2021,5,20,7,2,8,1,1,0,1,0,0,805859.753,5821778.571,13.50282889,52.46033533,1
2239,210866,bike + car,11,4,4500939.0,2021,4,10,2,3,0,3,0,1,1,0,0,792204.2753,5824876.433,13.30513975,52.49558027,0
2240,210867,car,11,4,4200309.0,2021,5,18,7,3,5,3,0,0,1,0,0,789091.0121,5827177.988,13.26140831,52.51787242,0
2241,210868,car,11,9,9100306.0,2021,3,13,4,3,2,6,0,0,1,0,0,803786.1832,5820881.645,13.47158731,52.4534529,0
2242,210869,bike + car,11,4,4200308.0,2021,4,14,4,3,5,2,0,1,1,0,0,790210.9262,5827298.062,13.27797148,52.51835407,0
2243,210870,car + pedestrian,11,4,4501043.0,2021,5,15,2,3,6,4,0,0,1,1,0,792777.6399,5825304.208,13.31393734,52.49910787,0
2244,210871,bike + car,11,7,7200409.0,2021,4,16,6,3,1,5,0,1,1,0,0,795838.0255,5824326.337,13.3580213,52.48869163,0
2245,210872,car,11,1,1401045.0,2021,5,19,4,3,3,6,0,0,1,0,0,796699.0948,5831951.332,13.37746779,52.55657442,0
2246,210873,car,11,10,10400940.0,2021,5,13,5,3,5,3,0,0,1,0,1,812367.6819,5824285.563,13.600653,52.47912047,0
2247,210875,car,11,6,6400843.0,2021,3,12,7,3,5,2,0,0,1,0,0,791104.6806,5819243.515,13.28407304,52.4456684,0
2248,210876,car,11,11,11200514.0,2021,4,11,2,3,1,5,0,0,1,0,0,804816.9225,5830614.16,13.49561457,52.54010744,0
2249,210879,bike + car,11,9,9401635.0,2021,5,20,5,3,3,6,0,1,1,0,1,817812.5588,5817972.443,13.67455332,52.41941197,0
2250,210882,bike + car,11,8,8401241.0,2021,3,17,3,3,5,3,1,1,1,0,0,804304.1851,5819652.028,13.47806673,52.44214398,0
2251,210883,bike + car,11,3,3601245.0,2021,4,19,3,3,5,3,0,1,1,0,0,800230.7406,5831186.584,13.42871357,52.54778438,0
2252,210884,car,11,4,4200308.0,2021,5,10,7,3,2,6,0,0,1,0,0,790403.3104,5827309.896,13.28080913,52.51835774,0
2253,210885,car + pedestrian,11,5,5100312.0,2021,4,16,5,2,6,4,0,0,1,1,0,784764.2202,5830428.088,13.20060059,52.54928941,1
2254,210886,car,11,7,7100205.0,2021,5,20,3,3,2,6,1,0,1,0,0,796032.7273,5825348.239,13.36178845,52.49774657,0
2255,210887,car,11,9,9401329.0,2021,5,10,4,3,2,6,0,0,1,0,0,814677.0732,5818280.447,13.62888881,52.42398367,0
2256,210888,bike + car,11,8,8200623.0,2021,3,12,6,3,5,2,0,1,1,0,0,802455.8016,5820690.541,13.45189599,52.45247774,0
2257,210889,car,11,1,1401046.0,2021,4,18,7,3,5,3,0,0,1,0,0,794832.7719,5830187.06,13.34845233,52.54177272,0
2258,210891,car,11,7,7100101.0,2021,4,10,4,3,2,2,0,0,1,0,0,794606.4881,5825506.252,13.3409795,52.49993485,0
2259,210892,bike + car,11,1,1200522.0,2021,5,15,4,2,1,5,0,1,1,0,0,794256.5498,5828091.518,13.3381251,52.52329903,1
2260,210894,bike + pedestrian,11,12,12200310.0,2021,4,18,5,3,6,7,1,1,0,1,0,792204.5268,5833644.993,13.31285293,52.57418767,0
2261,210896,car + pedestrian,11,1,1300732.0,2021,5,20,5,2,6,7,1,0,1,1,0,797630.5683,5832810.742,13.3919376,52.56376963,1
2262,210898,bike,11,8,8401243.0,2021,5,12,7,3,5,3,0,1,0,0,0,805772.322,5817107.054,13.49727237,52.41851554,0
2263,210899,bike + car,11,9,9300920.0,2021,4,7,4,3,5,2,2,1,1,0,0,808841.1667,5817390.135,13.54251671,52.41932954,0
2264,210900,bike + car,11,1,1100101.0,2021,5,14,2,3,5,3,0,1,1,0,0,794570.1647,5826081.533,13.34095487,52.50511149,0
2265,210901,car,11,9,9401329.0,2021,4,15,1,3,4,6,0,0,1,0,0,813726.542,5818857.353,13.61549693,52.42969916,0
2266,210902,bike + car,11,9,9200511.0,2021,5,10,2,3,0,2,0,1,1,0,0,807848.4591,5822058.364,13.53226524,52.46172628,0
2267,210905,car,11,10,10100313.0,2021,3,13,2,3,2,6,0,0,1,0,0,807826.1943,5830744.037,13.53996666,52.53957988,0
2268,210906,car,11,2,2300419.0,2021,4,15,3,3,2,6,0,0,1,0,0,801651.0443,5825896.791,13.44479826,52.49958705,0
2269,210907,bike + car,11,1,1300836.0,2021,5,18,4,2,1,5,0,1,1,0,0,796691.9015,5829859.969,13.37549368,52.5378316,1
2270,210910,car,11,2,2200210.0,2021,4,19,4,3,5,7,1,0,1,0,0,798817.7416,5825110.925,13.40247938,52.49410164,0
2271,210911,bike + car,11,3,3601245.0,2021,5,17,5,3,5,3,0,1,1,0,0,800467.11,5831061.165,13.43207547,52.5465299,0
2272,210915,car,11,6,6300527.0,2021,5,17,7,3,1,7,0,0,1,0,0,790485.4608,5818084.407,13.27398026,52.43560604,0
2273,210916,car,11,7,6100210.0,2021,5,21,1,3,2,6,2,0,1,0,0,795316.6793,5821012.085,13.34743092,52.45926388,0
2274,210917,bike + car,11,1,1300836.0,2021,4,8,2,3,5,3,0,1,1,0,0,796500.9258,5830346.851,13.37312066,52.54229992,0
2275,210918,bike + car,11,3,3500932.0,2021,4,13,7,3,0,2,0,1,1,0,0,801854.9584,5832900.984,13.45415288,52.56225293,0
2276,210919,bike + car,11,8,8100103.0,2021,3,14,4,3,2,7,0,1,1,0,0,800597.7063,5823187.771,13.42688451,52.47588637,0
2277,210920,car + pedestrian,11,6,6200315.0,2021,4,7,3,3,6,4,1,0,1,1,0,796040.3713,5817525.487,13.35496216,52.4276175,0
2278,210921,car,11,2,2300314.0,2021,5,18,7,3,2,6,0,0,1,0,0,800041.3319,5825751.466,13.42102531,52.49917185,0
2279,210922,car,11,2,2400521.0,2021,4,12,7,3,3,6,0,0,1,0,0,800662.1224,5828466.353,13.43259532,52.52316447,0
2280,210923,bike + car,11,6,6400840.0,2021,5,22,4,3,5,2,2,1,1,0,0,788833.4552,5819602.443,13.25105894,52.45009093,0
2281,210924,car,11,10,10200421.0,2021,5,14,6,3,5,3,0,0,1,0,0,812077.3656,5830608.758,13.60231957,52.53594988,0
2282,210925,car,11,11,11300722.0,2021,5,15,2,3,2,6,0,0,1,0,0,803791.1982,5827705.341,13.47787934,52.51460945,0
2283,210928,bike + car,11,1,1200623.0,2021,3,16,4,3,5,2,0,1,1,0,0,794957.557,5829449.752,13.34963251,52.5350958,0
2284,210929,car,11,3,3200205.0,2021,4,11,5,2,5,3,0,0,1,0,0,797907.9131,5835183.724,13.39814908,52.5848884,1
2285,210930,car + pedestrian,11,9,9501737.0,2021,5,12,6,1,6,7,0,0,1,1,0,814150.8154,5821717.553,13.62440539,52.45508598,1
2286,210933,bike,11,9,9501737.0,2021,4,15,3,3,0,1,0,1,0,0,0,814206.1082,5821659.548,13.62516187,52.45453442,0
2287,210934,bike + car,11,12,12400617.0,2021,5,17,6,3,2,6,0,1,1,0,0,785768.9057,5836840.089,13.22090473,52.60625133,0
2288,210935,car,11,12,12200515.0,2021,4,17,2,2,5,3,0,0,1,0,0,790373.4114,5834875.346,13.28698656,52.58619774,1
2289,210937,car,11,1,1400938.0,2021,3,17,4,3,5,5,0,0,1,0,0,793834.9646,5830334.752,13.33391226,52.5436357,0
2290,210938,bike + car,11,12,12200309.0,2021,4,18,4,3,5,2,0,1,1,0,0,793041.5728,5832662.813,13.32430149,52.56493291,0
2291,210940,car,11,3,3400723.0,2021,4,0,7,3,5,3,2,0,1,0,0,798603.3798,5833049.902,13.40646191,52.56538069,0
2292,210941,bike + car,11,1,1100312.0,2021,5,17,4,3,1,5,0,1,1,0,0,799257.7479,5826928.986,13.41057499,52.51015685,0
2293,210942,bike + car,11,9,9200715.0,2021,5,16,6,3,5,3,0,1,1,0,1,807398.0468,5818318.354,13.52221575,52.42846095,0
2294,210944,car,11,12,12200307.0,2021,3,10,7,3,5,7,0,0,1,0,1,793538.4047,5834134.31,13.33291274,52.57785631,0
2295,210945,bike + car,11,7,7100204.0,2021,4,18,6,3,1,5,0,1,1,0,0,795501.6469,5824750.513,13.35345779,52.49267624,0
2296,210946,bike + car,11,4,4400726.0,2021,3,19,4,3,5,3,0,1,1,0,0,790852.3043,5823648.922,13.28420991,52.48529773,0
2297,210947,bike + car,11,5,5100312.0,2021,5,15,6,3,5,2,0,1,1,0,0,784488.9296,5830919.965,13.19697306,52.55384341,0
2298,210948,car + pedestrian,11,12,12200309.0,2021,5,12,6,3,2,4,0,0,1,1,1,792886.4102,5832723.419,13.3220724,52.56555971,0
2299,210950,car + pedestrian,11,1,1100205.0,2021,3,3,3,2,6,2,2,0,1,1,1,796972.3391,5826716.618,13.37680948,52.50950218,1
2300,210951,car,11,3,3500934.0,2021,4,17,3,3,9,1,0,0,1,0,0,800858.641,5832102.317,13.43877534,52.55564581,0
2301,210952,bike + car,11,9,9100408.0,2021,5,5,7,3,5,2,0,1,1,0,0,806528.6391,5820098.024,13.51110061,52.44489888,0
2302,210953,car,11,9,9401432.0,2021,4,13,3,3,2,2,0,0,1,0,0,812136.5076,5820183.958,13.593425,52.44249682,0
2303,210954,car,11,12,12601235.0,2021,4,11,6,3,2,6,0,0,1,0,0,794600.2671,5836264.598,13.35043197,52.5963787,0
2304,210955,bike + car,11,1,1401045.0,2021,5,12,3,3,5,2,0,1,1,0,0,796704.6463,5831624.16,13.37725701,52.55363867,0
2305,210956,bike + car,11,2,2300419.0,2021,5,18,4,3,5,3,1,1,1,0,1,801590.6399,5825952.041,13.44396115,52.50011564,0
2306,210957,bike + car,11,1,1300733.0,2021,3,19,7,2,1,5,1,1,1,0,0,797544.8367,5831285.817,13.38930957,52.55014751,1
2307,210959,bike + car,11,5,5200528.0,2021,3,14,3,3,5,2,0,1,1,0,0,783251.4561,5826372.86,13.17489452,52.51371799,0
2308,210960,bike + car,11,5,5100104.0,2021,4,20,4,3,5,3,1,1,1,0,0,785997.2099,5831721.833,13.21984976,52.56024279,0
2309,210961,car,11,5,5400943.0,2021,5,15,4,3,2,6,0,0,1,0,0,780274.0279,5821118.767,13.12671438,52.46814355,0
2310,210962,car + pedestrian,11,8,8100417.0,2021,4,16,4,2,5,3,0,0,1,1,0,802579.2588,5823086.479,13.45587928,52.47388437,1
2311,210966,bike + car,11,4,4400832.0,2021,4,12,4,3,5,3,0,1,1,0,0,791346.5215,5821988.648,13.29001692,52.47014986,0
2312,210967,bike + car,11,5,5300737.0,2021,5,15,1,3,5,2,0,1,1,0,0,787749.2835,5830017.576,13.24414739,52.54404032,0
2313,210969,bike,11,4,4100101.0,2021,5,2,2,3,0,1,2,1,0,0,0,789604.5615,5830350.335,13.27171948,52.54604054,0
2314,210970,bike + car,11,4,4501146.0,2021,4,15,1,3,5,7,0,1,1,0,0,793217.4336,5823926.706,13.31918518,52.48652294,0
2315,210971,bike + car,11,8,8100312.0,2021,5,13,3,3,1,5,0,1,1,0,0,801464.7265,5824102.005,13.44043804,52.483603,0
2316,210972,bike,11,2,2200209.0,2021,3,12,5,3,0,7,0,1,0,0,0,797102.9566,5824439.211,13.37669683,52.48901651,0
2317,210973,car,11,1,1401049.0,2021,4,20,4,3,3,5,2,0,1,0,0,796346.4098,5831849.905,13.37219024,52.55585726,0
2318,210975,car,11,8,8200832.0,2021,5,9,3,3,1,5,0,0,1,0,0,801499.3033,5817729.224,13.4351917,52.4264629,0
2319,210977,bike + car,11,2,2200212.0,2021,4,15,1,3,5,3,0,1,1,0,1,799611.2348,5824523.121,13.41360374,52.48839787,0
2320,210978,car + pedestrian,11,4,4400830.0,2021,5,17,5,2,2,7,0,0,1,1,0,790983.4187,5822993.405,13.28556317,52.47935112,1
2321,210979,car,11,11,11401033.0,2021,5,22,6,3,1,1,2,0,1,0,1,807520.4272,5827763.153,13.53271579,52.51303786,0
2322,210980,bike + car,11,12,12100205.0,2021,5,17,3,3,5,3,0,1,1,0,0,795564.3886,5834516.939,13.36306544,52.5801896,0
2323,210981,car,11,8,8200725.0,2021,4,8,3,3,2,2,0,0,1,0,0,800644.886,5819367.902,13.42413712,52.44162131,0
2324,210982,car,11,4,4400729.0,2021,5,17,7,3,5,3,0,0,1,0,1,790565.743,5822036.703,13.27859684,52.47099654,0
2325,210984,car,11,9,9200715.0,2021,4,18,4,2,2,6,1,0,1,0,0,809196.5662,5818339.8,13.54860383,52.42763976,1
2326,210985,bike + car,11,11,11300617.0,2021,3,19,4,3,5,2,2,1,1,0,0,803066.0807,5829528.161,13.46888746,52.53135042,0
2327,210987,bike + car,11,3,3400828.0,2021,4,15,5,3,5,7,0,1,1,0,0,799724.1576,5832504.329,13.42245485,52.5598747,0
2328,210988,car,11,5,5100104.0,2021,4,10,6,3,5,3,0,0,1,0,0,785852.9197,5831729.408,13.21773358,52.56038647,0
2329,210989,bike + car,11,1,1100312.0,2021,5,17,4,2,5,3,0,1,1,0,0,799488.4747,5827073.169,13.41409431,52.51132261,1
2330,210990,car,11,12,12100205.0,2021,5,16,5,3,2,2,0,0,1,0,0,794538.2666,5832979.94,13.34660027,52.56696805,0
2331,210991,car,11,12,12500930.0,2021,5,9,2,2,0,1,0,0,1,0,0,793936.2325,5835181.409,13.33969543,52.58702805,1
2332,210992,bike + car,11,1,1100308.0,2021,3,14,6,3,5,3,0,1,1,0,1,796928.8497,5828126.166,13.37742846,52.52216094,0
2333,210993,car + pedestrian,11,3,3601141.0,2021,4,8,1,3,6,4,0,0,1,1,0,799191.093,5831330.916,13.41355728,52.54965005,0
2334,210994,bike + car,11,9,9501939.0,2021,3,9,3,3,5,3,0,1,1,0,0,810822.8129,5821366.1,13.57525949,52.45383895,0
2335,210995,car,11,5,5100208.0,2021,4,10,4,3,5,2,0,0,1,0,0,782359.6096,5830492.579,13.16528697,52.55111946,0
2336,210996,car,11,1,1400942.0,2021,5,19,6,3,5,3,0,0,1,0,1,794917.6931,5830561.401,13.35003324,52.54508244,0
2337,211001,bike,11,9,9200614.0,2021,4,7,3,3,0,1,0,1,0,0,0,808090.7057,5820968.768,13.53481419,52.45182471,0
2338,211002,car,11,1,1100206.0,2021,5,12,7,3,5,3,0,0,1,0,0,797877.0082,5827467.24,13.39077199,52.51573735,0
2339,211003,bike + car,11,2,2300316.0,2021,4,8,5,3,1,5,0,1,1,0,1,801087.7852,5826315.553,13.43690437,52.50365156,0
2340,211004,car,11,4,4200311.0,2021,5,17,3,3,2,2,0,0,1,0,0,790023.5264,5825237.592,13.27342201,52.49998134,0
2341,211005,car,11,9,9100203.0,2021,5,6,4,3,5,2,0,0,1,0,0,803785.0486,5823283.638,13.47375702,52.47498221,0
2342,211007,bike + car,11,1,1100207.0,2021,4,8,5,3,5,3,0,1,1,0,0,797892.6009,5826671.194,13.39028855,52.50859326,0
2343,211008,bike + pedestrian,11,8,8100105.0,2021,3,18,1,3,6,6,0,1,0,1,0,800839.0139,5822115.149,13.42945944,52.46613923,0
2344,211009,car,11,1,1401044.0,2021,4,19,3,3,1,5,1,0,1,0,0,796626.7703,5831624.884,13.3761124,52.55368758,0
2345,211010,bike + pedestrian,11,8,8200622.0,2021,5,11,4,3,6,4,0,1,0,1,0,801268.4221,5821509.861,13.43521499,52.46047725,0
2346,211011,bike + car,11,1,1100310.0,2021,4,21,6,3,1,5,2,1,1,0,0,798987.57,5828560.489,13.40807202,52.52492907,0
2347,211012,car,11,1,1400942.0,2021,4,12,1,3,2,6,0,0,1,0,1,794628.0672,5830543.137,13.34575842,52.54507541,0
2348,211013,bike + car,11,8,8100521.0,2021,5,18,4,3,5,3,0,1,1,0,0,802953.496,5822471.138,13.46081349,52.46816165,0
2349,211015,bike + car,11,1,1100205.0,2021,5,20,2,3,5,3,0,1,1,0,0,797398.5979,5826956.056,13.38328572,52.51141625,0
2350,211019,bike + car,11,2,2100104.0,2021,3,18,4,2,5,3,0,1,1,0,0,799410.6206,5826157.35,13.41212684,52.5031564,1
2351,211020,bike + pedestrian,11,8,8100312.0,2021,4,14,4,3,0,4,0,1,0,1,0,801311.0452,5824211.998,13.43828118,52.48467372,0
2352,211022,car,11,9,9100407.0,2021,5,19,3,3,9,1,0,0,1,0,1,805159.0968,5821478.46,13.49227407,52.45803724,0
2353,211024,car,11,6,6200312.0,2021,4,8,6,3,5,3,0,0,1,0,0,794760.4902,5819248.891,13.3377125,52.44375803,0