,ObjectID,vehicle_types,State,District,LOR_ab_2021,AccidentYear,AccidentMonth,AccidentHour,DayOfWeek,AccidentCategory,AccidentType,AccidentTypeDetail,LightingCondition,InvolvingBike,InvolvingCar,InvolvingPedestrian,RoadCondition,GraphicCoord1,GraphicCoord2,LongitudeWGS84,LatitudeWGS84,accident_outcome
2354,211025,bike + car,11,9,9200819.0,2021,3,5,3,2,5,3,2,1,1,0,0,810056.8643,5819476.836,13.56227054,52.43734282,1
2355,211026,car,11,1,1400938.0,2021,4,17,3,3,5,3,0,0,1,0,0,794439.4062,5831013.961,13.34340179,52.54939801,0
2356,211027,bike + car,11,8,8100102.0,2021,5,19,4,3,2,6,0,1,1,0,1,800568.1936,5823276.351,13.42653112,52.47669659,0
2357,211029,car + pedestrian,11,8,8401245.0,2021,4,18,7,3,6,4,0,0,1,1,0,806313.9654,5815172.915,13.50344266,52.40087788,0
2358,211030,car + pedestrian,11,9,9100304.0,2021,5,13,6,3,6,2,0,0,1,1,0,804400.8189,5821752.163,13.48139808,52.46091322,0
2359,211031,bike,11,9,9100409.0,2021,5,14,1,3,0,7,0,1,0,0,0,807176.514,5819865.882,13.52038963,52.44245479,0
2360,211034,bike + car,11,1,1100309.0,2021,4,12,2,3,1,5,0,1,1,0,0,798467.361,5828975.331,13.40079938,52.52893258,0
2361,211036,bike,11,4,4501042.0,2021,3,11,4,3,0,7,0,1,0,0,1,794309.0241,5825566.16,13.33666301,52.5006324,0
2362,211038,bike + car,11,7,7300516.0,2021,3,18,2,3,1,5,0,1,1,0,0,794033.3706,5821631.691,13.32914355,52.46551036,0
2363,211040,bike + car,11,3,3501038.0,2021,4,14,5,3,5,3,0,1,1,0,0,803568.972,5832277.594,13.4787908,52.55571285,0
2364,211043,bike + car,11,6,6300634.0,2021,5,12,3,3,5,2,0,1,1,0,0,792121.3734,5818808.284,13.29860915,52.44122432,0
2365,211044,car,11,7,7400720.0,2021,5,19,7,3,5,3,0,0,1,0,0,797672.5155,5823645.611,13.38435177,52.48159251,0
2366,211046,bike + car,11,2,2100104.0,2021,4,7,2,3,1,6,0,1,1,0,0,798896.5979,5826275.374,13.40468247,52.50449614,0
2367,211047,bike,11,8,8401241.0,2021,3,17,3,3,0,1,0,1,0,0,0,804060.2892,5818557.452,13.47349386,52.4324691,0
2368,211048,car,11,8,8100209.0,2021,5,10,7,3,2,6,0,0,1,0,0,801092.726,5821975.314,13.43305671,52.46474608,0
2369,211049,car,11,4,4501045.0,2021,4,20,6,3,5,2,2,0,1,0,0,793472.3711,5824751.697,13.32365546,52.49378168,0
2370,211050,bike + car,11,8,8100314.0,2021,3,9,4,3,3,6,0,1,1,0,0,801036.4536,5823868.377,13.43393935,52.48174521,0
2371,211051,car + pedestrian,11,8,8100312.0,2021,4,18,3,3,6,4,0,0,1,1,0,800908.7804,5824269.491,13.43242704,52.48541088,0
2372,211053,car,11,11,11300618.0,2021,4,14,5,3,2,6,0,0,1,0,0,802400.9898,5829008.353,13.45863982,52.5270608,0
2373,211054,bike + car,11,3,3500933.0,2021,5,19,4,3,2,6,0,1,1,0,0,801939.4522,5831698.878,13.45430209,52.5514317,0
2374,211055,bike + car,11,4,4501153.0,2021,5,16,5,3,5,2,0,1,1,0,0,793944.2742,5823436.154,13.32942603,52.48173453,0
2375,211056,bike + car,11,9,9200613.0,2021,5,18,2,3,1,5,0,1,1,0,0,808157.7524,5821058.19,13.53588021,52.45258833,0
2376,211057,bike + car,11,1,1300834.0,2021,3,13,6,3,3,6,0,1,1,0,0,798046.399,5830869.262,13.396311,52.54613947,0
2377,211058,bike + car,11,4,4500937.0,2021,4,17,6,3,1,5,0,1,1,0,0,791847.8256,5825233.715,13.30021719,52.49897398,0
2378,211059,bike + car,11,1,1401045.0,2021,3,14,3,3,1,5,0,1,1,0,0,796692.574,5831726.979,13.37717137,52.5545669,0
2379,211060,bike + car,11,8,8200730.0,2021,4,18,4,3,5,2,0,1,1,0,0,801370.6877,5819268.199,13.43469305,52.44032814,0
2380,211061,car,11,12,12200412.0,2021,5,13,6,3,0,3,0,0,1,0,1,791347.0058,5834191.762,13.30071551,52.57954905,0
2381,211062,car,11,10,10100205.0,2021,4,12,3,3,5,3,0,0,1,0,0,807624.8067,5832371.179,13.5385137,52.55427592,0
2382,211064,car,11,11,11200411.0,2021,4,11,3,3,2,7,0,0,1,0,0,805135.0851,5831396.284,13.50100969,52.54693907,0
2383,211067,bike + car,11,1,1100207.0,2021,5,9,1,2,5,3,0,1,1,0,0,798559.7937,5826813.427,13.40021762,52.50950347,1
2384,211068,bike + car,11,4,4200311.0,2021,4,15,4,3,5,2,0,1,1,0,0,790506.8058,5826184.672,13.28134779,52.50821492,0
2385,211069,car,11,4,4200310.0,2021,5,18,3,3,2,6,0,0,1,0,0,789346.6868,5826177.097,13.26429549,52.50876358,0
2386,211071,car,11,12,12500930.0,2021,3,10,5,3,2,6,0,0,1,0,0,792487.3132,5834332.609,13.31762056,52.58019994,0
2387,211072,car,11,7,7601340.0,2021,4,19,5,3,1,5,0,0,1,0,0,796497.8425,5815888.96,13.36022057,52.41269952,0
2388,211073,car + pedestrian,11,8,8301036.0,2021,3,16,2,3,6,2,0,0,1,1,0,803347.9594,5817392.937,13.46199208,52.42242699,0
2389,211074,bike + car,11,10,10200627.0,2021,4,17,3,3,3,6,0,1,1,0,0,811292.4458,5829779.427,13.59000788,52.52896688,0
2390,211075,bike + car,11,2,2200210.0,2021,5,16,4,3,3,6,0,1,1,0,0,798152.421,5825444.695,13.39300728,52.4974573,0
2391,211077,bike + car,11,1,1100205.0,2021,3,12,4,3,5,3,0,1,1,0,0,796974.8975,5826858.743,13.37697388,52.51077478,0
2392,211078,car + pedestrian,11,5,5100312.0,2021,4,21,7,2,6,2,2,0,1,1,1,784620.02,5830939.735,13.1989183,52.55395218,1
2393,211079,car,11,5,5200423.0,2021,5,15,5,3,5,2,0,0,1,0,0,781977.0015,5828459.821,13.15793352,52.53309108,0
2394,211080,car,11,1,1300836.0,2021,5,16,7,3,5,3,0,0,1,0,0,796672.6446,5830136.189,13.37545722,52.54031809,0
2395,211081,car,11,3,3100102.0,2021,5,17,3,3,5,3,0,0,1,0,0,804651.8907,5841368.133,13.50307709,52.63658051,0
2396,211082,bike + car,11,4,4400728.0,2021,5,15,2,3,5,2,0,1,1,0,0,790674.4889,5822688.019,13.28076089,52.47677782,0
2397,211083,bike + car,11,10,10200629.0,2021,4,13,2,3,5,3,0,1,1,0,0,811035.0922,5829169.091,13.58565555,52.52364433,0
2398,211084,bike + car,11,2,2300315.0,2021,5,18,7,3,2,6,0,1,1,0,0,800153.1365,5825759.691,13.4226748,52.49918409,0
2399,211085,bike + car,11,2,2200210.0,2021,3,8,4,2,3,6,0,1,1,0,0,798198.5573,5825070.652,13.39335006,52.49407926,1
2400,211089,bike + car,11,6,6300524.0,2021,5,8,4,3,1,5,0,1,1,0,0,788536.3358,5817278.77,13.24469281,52.42941474,0
2401,211091,bike + car,11,2,2500833.0,2021,5,13,2,2,5,3,0,1,1,0,0,802251.2526,5827327.009,13.45491168,52.51207401,1
2402,211092,bike,11,4,4300416.0,2021,4,11,2,3,0,7,0,1,0,0,0,791560.1679,5826491.326,13.29709299,52.5104021,0
2403,211093,bike + car,11,7,7501029.0,2021,3,15,3,3,5,2,0,1,1,0,0,797494.102,5820206.071,13.37866592,52.45085784,0
2404,211096,car,11,7,7400721.0,2021,4,11,3,3,5,3,0,0,1,0,0,797284.5334,5823161.111,13.37822343,52.47746084,0
2405,211097,car,11,4,4200310.0,2021,4,13,6,3,5,3,0,0,1,0,0,789326.3865,5826835.227,13.26456938,52.51467465,0
2406,211098,bike + car,11,6,6300524.0,2021,3,15,2,3,2,7,0,1,1,0,0,788954.5289,5817125.577,13.25069417,52.42782055,0
2407,211099,car + pedestrian,11,4,4400726.0,2021,4,21,3,2,6,4,2,0,1,1,0,790858.2788,5824648.082,13.28516977,52.49425207,1
2408,211100,car,11,8,8100521.0,2021,5,15,6,3,2,2,0,0,1,0,1,802950.7521,5822468.377,13.46077072,52.46813843,0
2409,211101,car,11,7,7100102.0,2021,4,11,6,3,5,2,0,0,1,0,0,794957.8779,5825654.493,13.34627229,52.50107391,0
2410,211106,car + pedestrian,11,8,8100417.0,2021,4,14,6,2,6,4,0,0,1,1,0,802217.1426,5822802.689,13.45030701,52.4715412,1
2411,211108,car,11,1,1300836.0,2021,5,17,5,3,5,3,0,0,1,0,0,796672.5594,5830136.176,13.37545595,52.54031802,0
2412,211111,bike + car,11,3,3601244.0,2021,3,16,4,3,5,3,0,1,1,0,0,800082.228,5831671.924,13.42696857,52.55221644,0
2413,211112,car + pedestrian,11,4,4500936.0,2021,5,19,1,3,6,7,0,0,1,1,0,792102.1065,5825291.292,13.3040029,52.49935409,0
2414,211113,bike + car,11,1,1100309.0,2021,4,19,3,3,5,2,1,1,1,0,0,798685.3961,5828668.026,13.40372787,52.52605861,0
2415,211114,car,11,12,12601133.0,2021,4,12,6,2,5,3,0,0,1,0,0,795733.6528,5837042.579,13.36781106,52.60273729,1
2416,211115,car,11,7,7601545.0,2021,3,15,2,3,5,3,0,0,1,0,0,800266.9725,5814083.875,13.41385271,52.39446503,0
2417,211117,car,11,1,1100206.0,2021,4,22,6,3,5,3,2,0,1,0,0,797738.3051,5827592.267,13.38884588,52.5169338,0
2418,211118,car,11,10,10100314.0,2021,5,17,3,3,2,6,0,0,1,0,0,809031.2183,5830257.504,13.55722552,52.53453774,0
2419,211119,car,11,4,4400833.0,2021,5,8,4,3,5,2,0,0,1,0,0,792057.6281,5822454.29,13.3008635,52.47394458,0
2420,211120,bike + car,11,1,1100207.0,2021,3,6,6,3,3,6,0,1,1,0,1,798846.5314,5827405.156,13.4049614,52.51465048,0
2421,211121,bike,11,2,2400623.0,2021,4,9,1,2,0,1,0,1,0,0,0,800420.1163,5827115.939,13.42781969,52.5111937,1
2422,211123,car,11,10,10100311.0,2021,4,15,5,3,2,6,0,0,1,0,0,807013.155,5829122.49,13.52651867,52.52550613,0
2423,211124,bike + car,11,2,2300316.0,2021,5,8,6,3,5,3,0,1,1,0,1,800984.2432,5826066.843,13.43515871,52.50147943,0
2424,211127,bike + car,11,9,9501939.0,2021,4,9,3,3,5,2,0,1,1,0,0,810944.6759,5821588.805,13.57725445,52.45576544,0
2425,211129,bike,11,7,7300516.0,2021,4,21,7,3,5,2,2,1,0,0,0,794038.8804,5821940.463,13.32949651,52.4682754,0
2426,211130,bike,11,4,4400728.0,2021,5,9,1,3,9,1,0,1,0,0,0,789752.9333,5823504.462,13.26793966,52.48458716,0
2427,211131,car,11,7,7200307.0,2021,4,13,4,3,2,6,0,0,1,0,0,794965.2074,5824050.584,13.34495989,52.48669197,0
2428,211132,bike,11,9,9401534.0,2021,5,16,2,3,0,1,0,1,0,0,0,810870.5352,5820664.507,13.57530656,52.44752442,0
2429,211133,bike + car,11,8,8200726.0,2021,4,19,2,3,2,2,0,1,1,0,0,802298.5906,5820579.586,13.44948913,52.4515702,0
2430,211136,bike + car,11,5,5400943.0,2021,4,11,6,3,5,3,0,1,1,0,0,780059.2193,5819583.062,13.12227188,52.45448311,0
2431,211137,car + pedestrian,11,11,11100206.0,2021,3,4,2,3,6,2,2,0,1,1,0,805083.0249,5834620.828,13.5032088,52.57586768,0
2432,211138,car,11,4,4100101.0,2021,4,13,3,3,2,6,0,0,1,0,0,793363.685,5829644.845,13.3263735,52.53770499,0
2433,211139,bike + car,11,12,12400720.0,2021,5,18,5,3,5,3,0,1,1,0,1,790174.0937,5840068.789,13.28860731,52.63286256,0
2434,211140,bike,11,1,1100415.0,2021,3,11,4,2,3,6,0,1,0,0,0,797696.7862,5829242.278,13.38971285,52.53174677,1
2435,211141,car + pedestrian,11,4,4200308.0,2021,4,16,7,3,6,4,0,0,1,1,0,790380.2491,5827306.166,13.28046696,52.51833658,0
2436,211142,car,11,3,3200309.0,2021,5,21,4,2,9,1,2,0,1,0,0,800794.201,5837036.681,13.44230473,52.59990845,1
2437,211143,bike + car,11,1,1200628.0,2021,5,17,7,3,0,2,0,1,1,0,0,796560.7253,5828691.003,13.37252234,52.52742445,0
2438,211144,car + pedestrian,11,1,1400937.0,2021,5,12,3,3,6,2,0,0,1,1,0,794225.8741,5831625.46,13.34080363,52.55499505,0
2439,211145,bike + car,11,1,1100205.0,2021,5,16,2,3,5,2,0,1,1,0,0,797575.1338,5826531.828,13.38550009,52.50751727,0
2440,211148,bike + car,11,12,12200412.0,2021,5,16,7,3,0,3,0,1,1,0,0,790806.9425,5834063.75,13.29265541,52.57869035,0
2441,211149,car,11,11,11501341.0,2021,3,21,4,2,5,2,2,0,1,0,0,805667.8096,5824335.066,13.50235503,52.48335526,1
2442,211151,car,11,8,8100102.0,2021,5,15,1,3,2,6,0,0,1,0,1,800465.3085,5823629.793,13.42533928,52.47992125,0
2443,211153,car,11,10,10200627.0,2021,5,17,4,3,3,6,0,0,1,0,0,811270.773,5829690.135,13.58960584,52.52817908,0
2444,211154,bike + car,11,7,7300618.0,2021,5,10,5,3,5,2,0,1,1,0,0,794543.9448,5822496.721,13.33740119,52.47298989,0
2445,211156,bike + car,11,1,1100415.0,2021,3,16,1,3,5,2,0,1,1,0,0,798319.0271,5829378.895,13.3989814,52.53263117,0
2446,211157,car,11,9,9100306.0,2021,4,12,2,3,8,7,0,0,1,0,0,804527.2324,5820035.002,13.48168716,52.44545233,0
2447,211158,bike,11,2,2200208.0,2021,3,20,4,2,0,7,1,1,0,0,0,797652.9418,5824944.91,13.38522478,52.49324994,1
2448,211159,car,11,4,4400835.0,2021,5,23,6,3,5,3,2,0,1,0,0,793343.4003,5822283.048,13.31958897,52.47172045,0
2449,211160,bike + car,11,8,8100102.0,2021,5,9,6,3,5,3,0,1,1,0,1,800136.234,5823278.068,13.42019168,52.47694953,0
2450,211161,bike + car,11,3,3400620.0,2021,4,21,3,3,0,3,2,1,1,0,1,797411.7617,5833971.81,13.38976021,52.57429667,0
2451,211162,car,11,1,1100207.0,2021,4,20,5,3,3,6,2,0,1,0,0,798844.5709,5827282.074,13.40482205,52.5135483,0
2452,211167,car,11,12,12200412.0,2021,4,22,5,3,4,6,2,0,1,0,1,789068.4864,5833650.097,13.26671065,52.57590821,0
2453,211169,car + pedestrian,11,10,10100313.0,2021,5,15,4,3,6,2,0,0,1,1,0,809382.021,5831053.064,13.56312159,52.54146824,0
2454,211171,car,11,1,1100102.0,2021,4,0,6,3,8,1,2,0,1,0,0,796800.558,5827964.03,13.37539846,52.5207774,0
2455,211172,car,11,7,7601544.0,2021,3,11,2,2,5,2,0,0,1,0,0,799795.083,5813977.465,13.40684314,52.39376966,1
2456,211173,bike + car,11,12,12500824.0,2021,4,13,3,3,1,5,0,1,1,0,0,790957.3405,5836982.189,13.29743225,52.60477309,0
2457,211174,bike + pedestrian,11,8,8200624.0,2021,5,13,4,3,6,7,0,1,0,1,0,800956.6063,5820837.408,13.43003325,52.45462161,0
2458,211175,car,11,1,1200517.0,2021,4,7,3,3,0,7,0,0,1,0,0,792683.5797,5828275.236,13.31516869,52.52579264,0
2459,211176,car + pedestrian,11,11,11200411.0,2021,4,16,4,3,6,4,0,0,1,1,0,805153.7951,5831646.443,13.50151461,52.54917061,0
2460,211177,bike,11,1,1100309.0,2021,4,15,6,3,0,1,0,1,0,0,0,797748.1908,5828573.284,13.38986931,52.52572201,0
2461,211178,car,11,9,9401432.0,2021,4,14,3,3,5,2,0,0,1,0,0,812133.8133,5820399.908,13.5935872,52.44443356,0
2462,211179,car,11,5,5100314.0,2021,5,23,5,3,1,7,2,0,1,0,0,785227.4724,5830286.524,13.20729249,52.54777778,0
2463,211180,bike + car,11,5,5100317.0,2021,5,13,1,3,2,6,0,1,1,0,0,786992.4826,5828157.007,13.23141132,52.52775839,0
2464,211182,car,11,6,6300528.0,2021,5,12,2,3,2,6,0,0,1,0,0,790247.299,5815103.383,13.26790041,52.40900657,0
2465,211183,car + pedestrian,11,8,8100415.0,2021,4,14,7,2,6,4,0,0,1,1,0,801719.8586,5823692.128,13.44381282,52.47978829,1
2466,211184,car,11,1,1100102.0,2021,5,12,2,3,5,2,0,0,1,0,0,796578.3024,5826873.197,13.37116003,52.51112012,0
2467,211186,bike + car,11,9,9200715.0,2021,4,11,5,3,5,2,0,1,1,0,0,808645.9373,5819162.442,13.54129044,52.4353232,0
2468,211187,car,11,8,8200623.0,2021,3,20,2,3,5,2,2,0,1,0,0,801544.2511,5820646.983,13.43848319,52.45259092,0
2469,211188,bike + car,11,4,4501042.0,2021,5,19,3,3,2,6,1,1,1,0,0,794188.3239,5825979.062,13.33525481,52.50439892,0
2470,211189,bike + car,11,1,1401047.0,2021,5,0,3,3,5,3,2,1,1,0,1,795341.8706,5830382.797,13.35611141,52.54325163,0
2471,211190,car,11,6,6400844.0,2021,3,10,6,3,5,3,0,0,1,0,0,790314.4007,5820353.988,13.27344323,52.45604427,0
2472,211192,bike + car,11,5,5300736.0,2021,3,14,3,3,5,3,0,1,1,0,0,785713.1657,5829289.726,13.21357836,52.53858617,0
2473,211193,bike + car,11,4,4501043.0,2021,4,12,4,2,0,5,0,1,1,0,0,793065.8394,5824814.253,13.31773965,52.4945609,1
2474,211196,car,11,1,1401045.0,2021,4,9,7,3,2,6,0,0,1,0,0,796662.9018,5831673.026,13.37668678,52.55409943,0
2475,211197,bike + car,11,4,4501148.0,2021,4,11,2,3,5,2,0,1,1,0,0,793346.9412,5823082.417,13.32034405,52.47888462,0
2476,211198,car,11,6,6400841.0,2021,5,12,6,3,2,2,0,0,1,0,0,789832.0282,5818728.695,13.26495381,52.44172896,0
2477,211199,car,11,6,6400737.0,2021,4,18,7,3,5,3,0,0,1,0,0,786119.3566,5816873.711,13.20889439,52.42705243,0
2478,211201,bike + car,11,9,9200819.0,2021,4,11,4,3,5,2,0,1,1,0,0,810486.4123,5820325.897,13.56935802,52.44470818,0
2479,211204,bike + car,11,1,1100416.0,2021,5,8,2,3,1,5,0,1,1,0,0,798492.2876,5829457.047,13.40159827,52.53323684,0
2480,211206,bike + car,11,1,1100102.0,2021,4,16,5,2,5,3,0,1,1,0,0,796034.1781,5826691.256,13.36300384,52.50978474,1
2481,211207,bike + car,11,3,3200308.0,2021,3,15,2,3,2,6,0,1,1,0,0,800143.3173,5836329.695,13.43208262,52.59393131,0
2482,211208,bike,11,1,1100311.0,2021,4,16,3,2,3,6,0,1,0,0,0,799719.6565,5827797.125,13.41814273,52.51768477,1
2483,211210,car,11,12,12601235.0,2021,4,13,5,3,2,2,0,0,1,0,0,794465.8966,5836244.992,13.34843647,52.59627573,0
2484,211212,car + pedestrian,11,8,8100207.0,2021,5,17,5,3,6,4,0,0,1,1,0,801016.5573,5823341.835,13.43317192,52.47703663,0
2485,211213,bike + car,11,4,4300623.0,2021,5,17,7,3,5,2,0,1,1,0,0,792541.5636,5826115.416,13.31118228,52.50650674,0
2486,211214,car,11,6,6100207.0,2021,5,9,3,3,2,7,0,0,1,0,0,793810.616,5819376.33,13.32388946,52.4454117,0
2487,211215,car,11,10,10100205.0,2021,4,6,2,3,5,3,0,0,1,0,0,808294.3436,5832811.218,13.54876651,52.55784088,0
2488,211217,bike + car,11,2,2100102.0,2021,5,13,1,3,5,2,0,1,1,0,1,798371.7883,5826337.013,13.39702863,52.50533589,0
2489,211219,bike + car,11,1,1200626.0,2021,3,16,4,2,5,3,0,1,1,0,0,795082.9372,5827876.295,13.3500792,52.52092312,1
2490,211221,car,11,9,9501737.0,2021,5,9,1,3,0,7,0,0,1,0,1,814831.2065,5823997.861,13.63653647,52.47512795,0
2491,211222,car,11,1,1200623.0,2021,4,12,6,3,5,7,0,0,1,0,0,795432.4634,5829538.317,13.35669253,52.53563249,0
2492,211224,car,11,4,4300517.0,2021,5,15,6,3,2,6,0,0,1,0,1,791452.282,5828309.436,13.29710068,52.52675888,0
2493,211225,car,11,9,9100202.0,2021,5,16,2,3,5,7,0,0,1,0,0,803228.09,5823857.471,13.46610371,52.4804349,0
2494,211227,bike + car,11,8,8100314.0,2021,4,18,7,3,5,2,0,1,1,0,0,800365.9658,5824353.417,13.42453285,52.48646203,0
2495,211228,bike + car,11,2,2200207.0,2021,3,18,4,3,5,2,0,1,1,0,0,797257.0234,5824804.713,13.37928529,52.49220898,0
2496,211229,car,11,4,4501041.0,2021,5,22,6,3,2,2,2,0,1,0,0,793300.1376,5825665.794,13.32193078,52.50206878,0
2497,211230,car,11,4,4100102.0,2021,4,16,4,3,3,6,0,0,1,0,1,791132.4193,5829158.751,13.29314291,52.53454382,0
2498,211231,car,11,8,8200622.0,2021,3,9,3,3,5,2,0,0,1,0,0,801225.2158,5821682.469,13.43473675,52.4620482,0
2499,211233,car + pedestrian,11,3,3500936.0,2021,5,10,6,2,6,2,0,0,1,1,0,801854.3019,5831374.821,13.45275547,52.54857438,1
2500,211234,car,11,4,4300623.0,2021,4,14,3,3,2,6,0,0,1,0,0,792174.8292,5826124.67,13.30580243,52.50678623,0
2501,211236,car + pedestrian,11,11,11100203.0,2021,5,15,3,3,6,2,0,0,1,1,0,806824.0124,5833826.248,13.52808471,52.56776796,0
2502,211237,bike + car,11,1,1100205.0,2021,5,7,3,3,0,2,0,1,1,0,0,796995.1329,5826616.928,13.37705541,52.50859615,0
2503,211238,car,11,10,10400836.0,2021,3,14,6,3,5,3,0,0,1,0,0,811571.4337,5827389.854,13.59186941,52.50739389,0
2504,211239,bike + car,11,9,9200819.0,2021,4,12,6,3,1,5,0,1,1,0,0,810487.763,5820173.614,13.56923633,52.44334269,0
2505,211240,bike + car,11,11,11300724.0,2021,3,13,3,3,5,3,0,1,1,0,0,804603.699,5827475.729,13.48960553,52.5120984,0
2506,211241,car,11,5,5100316.0,2021,4,11,3,3,2,6,0,0,1,0,0,784969.7716,5829414.779,13.20275445,52.54009666,0
2507,211242,car,11,12,12500928.0,2021,5,15,4,3,5,3,0,0,1,0,0,792234.3926,5837196.882,13.31642575,52.60601273,0
2508,211244,car,11,7,7100206.0,2021,4,15,3,3,3,6,0,0,1,0,0,796662.6654,5824826.482,13.3705761,52.49272746,0
2509,211245,bike,11,1,1100309.0,2021,5,18,6,3,5,2,0,1,0,0,1,798251.2945,5828942.15,13.39759399,52.52875341,0
2510,211247,car,11,3,3200205.0,2021,4,10,4,3,5,3,0,0,1,0,0,797314.227,5835283.202,13.38950147,52.58610485,0
2511,211248,car,11,8,8401245.0,2021,5,16,2,3,5,3,0,0,1,0,0,806606.9344,5815508.621,13.50804272,52.40372272,0
2512,211249,car,11,12,12500930.0,2021,4,16,7,3,2,2,0,0,1,0,0,792476.0501,5834307.667,13.3174328,52.5799824,0
2513,211250,bike + car,11,1,1100207.0,2021,5,8,3,3,5,3,0,1,1,0,0,798154.8935,5826711.902,13.39417829,52.50881487,0
2514,211251,car,11,3,3300412.0,2021,3,17,5,3,5,3,0,0,1,0,0,802621.5204,5838062.988,13.47014089,52.60809303,0
2515,211252,car,11,4,4501042.0,2021,4,17,4,2,5,2,0,0,1,0,0,794349.984,5826074.583,13.33771412,52.50516802,1
2516,211253,bike,11,12,12400618.0,2021,3,18,2,3,3,6,0,1,0,0,0,786909.8814,5838379.451,13.23904233,52.61945134,0
2517,211254,bike + pedestrian,11,5,5200630.0,2021,5,9,3,3,6,7,0,1,0,1,0,784439.8031,5827586.209,13.19339643,52.52397852,0
2518,211255,bike + car,11,6,6200422.0,2021,4,15,3,3,2,6,0,1,1,0,0,794216.3909,5816862.109,13.32762999,52.42265446,0
2519,211256,car,11,8,8100521.0,2021,4,21,3,3,2,6,2,0,1,0,0,803769.2073,5822188.322,13.47252723,52.46517389,0
2520,211257,car,11,5,5200631.0,2021,3,10,4,3,5,3,0,0,1,0,0,784643.0988,5827975.001,13.19671763,52.52735835,0
2521,211258,car,11,8,8200624.0,2021,4,21,6,3,3,6,2,0,1,0,0,801218.0586,5820572.702,13.43363053,52.45210495,0
2522,211259,bike + car,11,1,1400938.0,2021,5,12,5,3,5,7,0,1,1,0,0,794814.31,5831331.888,13.34919714,52.55204519,0
2523,211260,car,11,4,4200203.0,2021,5,19,4,3,8,1,0,0,1,0,1,788044.1573,5826858.408,13.24574635,52.51556118,0
2524,211261,car,11,10,10100316.0,2021,5,19,6,3,5,3,0,0,1,0,1,810101.7883,5831390.921,13.57401618,52.54408682,0
2525,211265,bike + car,11,3,3601142.0,2021,5,15,7,3,2,6,0,1,1,0,0,798261.3498,5830916.532,13.3995139,52.54644554,0
2526,211266,bike + car,11,1,1401047.0,2021,4,19,6,3,1,5,0,1,1,0,0,795423.4491,5830618.317,13.35752033,52.54531863,0
2527,211269,car,11,6,6400737.0,2021,4,17,5,3,5,7,0,0,1,0,0,784891.2812,5817548.676,13.19145672,52.43374519,0
2528,211270,bike + car,11,7,7100101.0,2021,4,9,5,2,5,3,0,1,1,0,0,794589.3843,5825438.74,13.34066855,52.49933888,1
2529,211271,bike + car,11,1,1100415.0,2021,5,9,4,3,5,2,0,1,1,0,0,798309.2921,5829374.771,13.39883461,52.53259954,0
2530,211274,bike + pedestrian,11,11,11400929.0,2021,3,14,6,3,0,4,0,1,0,1,0,804830.9695,5826495.116,13.49204619,52.50318267,0
2531,211276,bike + car,11,9,9501737.0,2021,3,10,2,3,0,3,0,1,1,0,0,814242.2069,5822313.542,13.62630686,52.46037407,0
2532,211278,bike,11,3,3400724.0,2021,3,14,4,2,0,1,0,1,0,0,0,799766.6193,5834835.588,13.42518638,52.58074704,1
2533,211279,car + pedestrian,11,3,3200308.0,2021,4,7,2,3,6,4,0,0,1,1,1,800173.57,5836595.828,13.43276911,52.59629999,0
2534,211280,bike + car,11,1,1100416.0,2021,5,8,5,3,1,5,0,1,1,0,1,798808.1797,5829313.223,13.4061122,52.53177459,0
2535,211281,bike + car,11,7,7100103.0,2021,5,15,7,2,1,5,0,1,1,0,0,795969.6614,5825147.869,13.36068412,52.49598463,1
2536,211283,bike + car,11,4,4300623.0,2021,4,17,2,3,5,3,0,1,1,0,0,792534.6946,5826123.986,13.31108889,52.50658725,0
2537,211284,bike + car,11,2,2300314.0,2021,5,23,7,3,1,5,2,1,1,0,0,800343.6746,5826261.184,13.42592552,52.50357432,0
2538,211285,car,11,12,12100205.0,2021,5,17,7,2,1,5,0,0,1,0,1,794288.8813,5832922.51,13.34288055,52.56658811,1
2539,211287,car + pedestrian,11,7,7601545.0,2021,3,13,4,3,6,4,0,0,1,1,0,800736.2987,5813970.819,13.42062797,52.39319419,0
2540,211288,bike + car,11,12,12500930.0,2021,4,6,3,3,5,7,0,1,1,0,0,793546.762,5834253.109,13.33314091,52.57891676,0
2541,211289,bike + car,11,4,4501043.0,2021,5,15,1,3,5,3,0,1,1,0,1,792326.6078,5825267.398,13.30727971,52.49901967,0
2542,211292,bike,11,6,6300524.0,2021,5,18,5,3,5,3,0,1,0,0,0,788422.7191,5816597.556,13.24243892,52.42336712,0
2543,211294,car + pedestrian,11,12,12601133.0,2021,3,14,7,3,6,4,0,0,1,1,1,795250.4606,5836561.499,13.36026806,52.59868751,0
2544,211296,bike,11,6,6400838.0,2021,3,5,4,2,0,7,2,1,0,0,0,787494.4799,5817560.831,13.22965388,52.43249214,1
2545,211297,bike,11,9,9501838.0,2021,4,9,4,2,0,7,0,1,0,0,0,817053.037,5821179.896,13.66646354,52.44859279,1
2546,211299,car,11,6,6400841.0,2021,4,12,3,3,5,3,0,0,1,0,0,789855.4458,5818753.807,13.26531915,52.44194169,0
2547,211300,car,11,9,9200510.0,2021,3,9,3,3,2,6,0,0,1,0,0,806226.0479,5822179.262,13.50857091,52.46372137,0
2548,211301,car,11,9,9300922.0,2021,4,13,2,3,5,3,0,0,1,0,0,808170.7128,5815764.477,13.53119254,52.405138,0
2549,211302,bike,11,1,1100205.0,2021,5,22,6,3,0,1,2,1,0,0,0,797247.0082,5827371.914,13.38143003,52.51522658,0