,ObjectID,vehicle_types,State,District,LOR_ab_2021,AccidentYear,AccidentMonth,AccidentHour,DayOfWeek,AccidentCategory,AccidentType,AccidentTypeDetail,LightingCondition,InvolvingBike,InvolvingCar,InvolvingPedestrian,RoadCondition,GraphicCoord1,GraphicCoord2,LongitudeWGS84,LatitudeWGS84,accident_outcome
2550,211303,car + pedestrian,11,1,1300836.0,2021,4,14,3,3,6,4,0,0,1,1,1,796514.5789,5830924.205,13.3738368,52.54746785,0
2551,211306,bike + car,11,1,1400942.0,2021,5,12,4,3,5,2,0,1,1,0,0,795117.694,5830865.557,13.35324426,52.54770064,0
2552,211307,bike + car,11,3,3300516.0,2021,3,12,6,3,5,2,0,1,1,0,1,801362.1614,5833159.04,13.44713941,52.56483885,0
2553,211308,car,11,2,2200207.0,2021,4,21,5,2,8,1,2,0,1,0,0,797088.9067,5824720.697,13.37674148,52.49154739,1
2554,211309,bike + car,11,4,4200308.0,2021,3,12,3,2,5,3,0,1,1,0,0,789476.2186,5827467.544,13.2673214,52.52026401,1
2555,211311,bike + car,11,2,2500835.0,2021,5,19,4,3,5,2,0,1,1,0,1,803020.0729,5825762.14,13.46478187,52.49762176,0
2556,211312,bike + car,11,2,2200209.0,2021,4,12,5,3,0,3,0,1,1,0,0,797509.1495,5824744.112,13.38293378,52.49152841,0
2557,211313,bike + car,11,3,3300517.0,2021,4,15,2,3,4,6,0,1,1,0,0,802918.5197,5834134.635,13.4709214,52.57271916,0
2558,211314,car + pedestrian,11,9,9501939.0,2021,5,12,6,3,6,7,0,0,1,1,0,811005.1442,5821742.815,13.57828493,52.4571112,0
2559,211317,bike + car,11,1,1401047.0,2021,5,17,2,3,1,5,0,1,1,0,0,795870.9725,5830473.416,13.36397147,52.54377688,0
2560,211318,bike + car,11,1,1100308.0,2021,4,13,2,2,5,2,0,1,1,0,0,797038.2048,5829319.343,13.38010142,52.53279687,1
2561,211319,bike + car,11,4,4501150.0,2021,5,17,2,3,0,3,0,1,1,0,0,793696.6221,5823939.424,13.32623315,52.48637939,0
2562,211322,car,11,11,11400929.0,2021,3,14,2,3,5,3,0,0,1,0,0,805269.0955,5827008.632,13.49895172,52.5075401,0
2563,211323,bike + car,11,8,8100418.0,2021,5,22,3,3,2,2,2,1,1,0,0,802409.7879,5823720.969,13.45396713,52.47966519,0
2564,211324,bike + car,11,11,11300722.0,2021,4,15,5,2,5,3,0,1,1,0,0,803991.9761,5827772.249,13.4808901,52.51509726,1
2565,211326,bike + car,11,8,8100313.0,2021,4,18,4,3,5,2,0,1,1,0,0,801397.4833,5824766.376,13.44005158,52.48959502,0
2566,211327,bike + car,11,2,2200208.0,2021,5,14,5,3,5,2,0,1,1,0,0,797546.9419,5825062.032,13.38377269,52.4943576,0
2567,211328,car + pedestrian,11,2,2400625.0,2021,5,19,4,2,6,4,0,0,1,1,1,800917.2899,5826830.983,13.43486597,52.50836553,1
2568,211329,bike + car,11,1,1200522.0,2021,5,10,5,3,5,2,0,1,1,0,0,794207.8318,5827711.513,13.33707297,52.51991881,0
2569,211330,bike + car,11,2,2400521.0,2021,5,23,1,3,1,5,2,1,1,0,0,800463.5993,5828314.052,13.42954047,52.52190878,0
2570,211331,car,11,6,6400839.0,2021,4,15,2,3,2,6,0,0,1,0,0,788267.1589,5818648.137,13.24192557,52.4418339,0
2571,211333,bike + car,11,5,5200629.0,2021,5,21,7,3,5,2,1,1,1,0,0,784552.4967,5828178.438,13.19555983,52.52922967,0
2572,211335,bike + car,11,8,8300935.0,2021,3,14,3,3,1,5,0,1,1,0,0,802293.7897,5817977.616,13.44706529,52.42825093,0
2573,211336,car,11,3,3601141.0,2021,4,16,3,3,2,6,0,0,1,0,0,798828.6206,5831727.243,13.40858413,52.55340149,0
2574,211338,car,11,1,1200517.0,2021,4,8,5,3,3,6,0,0,1,0,0,793522.2977,5829255.593,13.32836159,52.53413014,0
2575,211339,bike + car,11,3,3701660.0,2021,5,7,3,3,2,7,0,1,1,0,1,800743.7049,5829441.288,13.43467597,52.53185803,0
2576,211340,car,11,2,2100102.0,2021,5,19,3,3,5,2,0,0,1,0,1,798210.9628,5826319.642,13.3946506,52.50526811,0
2577,211342,bike + car,11,3,3601244.0,2021,4,15,6,3,5,2,0,1,1,0,0,800083.6956,5831671.617,13.42698987,52.55221287,0
2578,211343,car,11,11,11300722.0,2021,3,12,3,3,0,7,0,0,1,0,0,803734.1624,5828298.151,13.47758261,52.5199544,0
2579,211344,bike + car,11,4,4400726.0,2021,4,12,5,3,5,3,0,1,1,0,0,790853.0565,5823648.402,13.2842205,52.48529266,0
2580,211345,bike + car,11,9,9401431.0,2021,5,13,6,2,1,5,0,1,1,0,0,811872.5961,5820583.086,13.58992731,52.44622414,1
2581,211346,bike + car,11,9,9200511.0,2021,4,16,4,3,5,7,0,1,1,0,0,807292.846,5821790.603,13.52386653,52.45963926,0
2582,211347,bike + car,11,4,4500937.0,2021,4,7,5,3,5,2,0,1,1,0,0,790985.0636,5824831.917,13.28719257,52.49583258,0
2583,211348,car,11,5,5100317.0,2021,4,11,3,3,2,6,0,0,1,0,0,787571.5034,5828028.3,13.23981169,52.52629933,0
2584,211349,car,11,4,4100102.0,2021,5,11,5,3,3,2,0,0,1,0,0,791143.844,5829115.658,13.29327312,52.53415139,0
2585,211350,bike + car,11,1,1300836.0,2021,5,20,1,3,5,2,0,1,1,0,0,796713.0434,5830439.633,13.37632216,52.54301614,0
2586,211351,bike,11,7,7400928.0,2021,4,17,4,3,5,3,0,1,0,0,0,799986.5856,5821312.438,13.41622764,52.45941279,0
2587,211353,car + pedestrian,11,8,8401246.0,2021,5,18,2,3,6,4,0,0,1,1,1,805794.7974,5816849.405,13.49736641,52.41619378,0
2588,211354,car,11,1,1401045.0,2021,3,16,5,3,2,6,0,0,1,0,0,796613.7122,5831735.146,13.37601889,52.55468306,0
2589,211356,car,11,7,7501031.0,2021,3,17,1,3,5,3,0,0,1,0,0,799466.4506,5820504.662,13.40787068,52.45245744,0
2590,211357,car,11,1,1100206.0,2021,4,19,3,3,1,5,0,0,1,0,0,798514.5144,5827851.427,13.4004836,52.51883251,0
2591,211361,bike + car,11,11,11300620.0,2021,4,1,1,3,3,6,2,1,1,0,1,803971.7438,5829823.668,13.48246787,52.53349468,0
2592,211363,bike + car,11,7,7300618.0,2021,5,12,6,3,5,3,0,1,1,0,1,794498.5234,5821873.935,13.33618464,52.46743143,0
2593,211364,bike + car,11,7,7100102.0,2021,4,15,4,3,5,2,0,1,1,0,0,794924.5976,5825609.708,13.34574377,52.50069043,0
2594,211366,car,11,3,3300411.0,2021,4,12,2,3,2,7,0,0,1,0,0,803456.2862,5839322.103,13.48358547,52.61891249,0
2595,211367,car,11,6,6100205.0,2021,5,19,5,3,1,5,0,0,1,0,0,794822.0554,5820057.11,13.33932896,52.4509701,0
2596,211369,bike + car,11,7,7300517.0,2021,5,10,7,3,1,5,0,1,1,0,0,794059.9703,5822612.185,13.33039819,52.47428573,0
2597,211370,car,11,10,10100313.0,2021,4,16,4,3,2,6,0,0,1,0,0,808516.0021,5831179.298,13.55050962,52.54309052,0
2598,211372,car + pedestrian,11,12,12601236.0,2021,5,13,4,3,6,4,0,0,1,1,0,794406.1798,5836251.396,13.34756307,52.59636546,0
2599,211373,bike + car,11,2,2200213.0,2021,3,9,5,3,5,2,0,1,1,0,0,799569.7053,5824913.174,13.41334459,52.49191691,0
2600,211374,car,11,10,10200524.0,2021,4,17,5,3,5,2,0,0,1,0,0,812590.1908,5830316.198,13.60958067,52.53303437,0
2601,211376,bike + car,11,5,5300841.0,2021,4,12,4,3,1,5,0,1,1,0,0,789674.2552,5829357.241,13.27187844,52.53710028,0
2602,211377,car,11,6,6300526.0,2021,5,20,5,3,2,2,0,0,1,0,1,789327.3825,5817264.104,13.25628249,52.42886546,0
2603,211378,bike + car,11,5,5200524.0,2021,4,13,6,2,5,2,0,1,1,0,0,780346.9255,5827611.581,13.13324983,52.52632606,1
2604,211380,bike + car,11,1,1200628.0,2021,5,14,5,3,1,5,0,1,1,0,0,795511.0542,5828108.778,13.3565772,52.52277529,0
2605,211381,car,11,12,12500930.0,2021,4,9,3,3,2,7,0,0,1,0,0,792856.9853,5835154.801,13.32378726,52.58737161,0
2606,211382,car,11,10,10200420.0,2021,5,11,6,3,2,1,0,0,1,0,1,811960.996,5830560.461,13.6005641,52.5355837,0
2607,211383,car,11,2,2200210.0,2021,5,19,2,3,2,6,0,0,1,0,0,798279.8766,5825471.28,13.39490303,52.49762595,0
2608,211385,car,11,3,3400830.0,2021,4,19,2,3,5,2,0,0,1,0,0,800020.4836,5833422.406,13.42764315,52.56794047,0
2609,211386,car,11,12,12500930.0,2021,5,11,2,3,2,6,0,0,1,0,0,793249.3534,5835172.273,13.32957774,52.58731686,0
2610,211390,bike + car,11,10,10300732.0,2021,5,14,2,3,5,3,0,1,1,0,0,810185.7962,5827959.032,13.5720494,52.51328414,0
2611,211391,bike + car,11,5,5100316.0,2021,4,15,5,3,1,7,0,1,1,0,0,785312.9783,5829418.773,13.20780469,52.53995287,0
2612,211393,bike + car,11,7,7400927.0,2021,4,18,4,3,1,5,0,1,1,0,0,798420.3233,5821278.677,13.39321366,52.45996768,0
2613,211395,bike + car,11,10,10100316.0,2021,5,6,5,2,5,2,0,1,1,0,0,810055.6315,5831663.247,13.57359192,52.54655353,1
2614,211396,car,11,4,4501045.0,2021,5,8,2,2,1,7,0,0,1,0,0,793798.329,5824930.616,13.32860063,52.49521025,1
2615,211397,bike,11,2,2500727.0,2021,4,11,2,3,0,1,0,1,0,0,0,802208.5503,5827742.753,13.45466192,52.51582398,0
2616,211400,bike + car,11,2,2300316.0,2021,4,12,6,3,1,5,0,1,1,0,0,800586.7697,5826621.389,13.42982139,52.50666909,0
2617,211401,car,11,1,1100415.0,2021,3,11,3,3,2,6,0,0,1,0,0,798191.298,5829353.873,13.39708151,52.53247678,0
2618,211402,bike + car,11,1,1100308.0,2021,4,14,4,3,5,2,0,1,1,0,0,797001.8501,5828943.906,13.37923161,52.52945131,0
2619,211403,car,11,9,9401329.0,2021,5,8,6,3,5,3,0,0,1,0,0,811702.1776,5818435.274,13.58542532,52.42707376,0
2620,211404,bike + car,11,7,7601442.0,2021,4,14,5,3,5,2,0,1,1,0,0,799252.336,5816261.186,13.4009311,52.41453729,0
2621,211405,bike + car,11,3,3400619.0,2021,5,13,3,3,0,2,0,1,1,0,0,795821.949,5835221.284,13.36748421,52.58636334,0
2622,211406,car,11,8,8200730.0,2021,5,16,3,3,2,6,0,0,1,0,0,801479.276,5817962.747,13.43510855,52.42856708,0
2623,211407,car,11,9,9100306.0,2021,3,22,6,3,3,6,2,0,1,0,0,804709.9976,5820341.895,13.48464785,52.44810111,0
2624,211408,car,11,5,5100315.0,2021,4,14,1,2,5,2,0,0,1,0,0,784662.1437,5829703.45,13.19847814,52.54284567,1
2625,211409,bike + car,11,11,11300620.0,2021,3,8,2,3,5,2,0,1,1,0,0,803849.363,5829049.735,13.47996186,52.52662642,0
2626,211410,car,11,12,12500926.0,2021,4,9,5,3,2,6,0,0,1,0,0,792952.9973,5835420.62,13.32543546,52.58970283,0
2627,211411,bike + car,11,8,8100417.0,2021,5,18,5,3,0,2,0,1,1,0,1,802364.1718,5823232.499,13.4528546,52.47531226,0
2628,211413,bike + car,11,1,1300836.0,2021,4,12,7,3,1,5,0,1,1,0,0,796869.5664,5831353.7,13.37944051,52.55112444,0
2629,211415,car,11,9,9200715.0,2021,5,13,6,2,5,2,0,0,1,0,0,807217.9609,5818289.597,13.51954899,52.42830437,1
2630,211416,car,11,11,11401136.0,2021,4,3,2,3,5,3,2,0,1,0,0,805250.7797,5826117.9,13.49786613,52.4995672,0
2631,211418,bike + car,11,2,2100103.0,2021,4,15,4,3,5,2,0,1,1,0,0,798669.055,5826451.223,13.40149779,52.50619698,0
2632,211421,car,11,2,2300316.0,2021,3,17,6,3,2,6,1,0,1,0,0,801161.7506,5825929.466,13.43764162,52.50015016,0
2633,211422,bike + car,11,5,5100210.0,2021,4,8,6,2,5,2,0,1,1,0,0,784171.9729,5830042.133,13.19155943,52.54613821,1
2634,211423,car + pedestrian,11,5,5200631.0,2021,3,17,2,3,6,2,0,0,1,1,0,784715.3487,5827637.357,13.19749065,52.5242933,0
2635,211424,car + pedestrian,11,8,8300934.0,2021,4,15,3,3,6,4,0,0,1,1,0,803660.0665,5818238.347,13.46733525,52.42983128,0
2636,211425,bike + pedestrian,11,7,7601546.0,2021,5,11,4,3,6,6,0,1,0,1,0,799088.2147,5813142.658,13.39574086,52.38667295,0
2637,211426,bike + car,11,7,7400927.0,2021,4,15,4,3,0,7,0,1,1,0,0,798325.5303,5821000.733,13.39157424,52.45752799,0
2638,211427,bike + car,11,9,9401635.0,2021,3,14,4,3,1,5,0,1,1,0,0,817055.2396,5817048.885,13.66257957,52.41157561,0
2639,211428,bike,11,2,2300418.0,2021,4,10,2,3,0,7,0,1,0,0,0,800921.4637,5825537.853,13.43375869,52.49677259,0
2640,211429,car + pedestrian,11,3,3400830.0,2021,5,10,5,3,6,3,0,0,1,1,0,800034.51,5833421.877,13.42784899,52.56792799,0
2641,211430,bike + car,11,2,2100104.0,2021,4,13,4,3,5,3,0,1,1,0,0,799115.0493,5826268.597,13.40788524,52.50431568,0
2642,211431,bike + car,11,2,2100106.0,2021,5,14,7,3,5,3,0,1,1,0,0,799788.4662,5825717.573,13.41728093,52.49900702,0
2643,211433,car + pedestrian,11,5,5200420.0,2021,4,18,2,3,6,2,0,0,1,1,0,782466.0479,5828513.022,13.16516935,52.53331486,0
2644,211435,bike,11,10,10400835.0,2021,5,15,2,2,0,1,0,1,0,0,0,811916.1572,5829746.257,13.59914122,52.52831314,1
2645,211436,bike + car,11,1,1300733.0,2021,4,19,1,3,5,2,1,1,1,0,0,797134.204,5831802.409,13.38373363,52.55500228,0
2646,211437,bike + car,11,8,8100415.0,2021,3,15,4,3,0,3,0,1,1,0,0,801533.6589,5823622.683,13.44101657,52.47926868,0
2647,211439,car,11,8,8200832.0,2021,4,11,3,3,5,3,0,0,1,0,0,801612.2886,5816705.006,13.43592505,52.4172202,0
2648,211440,bike + car,11,6,6400843.0,2021,5,15,1,3,5,2,0,1,1,0,1,792356.741,5820774.74,13.30378325,52.45872763,0
2649,211442,bike + car,11,1,1100416.0,2021,5,21,4,3,1,5,2,1,1,0,0,798743.8879,5829593.799,13.4054194,52.53432479,0
2650,211444,car + pedestrian,11,2,2500726.0,2021,5,11,2,3,6,2,0,0,1,1,0,801948.319,5829058.675,13.45203319,52.52776273,0
2651,211446,car + pedestrian,11,8,8100520.0,2021,4,21,7,3,6,4,2,0,1,1,0,803189.3013,5822700.756,13.4644828,52.4700889,0
2652,211447,bike + car,11,9,9100101.0,2021,3,17,3,3,0,6,0,1,1,0,0,802346.1844,5825322.502,13.45448623,52.49405501,0
2653,211449,bike,11,8,8401243.0,2021,5,20,5,2,0,1,2,1,0,0,1,805584.5721,5818629.337,13.49591083,52.43226405,1
2654,211450,bike + car,11,6,6300634.0,2021,4,7,3,3,5,3,0,1,1,0,0,792512.5495,5817836.097,13.303497,52.43229965,0
2655,211451,bike,11,4,4300619.0,2021,4,18,6,2,3,2,0,1,0,0,0,792979.324,5827563.946,13.31888895,52.51925737,1
2656,211452,bike + pedestrian,11,12,12500930.0,2021,5,15,7,3,0,7,0,1,0,1,0,793004.2339,5835171.376,13.32596918,52.5874409,0
2657,211453,car,11,10,10200526.0,2021,5,7,3,2,2,6,0,0,1,0,0,812599.8203,5830287.127,13.60969484,52.53276834,1
2658,211454,car + pedestrian,11,11,11200514.0,2021,5,18,7,2,6,4,0,0,1,1,1,804925.3148,5830518.864,13.4971204,52.53919271,1
2659,211455,car,11,2,2100105.0,2021,5,6,1,3,9,1,0,0,1,0,0,799877.2905,5825747.578,13.41861251,52.49922716,0
2660,211457,bike,11,3,3701660.0,2021,5,14,7,2,5,3,0,1,0,0,0,800973.9125,5829235.02,13.43787274,52.52988216,1
2661,211458,bike + car,11,2,2400623.0,2021,3,17,4,3,5,2,0,1,1,0,0,800722.0798,5826936.406,13.43209359,52.50941811,0
2662,211460,car + pedestrian,11,11,11300725.0,2021,4,5,6,3,6,7,2,0,1,1,0,805416.3945,5827628.105,13.5016837,52.51300965,0
2663,211461,car,11,1,1300733.0,2021,4,8,6,3,0,7,0,0,1,0,0,797271.481,5831290.411,13.38529405,52.55033794,0
2664,211462,bike + car,11,2,2500834.0,2021,5,8,4,3,2,6,0,1,1,0,0,802279.1196,5826858.534,13.45489562,52.50785963,0
2665,211464,bike + car,11,2,2400521.0,2021,5,15,2,3,1,5,0,1,1,0,0,801175.1019,5828058.537,13.43976416,52.51922605,0
2666,211465,bike,11,1,1401044.0,2021,4,16,2,3,0,7,0,1,0,0,0,796120.2609,5831444.694,13.36850282,52.55234797,0
2667,211466,bike + car,11,9,9200512.0,2021,3,8,4,3,1,5,0,1,1,0,0,807736.0032,5821516.781,13.53011603,52.45693587,0
2668,211467,bike + car,11,12,12400618.0,2021,5,7,6,2,5,3,0,1,1,0,0,786981.4012,5838305.69,13.24003187,52.61875228,1
2669,211468,car,11,1,1300733.0,2021,5,17,6,3,5,3,0,0,1,0,0,797000.3397,5831505.962,13.38149975,52.552418,0
2670,211469,bike + car,11,9,9200819.0,2021,4,14,6,3,5,3,0,1,1,0,0,810207.3646,5819629.33,13.56461894,52.4386241,0
2671,211474,car,11,4,4200311.0,2021,5,14,3,3,5,7,0,0,1,0,0,790310.1709,5825634.744,13.27797911,52.50338944,0
2672,211476,bike + car,11,9,9200613.0,2021,3,9,6,3,5,2,0,1,1,0,1,805925.8098,5821837.094,13.50385174,52.46082287,0
2673,211477,bike + car,11,1,1200520.0,2021,4,19,1,3,3,6,1,1,1,0,0,794574.2627,5828482.152,13.34314045,52.52662925,0
2674,211479,car,11,6,6200313.0,2021,4,9,4,3,2,6,0,0,1,0,0,795252.1737,5818641.4,13.34438887,52.43804696,0
2675,211480,car,11,7,7601340.0,2021,5,11,4,3,2,6,1,0,1,0,0,796138.696,5815932.827,13.35499443,52.41328717,0
2676,211482,car,11,6,6400844.0,2021,4,14,6,3,2,6,0,0,1,0,0,790379.1468,5820874.209,13.27484591,52.46067377,0
2677,211484,bike,11,4,4500937.0,2021,5,11,6,3,0,1,0,1,0,0,0,790985.3724,5824852.235,13.28721486,52.49601456,0
2678,211485,car,11,4,4200308.0,2021,4,19,1,3,5,2,0,0,1,0,0,790547.9223,5827351.088,13.28297035,52.51865001,0
2679,211486,car,11,2,2400521.0,2021,5,16,7,3,5,3,0,0,1,0,0,800860.0563,5828310.416,13.43536287,52.5216576,0
2680,211489,car,11,8,8300934.0,2021,4,10,2,3,5,3,0,0,1,0,1,803273.6698,5818322.877,13.4617461,52.43080325,0
2681,211491,bike + pedestrian,11,5,5200629.0,2021,3,12,5,2,6,4,0,1,0,1,0,784620.2291,5828426.815,13.19676825,52.53142126,1
2682,211492,car,11,8,8100313.0,2021,4,15,5,3,1,7,0,0,1,0,0,801670.8118,5824343.339,13.44368207,52.4856523,0
2683,211493,bike + car,11,2,2100103.0,2021,3,14,2,3,3,6,0,1,1,0,0,798526.2775,5826212.853,13.39918668,52.50413846,0
2684,211494,car,11,1,1100311.0,2021,4,18,3,3,3,6,0,0,1,0,0,799722.7333,5827561.074,13.41797529,52.51556726,0
2685,211495,bike + car,11,8,8100102.0,2021,5,19,4,3,1,5,0,1,1,0,1,800570.1577,5823270.455,13.42655463,52.47664266,0
2686,211496,bike + car,11,2,2500835.0,2021,4,12,5,3,2,6,0,1,1,0,0,802458.316,5826320.162,13.4570388,52.5029349,0
2687,211497,car + pedestrian,11,6,6300631.0,2021,4,8,2,3,6,4,0,0,1,1,0,792990.9096,5817715.58,13.31040751,52.43096323,0
2688,211498,bike,11,5,5400943.0,2021,5,10,5,3,3,6,0,1,0,0,0,780585.46,5819429.818,13.12986717,52.45283908,0
2689,211502,car,11,8,8401244.0,2021,4,8,3,3,2,2,0,0,1,0,0,806235.3316,5816373.616,13.50338843,52.41168321,0
2690,211504,bike + car,11,7,7400823.0,2021,5,17,1,3,5,2,0,1,1,0,0,796908.831,5822294.284,13.37193623,52.46989494,0
2691,211506,bike + car,11,3,3601141.0,2021,3,23,4,3,5,3,2,1,1,0,0,799220.3551,5831806.003,13.41441569,52.55389239,0
2692,211507,bike + car,11,11,11501339.0,2021,4,13,4,3,5,2,0,1,1,0,0,807328.6992,5825284.537,13.52761195,52.49093233,0
2693,211508,bike + car,11,11,11400929.0,2021,5,22,7,3,5,7,2,1,1,0,0,805034.9195,5826695.665,13.49522531,52.50486612,0
2694,211509,car,11,5,5200630.0,2021,4,15,6,3,2,6,0,0,1,0,0,784154.9099,5827303.931,13.18896737,52.52159615,0
2695,211510,bike + car,11,7,7601544.0,2021,5,21,4,3,1,5,1,1,1,0,0,799487.6618,5812930.399,13.40140321,52.38455211,0
2696,211511,car,11,1,1100308.0,2021,5,19,5,3,5,7,0,0,1,0,0,797255.5153,5828242.189,13.38233268,52.52302296,0
2697,211512,bike + car,11,7,7400822.0,2021,5,19,2,3,5,3,0,1,1,0,0,796818.993,5822182.167,13.37051781,52.46893873,0
2698,211513,car + pedestrian,11,2,2500831.0,2021,3,16,7,3,6,4,0,0,1,1,0,803270.2817,5827427.296,13.46997306,52.51240728,0
2699,211516,bike + car,11,11,11400929.0,2021,5,18,6,3,1,5,0,1,1,0,0,805462.5928,5826923.351,13.50171561,52.50666748,0
2700,211517,bike + car,11,7,7100101.0,2021,4,12,5,3,5,2,0,1,1,0,0,794607.4089,5825435.795,13.3409307,52.49930274,0
2701,211518,car,11,5,5200528.0,2021,3,16,2,3,2,2,0,0,1,0,0,783903.2932,5826601.837,13.18466963,52.51543212,0
2702,211521,car + pedestrian,11,10,10100209.0,2021,4,14,3,2,6,4,0,0,1,1,0,810010.9178,5832299.846,13.57352891,52.55228384,1
2703,211523,bike + car,11,9,9301126.0,2021,5,17,3,3,5,3,0,1,1,0,0,811426.7366,5817361.517,13.58038795,52.41760805,0
2704,211524,bike + car,11,1,1100312.0,2021,5,18,4,3,5,3,0,1,1,0,1,799458.893,5827068.327,13.41365536,52.51129546,0
2705,211527,car,11,3,3100101.0,2021,3,11,3,3,0,5,0,0,1,0,0,804137.6749,5841825.171,13.4959227,52.64096485,0
2706,211530,car,11,1,1401047.0,2021,4,11,6,3,5,2,0,0,1,0,0,795517.809,5830743.695,13.35901932,52.54639136,0
2707,211531,bike + car,11,4,4400727.0,2021,4,17,1,3,1,5,0,1,1,0,1,790926.5257,5823503.475,13.28517291,52.48395424,0
2708,211533,bike + car,11,9,9502043.0,2021,5,13,7,2,5,2,0,1,1,0,0,810991.5924,5821981.77,13.5783087,52.45926031,1
2709,211534,car,11,12,12100205.0,2021,4,10,5,3,5,3,0,0,1,0,1,794503.8382,5834749.328,13.34766538,52.58284782,0
2710,211535,bike,11,1,1100309.0,2021,3,18,2,3,0,7,0,1,0,0,0,798630.389,5828380.884,13.40266161,52.52351492,0
2711,211536,bike + car,11,1,1400942.0,2021,4,10,4,3,5,7,0,1,1,0,0,794480.7581,5830671.779,13.34370646,52.54630824,0
2712,211537,car,11,8,8401242.0,2021,5,7,7,3,5,3,0,0,1,0,1,804454.6008,5816943.35,13.4778069,52.41778287,0
2713,211538,bike + car,11,6,6400843.0,2021,4,7,3,2,5,3,0,1,1,0,0,791203.6634,5819702.451,13.28592537,52.4497301,1
2714,211539,bike + pedestrian,11,2,2200212.0,2021,4,6,6,3,6,4,0,1,0,1,0,799222.6299,5824586.469,13.40795446,52.48917882,0
2715,211540,car + pedestrian,11,3,3500934.0,2021,5,15,3,3,6,2,0,0,1,1,0,801068.4322,5831436.692,13.44125684,52.54956383,0
2716,211541,car,11,11,11501238.0,2021,5,16,4,3,2,6,0,0,1,0,0,805608.4651,5824292.463,13.50144479,52.48300665,0
2717,211542,car + pedestrian,11,12,12601235.0,2021,3,17,7,3,6,4,0,0,1,1,0,795113.8456,5836341.201,13.35806053,52.59678691,0
2718,211543,bike,11,2,2200211.0,2021,4,16,5,3,5,3,0,1,0,0,0,798574.3371,5824514.73,13.39837056,52.48889072,0
2719,211545,car + pedestrian,11,2,2500728.0,2021,4,13,3,3,6,4,0,0,1,1,0,802937.0536,5827843.192,13.46545637,52.51632005,0
2720,211547,car,11,6,6400839.0,2021,4,13,4,3,5,3,0,0,1,0,0,789184.0622,5818568.049,13.25530839,52.44063175,0
2721,211548,car,11,4,4200311.0,2021,4,14,6,3,5,2,0,0,1,0,0,790395.3001,5825654.182,13.27924671,52.5035184,0
2722,211549,bike + pedestrian,11,12,12400722.0,2021,4,11,3,3,6,7,0,1,0,1,0,791617.3638,5838233.947,13.30825408,52.61564096,0
2723,211550,car,11,3,3601347.0,2021,5,13,5,3,5,3,0,0,1,0,0,799480.6922,5830651.651,13.41720305,52.54340241,0
2724,211551,bike + pedestrian,11,3,3400721.0,2021,5,13,7,3,6,7,0,1,0,1,0,798026.5255,5833258.957,13.39816443,52.56757065,0
2725,211552,bike + car,11,4,4400726.0,2021,4,19,4,2,5,2,0,1,1,0,0,790852.4825,5823807.721,13.2843511,52.48672128,1
2726,211558,car + pedestrian,11,5,5200526.0,2021,3,11,1,2,6,4,0,0,1,1,0,782179.2692,5827218.948,13.15985439,52.52186019,1
2727,211560,bike,11,1,1100206.0,2021,3,14,4,3,0,1,0,1,0,0,0,798228.9018,5827933.277,13.39636016,52.51972246,0
2728,211561,car,11,12,12200411.0,2021,4,18,1,3,2,6,0,0,1,0,1,792919.822,5832171.963,13.32207709,52.5605982,0
2729,211564,bike + car,11,1,1200522.0,2021,5,23,6,3,0,2,2,1,1,0,0,794316.1346,5828380.212,13.3392563,52.52585483,0
2730,211565,car + pedestrian,11,5,5200630.0,2021,5,17,3,2,6,2,0,0,1,1,0,784696.3146,5827631.427,13.19720578,52.52425006,1
2731,211567,car,11,11,11300620.0,2021,5,18,7,3,5,3,0,0,1,0,1,804220.9808,5829078.515,13.4854491,52.52667713,0
2732,211568,bike + car,11,3,3601142.0,2021,5,9,7,3,5,2,0,1,1,0,0,799135.8157,5830601.412,13.41208744,52.54314154,0
2733,211569,bike + car,11,2,2400625.0,2021,4,13,5,3,5,3,0,1,1,0,0,801467.1492,5827266.505,13.44333771,52.51196561,0
2734,211572,car,11,6,6400844.0,2021,5,14,7,3,5,3,0,0,1,0,0,791185.246,5820067.926,13.28597377,52.45301643,0
2735,211573,car,11,1,1100207.0,2021,4,18,6,3,5,3,0,0,1,0,0,798021.5577,5826590.019,13.39211035,52.50779519,0
2736,211575,bike + car,11,2,2200210.0,2021,5,17,5,3,5,2,0,1,1,0,1,798288.3621,5825472.037,13.39502834,52.4976281,0
2737,211576,car,11,1,1100310.0,2021,5,10,2,3,2,6,0,0,1,0,0,799177.9284,5827592.492,13.40999887,52.51614799,0
2738,211577,car,11,1,1300732.0,2021,3,11,7,3,2,6,0,0,1,0,1,797318.9467,5832315.888,13.38691049,52.55950415,0
2739,211579,bike + car,11,2,2200209.0,2021,3,18,3,3,5,2,0,1,1,0,0,796816.5557,5823974.873,13.37207762,52.48500996,0
2740,211580,car,11,11,11501341.0,2021,4,13,4,2,0,7,0,0,1,0,0,807244.5907,5824185.306,13.52536383,52.48112819,1
2741,211582,car,11,5,5300736.0,2021,4,4,3,2,9,1,2,0,1,0,0,785966.1705,5829222.343,13.21724059,52.53784931,1
2742,211584,car,11,8,8300934.0,2021,4,15,3,3,2,6,0,0,1,0,0,803492.5939,5818202.486,13.46484703,52.42960278,0
2743,211585,bike + car,11,10,10300731.0,2021,5,9,6,3,0,3,0,1,1,0,0,809637.4912,5829700.862,13.56561682,52.52920528,0