,ObjectID,vehicle_types,State,District,LOR_ab_2021,AccidentYear,AccidentMonth,AccidentHour,DayOfWeek,AccidentCategory,AccidentType,AccidentTypeDetail,LightingCondition,InvolvingBike,InvolvingCar,InvolvingPedestrian,RoadCondition,GraphicCoord1,GraphicCoord2,LongitudeWGS84,LatitudeWGS84,accident_outcome
2744,211586,car,11,2,2100102.0,2021,4,11,2,3,5,3,0,0,1,0,1,798181.1114,5826513.326,13.39438557,52.50702055,0
2745,211587,car,11,8,8200726.0,2021,5,14,1,3,2,7,0,0,1,0,0,802574.796,5819932.361,13.45295499,52.44561625,0
2746,211589,bike + car,11,3,3701555.0,2021,5,11,3,3,0,6,0,1,1,0,1,799355.0143,5830145.186,13.414899,52.53893181,0
2747,211590,car,11,12,12100206.0,2021,5,9,4,3,5,3,0,0,1,0,0,794442.4669,5833796.913,13.34591626,52.5743434,0
2748,211591,car,11,10,10100209.0,2021,3,11,5,3,2,6,0,0,1,0,0,809978.5062,5832083.168,13.57285013,52.55036053,0
2749,211592,car + pedestrian,11,3,3200308.0,2021,4,7,5,2,6,4,1,0,1,1,0,798850.1502,5837921.388,13.4144856,52.60891033,1
2750,211593,car,11,5,5300735.0,2021,3,15,1,3,5,2,0,0,1,0,0,786565.7245,5830552.436,13.22720379,52.54945951,0
2751,211596,car,11,1,1401049.0,2021,4,17,5,3,5,2,0,0,1,0,0,795901.897,5831931.811,13.36572578,52.55683316,0
2752,211597,bike + car,11,1,1100312.0,2021,4,8,2,3,0,6,0,1,1,0,1,799708.8277,5827296.176,13.41753239,52.5132005,0
2753,211598,bike + car,11,4,4300624.0,2021,5,16,5,3,5,2,0,1,1,0,0,792857.1934,5826090.307,13.31579729,52.50611231,0
2754,211599,bike + car,11,2,2500833.0,2021,5,20,6,3,2,6,0,1,1,0,1,802634.3477,5827000.03,13.46024228,52.50893091,0
2755,211600,car,11,1,1400938.0,2021,5,23,2,3,1,5,2,0,1,0,0,794376.2963,5830522.858,13.34203843,52.54502973,0
2756,211602,bike + car,11,2,2500833.0,2021,4,19,2,3,5,3,0,1,1,0,0,802855.1533,5826929.195,13.46342135,52.50817349,0
2757,211603,car,11,6,6200422.0,2021,5,11,3,3,5,3,0,0,1,0,0,794483.9081,5816586.577,13.33131018,52.42004052,0
2758,211604,bike,11,3,3200205.0,2021,3,7,4,3,0,3,0,1,0,0,0,797419.9991,5835029.425,13.39083032,52.58377227,0
2759,211605,bike + car,11,11,11100204.0,2021,4,16,4,3,5,3,0,1,1,0,0,806641.1306,5832913.114,13.52455102,52.55968746,0
2760,211607,car + pedestrian,11,6,6100208.0,2021,4,9,6,3,6,2,0,0,1,1,0,794335.0981,5820577.777,13.33264288,52.45590006,0
2761,211608,bike + car,11,5,5100316.0,2021,4,13,5,3,5,2,0,1,1,0,1,784838.222,5829254.063,13.20068223,52.53872447,0
2762,211609,bike + car,11,2,2400623.0,2021,4,14,6,3,5,3,0,1,1,0,0,800613.2944,5827116.859,13.43065848,52.51109551,0
2763,211611,car,11,3,3100101.0,2021,5,6,5,3,5,3,0,0,1,0,0,800855.69,5838761.31,13.44477772,52.61533224,0
2764,211612,bike,11,7,7300515.0,2021,5,20,2,2,5,2,2,1,0,0,0,793501.1304,5822489.424,13.32208602,52.47348581,1
2765,211613,bike,11,8,8100521.0,2021,4,20,2,3,0,1,2,1,0,0,0,803816.8378,5822121.158,13.47316505,52.46454543,0
2766,211614,car,11,9,9200819.0,2021,3,18,3,3,2,6,0,0,1,0,0,810055.4659,5819450.307,13.56222543,52.43710586,0
2767,211615,bike + car,11,2,2300314.0,2021,5,14,7,3,5,2,0,1,1,0,0,800141.2163,5825758.732,13.42249886,52.49918205,0
2768,211619,bike + car,11,4,4500938.0,2021,4,16,4,3,5,3,0,1,1,0,0,791434.5973,5824917.816,13.29387069,52.4963628,0
2769,211620,car,11,4,4200311.0,2021,5,12,2,3,2,6,0,0,1,0,0,790394.973,5825615.548,13.27920821,52.50317221,0
2770,211622,car,11,7,7601238.0,2021,5,15,3,3,5,3,0,0,1,0,0,798326.6641,5816896.563,13.38792759,52.42073805,0
2771,211623,bike + car,11,12,12601235.0,2021,3,11,5,3,5,2,0,1,1,0,0,795164.2555,5836348.582,13.35880919,52.59682572,0
2772,211624,car + pedestrian,11,7,7100206.0,2021,4,8,5,3,6,4,0,0,1,1,0,796110.058,5824881.838,13.36250968,52.49352374,0
2773,211626,bike + car,11,10,10100102.0,2021,5,19,3,3,5,3,0,1,1,0,0,809450.6271,5834611.939,13.56744779,52.57332232,0
2774,211627,bike + car,11,1,1100103.0,2021,4,15,5,2,5,3,0,1,1,0,0,795385.453,5826006.82,13.35286552,52.50400097,1
2775,211628,bike + car,11,7,7200413.0,2021,4,12,6,3,5,3,0,1,1,0,0,796273.0414,5823231.042,13.36343594,52.47863736,0
2776,211629,bike + car,11,1,1401046.0,2021,5,16,5,3,2,6,0,1,1,0,0,794617.0368,5829855.854,13.34498673,52.5389204,0
2777,211631,car + pedestrian,11,1,1200519.0,2021,5,7,6,3,6,4,0,0,1,1,1,793748.6035,5828917.531,13.33138964,52.53097769,0
2778,211632,car,11,3,3300516.0,2021,5,12,2,3,5,3,0,0,1,0,0,800778.799,5833548.648,13.43891222,52.56865355,0
2779,211634,bike + car,11,6,6400737.0,2021,3,17,4,3,1,5,0,1,1,0,0,785817.0619,5817638.197,13.20511402,52.43406488,0
2780,211635,car,11,9,9100305.0,2021,5,17,1,3,1,5,0,0,1,0,0,804874.1213,5823156.83,13.48962619,52.4732389,0
2781,211637,bike + car,11,7,7200409.0,2021,3,9,4,3,2,6,0,1,1,0,0,795576.4502,5824251.868,13.35411406,52.48816576,0
2782,211638,car,11,7,7400721.0,2021,4,19,3,3,1,5,0,0,1,0,0,797717.0087,5822530.884,13.38400988,52.47157597,0
2783,211639,bike + car,11,7,7100102.0,2021,4,11,6,3,5,3,0,1,1,0,0,795390.5743,5825193.034,13.35221893,52.49670323,0
2784,211641,car,11,2,2100106.0,2021,5,17,4,2,5,3,0,0,1,0,0,798584.515,5825563.788,13.39946018,52.49828858,1
2785,211642,car,11,3,3601449.0,2021,5,12,5,3,5,7,0,0,1,0,0,801911.3304,5830333.347,13.4526474,52.53920809,0
2786,211643,bike + car,11,9,9300920.0,2021,5,7,2,2,5,2,0,1,1,0,0,808075.5021,5816934.102,13.53087359,52.415674,1
2787,211644,car + pedestrian,11,9,9300923.0,2021,3,15,6,2,6,4,0,0,1,1,0,808962.8849,5815215.832,13.54229453,52.39977463,1
2788,211645,bike + car,11,4,4300624.0,2021,4,19,7,3,5,3,0,1,1,0,0,793352.4692,5826070.589,13.32305618,52.50566947,0
2789,211646,bike + car,11,8,8100310.0,2021,3,9,2,3,3,6,0,1,1,0,0,800564.6287,5825143.715,13.42816257,52.49343641,0
2790,211647,car,11,12,12601133.0,2021,4,17,5,3,5,3,0,0,1,0,0,795732.1172,5837041.346,13.36778735,52.60272708,0
2791,211648,car,11,7,7501032.0,2021,5,14,6,2,0,7,0,0,1,0,0,799988.2399,5820425.423,13.41545502,52.45146109,1
2792,211650,bike + car,11,8,8100208.0,2021,3,13,3,3,1,5,0,1,1,0,0,801311.1709,5822907.949,13.43710469,52.47298514,0
2793,211651,bike + car,11,7,7400720.0,2021,4,18,2,3,5,2,0,1,1,0,0,797392.2355,5823661.568,13.38025093,52.48188827,0
2794,211653,bike + pedestrian,11,8,8200623.0,2021,4,17,7,3,6,6,0,1,0,1,0,801606.1467,5820669.737,13.43941182,52.45276072,0
2795,211654,car,11,12,12200412.0,2021,5,15,1,3,2,6,0,0,1,0,0,788628.8514,5833066.611,13.25973317,52.57091047,0
2796,211656,bike + car,11,3,3601141.0,2021,5,19,3,3,2,6,0,1,1,0,0,799193.3441,5831774.93,13.41399048,52.55362871,0
2797,211658,car,11,6,6300629.0,2021,3,12,5,3,5,2,0,0,1,0,0,791751.3033,5819295.966,13.29360595,52.44579397,0
2798,211659,bike + car,11,9,9401534.0,2021,4,12,5,3,5,3,0,1,1,0,0,810885.4949,5820660.769,13.5755225,52.44748242,0
2799,211660,bike + car,11,7,7100206.0,2021,3,19,2,2,5,3,0,1,1,0,0,796869.8266,5824297.634,13.37314729,52.48787424,1
2800,211661,bike + car,11,1,1100310.0,2021,4,12,3,2,1,5,0,1,1,0,0,799069.3587,5828931.532,13.40960769,52.52821006,1
2801,211663,car,11,6,6400737.0,2021,4,13,4,2,5,3,0,0,1,0,0,785768.8138,5816919.597,13.2037921,52.42764706,1
2802,211664,car,11,3,3500933.0,2021,4,11,6,3,5,3,0,0,1,0,0,802829.5611,5832033.113,13.46769477,52.55393326,0
2803,211666,car,11,3,3100102.0,2021,4,13,3,3,5,3,0,0,1,0,0,804945.8038,5841291.422,13.50733601,52.63572805,0
2804,211667,car,11,7,7100102.0,2021,5,10,5,3,2,6,0,0,1,0,0,794964.3118,5825220.647,13.34598257,52.4971813,0
2805,211668,bike + car,11,1,1100311.0,2021,5,10,6,3,1,5,0,1,1,0,1,800207.093,5827659.005,13.42518009,52.51617866,0
2806,211670,car,11,3,3400619.0,2021,5,8,2,3,5,7,0,0,1,0,0,795357.6016,5835082.753,13.36052676,52.58537385,0
2807,211671,bike + car,11,6,6200420.0,2021,4,13,1,3,3,6,0,1,1,0,0,793058.2524,5816619.253,13.31043464,52.42109875,0
2808,211672,bike + pedestrian,11,11,11100204.0,2021,5,16,7,3,6,7,0,1,0,1,0,805940.1718,5833720.126,13.51498728,52.5673143,0
2809,211674,bike,11,8,8401241.0,2021,4,8,4,2,0,1,0,1,0,0,0,803843.3175,5818864.747,13.47059148,52.43534392,1
2810,211675,bike + car,11,4,4300416.0,2021,5,7,4,2,5,3,0,1,1,0,0,791830.8976,5826109.919,13.30073648,52.50683807,1
2811,211676,bike + car,11,5,5300840.0,2021,5,5,2,2,5,2,1,1,1,0,1,790058.6026,5829166.396,13.27736274,52.5351849,1
2812,211677,bike + car,11,2,2300314.0,2021,3,8,3,3,5,2,0,1,1,0,0,800285.2009,5826091.69,13.42491378,52.50208727,0
2813,211678,bike + car,11,4,4300416.0,2021,4,2,7,3,2,6,2,1,1,0,0,791804.1861,5825894.688,13.30015538,52.50492285,0
2814,211679,car,11,6,6100205.0,2021,5,18,4,3,5,3,0,0,1,0,0,795530.1703,5819894.941,13.34957527,52.44913401,0
2815,211681,bike + car,11,4,4400728.0,2021,5,15,2,3,5,3,0,1,1,0,0,789830.2699,5823564.219,13.26912732,52.48508185,0
2816,211686,bike + car,11,1,1100309.0,2021,4,12,3,3,4,6,0,1,1,0,0,798714.7069,5828981.115,13.4044399,52.52884895,0
2817,211688,car,11,9,9200818.0,2021,3,11,3,3,2,6,0,0,1,0,0,809765.4971,5820694.734,13.55912695,52.44842248,0
2818,211689,bike + car,11,8,8401244.0,2021,4,12,4,3,4,5,0,1,1,0,0,805970.8421,5816013.649,13.499183,52.40860486,0
2819,211691,car,11,10,10200417.0,2021,4,18,6,3,5,2,0,0,1,0,0,811353.9886,5831952.941,13.59294865,52.54840913,0
2820,211692,bike + car + pedestrian,11,11,2500835.0,2021,5,15,3,3,6,4,0,1,1,1,0,803307.3104,5826309.522,13.46949862,52.50236829,0
2821,211693,bike + car,11,2,2200213.0,2021,5,16,4,3,5,3,0,1,1,0,0,800146.8407,5825072.034,13.42196273,52.4930238,0
2822,211694,bike + car,11,4,4400728.0,2021,3,10,6,3,5,2,0,1,1,0,0,790677.4228,5822708.534,13.28082185,52.47696018,0
2823,211695,car,11,4,4500939.0,2021,4,10,1,3,5,3,0,0,1,0,0,792513.0497,5824503.746,13.30934782,52.49207382,0
2824,211697,car,11,7,7601544.0,2021,4,10,4,3,5,7,0,0,1,0,0,799485.4308,5813590.913,13.40196058,52.39047407,0
2825,211698,car,11,10,10300734.0,2021,5,15,5,3,9,1,0,0,1,0,1,810269.901,5827096.785,13.5724811,52.50550926,0
2826,211699,bike + car,11,1,1100308.0,2021,4,9,7,3,5,3,0,1,1,0,0,797038.3558,5829319.449,13.38010374,52.53279773,0
2827,211701,bike + car,11,1,1300732.0,2021,5,13,6,3,5,2,0,1,1,0,0,797541.5503,5832722.186,13.3905488,52.5630245,0
2828,211703,bike + pedestrian,11,8,8100417.0,2021,5,12,7,2,6,4,0,1,0,1,0,802099.4542,5822982.519,13.44874252,52.47321813,1
2829,211704,bike + car,11,3,3601245.0,2021,4,8,4,2,5,2,0,1,1,0,0,800874.0821,5831048.438,13.43804747,52.54619123,1
2830,211705,bike,11,4,4200207.0,2021,5,13,2,3,5,3,0,1,0,0,0,789622.6424,5824817.348,13.26716746,52.49642667,0
2831,211707,bike + car,11,2,2200210.0,2021,4,18,5,3,5,2,0,1,1,0,0,798287.3693,5825472.086,13.3950138,52.49762908,0
2832,211708,car + pedestrian,11,1,1100101.0,2021,5,14,3,3,6,4,0,0,1,1,0,795053.4023,5825931.368,13.3479208,52.50350426,0
2833,211711,car,11,8,8200832.0,2021,4,19,7,3,0,7,0,0,1,0,0,800913.8499,5817450.344,13.42635647,52.42428545,0
2834,211714,bike + car,11,12,12200413.0,2021,5,14,6,3,5,3,0,1,1,0,1,790803.7493,5834063.528,13.29260823,52.57869006,0
2835,211718,car + pedestrian,11,12,12100205.0,2021,4,8,3,3,6,7,0,0,1,1,0,794907.1616,5833263.466,13.35227919,52.56930991,0
2836,211719,bike,11,6,6100205.0,2021,5,18,5,3,0,1,0,1,0,0,0,795075.2394,5820013.414,13.34300522,52.45044179,0
2837,211721,car,11,9,9200717.0,2021,4,17,4,3,2,6,0,0,1,0,0,809660.114,5819030.476,13.55603926,52.43356737,0
2838,211723,car,11,1,1100207.0,2021,4,20,2,3,2,7,2,0,1,0,0,798914.8644,5827027.154,13.40562585,52.51122478,0
2839,211725,bike + car,11,1,1300836.0,2021,3,15,5,3,1,5,0,1,1,0,0,796680.4027,5830392.474,13.37580014,52.54261118,0
2840,211726,car,11,11,11100204.0,2021,4,13,6,3,2,6,0,0,1,0,0,806024.97,5833553.286,13.51608058,52.56577139,0
2841,211727,car,11,12,12100204.0,2021,3,13,1,2,9,1,0,0,1,0,0,795501.4394,5832474.689,13.36031944,52.561917,1
2842,211729,car,11,6,6200312.0,2021,5,20,5,2,2,1,0,0,1,0,1,794380.5055,5819086.789,13.33199518,52.44250956,1
2843,211730,bike + pedestrian,11,1,1200629.0,2021,4,15,3,3,0,4,0,1,0,1,0,794150.7121,5827240.336,13.33581696,52.5157258,0
2844,211731,car + pedestrian,11,5,5100316.0,2021,4,11,5,3,6,4,0,0,1,1,0,783900.0327,5829084.294,13.18674135,52.5376919,0
2845,211732,car,11,3,3500932.0,2021,4,17,1,3,2,7,0,0,1,0,0,801777.3777,5832411.685,13.45256693,52.55791037,0
2846,211733,bike + car,11,9,9200510.0,2021,5,15,5,3,5,3,0,1,1,0,0,806199.2845,5823260.598,13.50917052,52.47342773,0
2847,211734,bike + car,11,1,1100206.0,2021,4,8,3,3,2,6,0,1,1,0,0,797788.4591,5827353.161,13.38936883,52.51476313,0
2848,211735,bike + pedestrian,11,11,11401136.0,2021,5,7,6,3,6,4,0,1,0,1,0,806110.6492,5825797.268,13.51019905,52.49621196,0
2849,211736,bike + car,11,4,4300416.0,2021,5,14,3,3,5,3,0,1,1,0,0,791291.3096,5826066.028,13.29277039,52.50673296,0
2850,211737,car,11,5,5200630.0,2021,5,13,7,3,2,6,0,0,1,0,0,784548.4794,5828158.301,13.19548353,52.52905121,0
2851,211739,car,11,5,5400943.0,2021,4,18,2,3,1,5,1,0,1,0,0,782158.0644,5820628.699,13.15396135,52.46277947,0
2852,211740,bike + pedestrian,11,3,3400721.0,2021,4,20,6,3,6,6,0,1,0,1,0,798132.2403,5833146.535,13.39961849,52.56650508,0
2853,211742,bike + car,11,8,8100208.0,2021,4,17,4,3,5,3,0,1,1,0,0,801362.1601,5822928.784,13.43787194,52.47314376,0
2854,211743,bike,11,9,9200511.0,2021,5,16,1,3,0,1,0,1,0,0,0,807010.6281,5821938.2,13.51986159,52.46112067,0
2855,211746,car,11,12,12200412.0,2021,5,15,5,3,5,3,0,0,1,0,0,790780.9572,5834328.263,13.29250506,52.58107554,0
2856,211747,car,11,9,9501939.0,2021,5,18,2,3,2,6,0,0,1,0,0,809901.7919,5821606.24,13.56197181,52.45651395,0
2857,211748,bike + car,11,12,12200412.0,2021,3,8,7,3,5,3,0,1,1,0,1,791381.7091,5833135.636,13.30029808,52.57006258,0
2858,211750,bike + car,11,10,10100210.0,2021,3,18,4,3,5,3,0,1,1,0,0,809197.3475,5831711.685,13.56102023,52.54747538,0
2859,211752,car,11,2,2500835.0,2021,5,10,6,3,5,2,0,0,1,0,1,803074.9153,5825942.486,13.46575137,52.49920772,0
2860,211754,bike + car,11,1,1400938.0,2021,3,10,3,3,0,6,0,1,1,0,0,793726.257,5830543.702,13.33249864,52.54556742,0
2861,211755,bike + car,11,8,8100419.0,2021,4,19,3,3,1,5,0,1,1,0,0,802527.9226,5824024.896,13.4559771,52.48232386,0
2862,211757,car + pedestrian,11,11,11300620.0,2021,4,7,3,3,6,7,0,0,1,1,0,803665.3009,5829510.643,13.47767801,52.53085994,0
2863,211758,bike + car,11,5,5100211.0,2021,4,9,6,3,5,2,0,1,1,0,0,783181.3437,5830290.894,13.17720198,52.54888451,0
2864,211759,bike + car,11,4,4501149.0,2021,5,15,3,2,5,7,0,1,1,0,0,793563.4807,5824049.408,13.32437488,52.48743695,1
2865,211760,car,11,1,1400942.0,2021,5,15,4,3,5,3,0,0,1,0,0,794649.942,5830519.738,13.34605931,52.54485383,0
2866,211761,bike + car,11,3,3300411.0,2021,3,11,6,2,5,3,0,1,1,0,0,803706.2362,5839176.433,13.48713242,52.61746729,1
2867,211763,bike + car,11,1,1200624.0,2021,3,15,3,3,5,2,0,1,1,0,0,795668.661,5829732.691,13.36033767,52.53724679,0
2868,211765,bike + car,11,11,11401137.0,2021,5,14,4,3,0,1,0,1,1,0,0,806869.3566,5826349.661,13.52184891,52.50073658,0
2869,211766,car + pedestrian,11,1,1300733.0,2021,4,17,3,2,6,2,0,0,1,1,1,797680.6729,5831319.602,13.39133729,52.55037614,1
2870,211770,car,11,1,1300733.0,2021,4,13,7,3,2,6,0,0,1,0,0,797071.6451,5831455.831,13.38250349,52.55192975,0
2871,211774,bike + car,11,10,10100315.0,2021,5,7,2,3,5,3,0,1,1,0,0,809472.1253,5831215.094,13.5645969,52.54286913,0
2872,211775,bike,11,4,4500937.0,2021,4,13,1,3,0,1,0,1,0,0,0,790739.9504,5825038.632,13.28377263,52.49781642,0
2873,211776,car,11,12,12100204.0,2021,5,17,2,3,1,5,0,0,1,0,1,795537.4858,5833116.473,13.36142135,52.56765041,0
2874,211777,bike + car,11,3,3601140.0,2021,3,18,5,3,5,2,0,1,1,0,0,798412.0792,5831802.075,13.40252594,52.55430063,0
2875,211778,bike + car,11,1,1300836.0,2021,4,9,4,3,5,2,0,1,1,0,0,796447.9768,5829962.939,13.37199963,52.53888736,0
2876,211779,car,11,6,6200312.0,2021,3,13,2,2,5,2,0,0,1,0,0,794973.6426,5819208.318,13.34080368,52.44327937,1
2877,211781,bike,11,4,4501149.0,2021,4,17,3,3,5,3,0,1,0,0,0,793482.9274,5824497.246,13.32358636,52.49149495,0
2878,211783,car,11,1,1400939.0,2021,4,23,1,3,0,7,2,0,1,0,1,795275.4963,5831734.277,13.35633724,52.55540244,0
2879,211784,bike + car,11,3,3400721.0,2021,5,8,5,3,5,2,0,1,1,0,0,797886.9743,5833072.841,13.39594445,52.56597877,0
2880,211785,car + pedestrian,11,3,3300412.0,2021,5,13,6,3,6,4,0,0,1,1,0,802054.2637,5838173.048,13.46188983,52.60939496,0
2881,211787,bike,11,4,4300518.0,2021,4,0,1,3,2,6,2,1,0,0,0,792387.1929,5828253.219,13.31079301,52.5257543,0
2882,211788,car + pedestrian,11,9,9100407.0,2021,5,21,7,2,6,6,1,0,1,1,0,805552.586,5819209.107,13.49597168,52.43747817,1
2883,211789,bike + car,11,3,3400828.0,2021,5,1,1,2,1,5,2,1,1,0,0,800056.6013,5832600.657,13.42743127,52.56055503,1
2884,211790,bike,11,3,3701657.0,2021,4,14,2,3,0,1,0,1,0,0,0,800080.802,5830573.708,13.42595531,52.5423736,0
2885,211791,bike + car,11,2,2100102.0,2021,4,13,5,3,5,2,0,1,1,0,0,798448.5041,5826534.963,13.39833301,52.50706829,0
2886,211794,bike + car,11,7,7200409.0,2021,5,17,7,3,1,5,0,1,1,0,0,795719.2853,5824249.111,13.3562091,52.4880637,0
2887,211795,bike + car,11,1,1401044.0,2021,5,6,3,3,5,3,0,1,1,0,0,796202.7565,5830765.371,13.36911004,52.54621369,0
2888,211796,bike + car,11,12,12100204.0,2021,3,11,5,3,5,2,0,1,1,0,0,793826.8347,5832711.075,13.33589601,52.56494231,0
2889,211797,car + pedestrian,11,2,2200208.0,2021,4,23,5,2,6,2,2,0,1,1,0,797921.602,5825262.537,13.3894543,52.49595052,1
2890,211798,bike + car,11,2,2400623.0,2021,3,16,2,2,5,2,0,1,1,0,0,800672.4979,5827569.805,13.43193747,52.51512276,1
2891,211799,bike + car,11,7,7400822.0,2021,4,8,3,3,5,2,0,1,1,0,0,796816.4331,5821984.187,13.37030412,52.46716542,0
2892,211803,bike + car,11,6,6200313.0,2021,4,8,2,3,5,3,0,1,1,0,0,795384.8353,5818264.381,13.34600163,52.43459557,0
2893,211804,bike + pedestrian,11,11,11100308.0,2021,5,7,5,3,6,7,0,1,0,1,0,804458.3638,5833717.886,13.49319036,52.56812495,0
2894,211805,bike + car,11,4,4300415.0,2021,5,17,7,3,5,7,0,1,1,0,0,791227.3799,5826056.027,13.29182238,52.50667743,0
2895,211806,bike + car,11,10,10200627.0,2021,5,18,3,3,5,2,0,1,1,0,0,811158.3031,5829178.339,13.5874744,52.52365691,0
2896,211807,bike + car,11,9,9200613.0,2021,4,22,2,3,2,6,2,1,1,0,0,807032.6653,5821159.693,13.51946903,52.45413109,0
2897,211808,bike + car,11,8,8100102.0,2021,5,11,7,3,1,5,0,1,1,0,0,800511.4157,5823455.245,13.42585885,52.47833133,0
2898,211810,car,11,7,7501031.0,2021,4,16,2,3,2,6,0,0,1,0,0,798127.0372,5819918.333,13.38769533,52.44793379,0
2899,211813,car + pedestrian,11,12,12100103.0,2021,4,15,4,3,6,4,0,0,1,1,0,795340.0229,5833838.474,13.35915941,52.57422963,0
2900,211816,car,11,2,2100106.0,2021,5,7,4,3,5,3,0,0,1,0,0,798589.5909,5825567.004,13.39953762,52.49831463,0
2901,211818,bike + car,11,9,9501838.0,2021,5,13,2,2,0,5,0,1,1,0,0,818499.0977,5820388.113,13.68691518,52.44065785,1
2902,211819,car,11,2,2400625.0,2021,3,12,7,3,2,6,0,0,1,0,1,801732.2779,5826259.39,13.44631984,52.50279215,0
2903,211820,bike + car,11,2,2400624.0,2021,4,13,7,3,1,5,0,1,1,0,0,801943.6054,5827050.685,13.45014143,52.50976768,0
2904,211822,car,11,1,1100310.0,2021,5,17,6,3,5,7,0,0,1,0,1,799114.1309,5828500.758,13.40987822,52.52432426,0
2905,211823,car,11,8,8401241.0,2021,5,20,6,3,5,2,0,0,1,0,0,804859.9629,5818616.335,13.48527368,52.43255181,0
2906,211824,bike + car,11,6,6100207.0,2021,4,14,6,3,5,2,0,1,1,0,0,793557.1185,5820075.365,13.32078468,52.45181449,0
2907,211825,car,11,6,6200421.0,2021,3,9,3,3,2,6,0,0,1,0,0,793453.4089,5817169.62,13.31671167,52.42582092,0
2908,211826,bike,11,2,2200210.0,2021,4,13,4,3,5,3,0,1,0,0,0,798306.2435,5824808.459,13.39469678,52.49167019,0
2909,211827,bike,11,2,2500833.0,2021,5,1,7,3,0,1,2,1,0,0,0,802146.3413,5827142.239,13.45320272,52.51047603,0
2910,211829,bike,11,6,6100209.0,2021,4,10,3,3,7,7,0,1,0,0,0,794768.4075,5820940.837,13.33932193,52.45892118,0
2911,211830,car,11,10,10100311.0,2021,4,16,5,3,2,6,0,0,1,0,0,806748.1769,5829126.813,13.52262913,52.52569401,0
2912,211832,car + pedestrian,11,12,12100205.0,2021,5,21,4,2,6,4,2,0,1,1,0,794552.077,5832992.353,13.34681446,52.56707186,1
2913,211833,bike + car,11,2,2500830.0,2021,3,19,7,3,0,1,2,1,1,0,1,802414.284,5827429.684,13.45740002,52.51290392,0
2914,211834,car + pedestrian,11,6,6200422.0,2021,4,13,6,2,6,4,0,0,1,1,0,793983.7729,5816399.64,13.32381265,52.41863358,1
2915,211835,car,11,6,6300524.0,2021,3,13,3,3,5,3,0,0,1,0,0,787530.5101,5817386.136,13.23003217,52.43090694,0
2916,211836,bike + car,11,1,1100206.0,2021,4,16,3,3,5,3,0,1,1,0,0,798028.5168,5827394.418,13.39293291,52.51500182,0
2917,211837,bike + car,11,6,6300634.0,2021,5,14,5,3,5,2,0,1,1,0,1,792932.89,5817744.362,13.30958178,52.43125232,0
2918,211838,car,11,12,12200309.0,2021,4,15,4,3,5,7,0,0,1,0,0,793410.5162,5832399.17,13.32949581,52.56237079,0
2919,211839,car + pedestrian,11,12,12200411.0,2021,4,12,6,2,6,2,0,0,1,1,0,793063.4453,5832214.084,13.32422691,52.56089852,1
2920,211840,bike + car,11,10,10300731.0,2021,4,7,2,3,5,2,0,1,1,0,0,809587.9951,5828532.516,13.56380196,52.51876312,0
2921,211844,car,11,6,6300526.0,2021,5,15,2,3,5,3,0,0,1,0,0,789504.3073,5817698.045,13.25925313,52.43266235,0
2922,211845,bike + car,11,9,9100306.0,2021,4,20,1,3,5,2,1,1,1,0,1,805456.0519,5820485.245,13.49572252,52.4489696,0
2923,211848,bike + car,11,4,4400835.0,2021,4,6,4,3,5,3,0,1,1,0,0,793147.6985,5821760.457,13.31625689,52.46714062,0
2924,211849,bike + car,11,4,4501045.0,2021,3,18,2,3,0,2,0,1,1,0,0,794205.6033,5824940.674,13.33459134,52.49508103,0
2925,211850,car,11,10,10200417.0,2021,5,11,3,3,2,6,0,0,1,0,0,811309.4179,5831962.649,13.59230256,52.54852159,0
2926,211853,car,11,5,5100210.0,2021,5,13,5,3,2,6,0,0,1,0,0,783656.168,5829529.057,13.18353517,52.54180671,0
2927,211854,bike + car,11,2,2200208.0,2021,5,17,6,3,5,2,0,1,1,0,1,797280.8278,5824851.188,13.37967633,52.49261261,0
2928,211855,bike,11,7,7400721.0,2021,5,5,3,3,0,7,0,1,0,0,0,798730.9147,5823948.28,13.40016206,52.48372758,0
2929,211856,bike + car,11,3,3501038.0,2021,4,10,3,3,5,2,0,1,1,0,0,803872.9977,5832204.32,13.48319433,52.55488658,0
2930,211857,bike + car,11,6,6100205.0,2021,5,16,7,3,1,5,0,1,1,0,0,795626.9852,5819940.278,13.35103584,52.44948809,0
2931,211858,bike,11,1,1401045.0,2021,4,11,6,3,0,7,0,1,0,0,0,796468.1855,5831933.077,13.37405547,52.55653653,0
2932,211859,car,11,7,7501029.0,2021,3,20,4,3,5,3,2,0,1,0,0,797197.8046,5818632.509,13.37291906,52.43691348,0
2933,211860,bike,11,2,2200212.0,2021,4,15,3,3,0,1,0,1,0,0,0,800078.4648,5824444.87,13.42039386,52.48743985,0
2934,211862,bike + pedestrian,11,2,2500729.0,2021,4,14,5,3,6,4,0,1,0,1,0,803461.9285,5827764.297,13.47309576,52.51532116,0
2935,211863,car,11,12,12200411.0,2021,5,0,4,3,5,2,2,0,1,0,0,792901.9306,5832166.888,13.32180944,52.56056233,0
2936,211864,car,11,9,9501737.0,2021,5,16,5,3,2,6,0,0,1,0,1,813780.6296,5821752.468,13.61900818,52.45561147,0
2937,211865,bike + car,11,5,5100313.0,2021,5,16,2,3,5,2,0,1,1,0,0,785384.9319,5830272.178,13.20959597,52.54756669,0