,ObjectID,vehicle_types,State,District,LOR_ab_2021,AccidentYear,AccidentMonth,AccidentHour,DayOfWeek,AccidentCategory,AccidentType,AccidentTypeDetail,LightingCondition,InvolvingBike,InvolvingCar,InvolvingPedestrian,RoadCondition,GraphicCoord1,GraphicCoord2,LongitudeWGS84,LatitudeWGS84,accident_outcome
2938,211866,car,11,8,8200726.0,2021,3,14,6,3,2,2,0,0,1,0,0,801272.524,5819693.962,13.4336371,52.44419849,0
2939,211867,car,11,3,3400831.0,2021,4,17,1,3,1,5,0,0,1,0,0,799142.7117,5833281.041,13.41460354,52.56715641,0
2940,211868,car + pedestrian,11,8,8100418.0,2021,3,12,2,3,6,4,0,0,1,1,0,802245.1975,5823836.31,13.4516555,52.48079011,0
2941,211870,car,11,5,5200527.0,2021,5,17,6,2,5,2,0,0,1,0,0,782604.4697,5827476.95,13.1663239,52.52395331,1
2942,211871,car,11,3,3601450.0,2021,3,4,3,3,2,6,2,0,1,0,1,802302.8507,5829184.92,13.45735813,52.52869779,0
2943,211872,bike + pedestrian,11,6,6100210.0,2021,4,11,3,3,6,7,0,1,0,1,0,794857.2075,5821524.315,13.34114052,52.46410383,0
2944,211874,car,11,11,11501238.0,2021,4,21,1,3,2,6,2,0,1,0,0,803732.3068,5826228.835,13.47566698,52.50140872,0
2945,211876,car + pedestrian,11,7,7501029.0,2021,4,11,5,2,6,4,0,0,1,1,0,797473.1605,5819285.079,13.3775386,52.44261345,1
2946,211877,bike + car,11,3,3701555.0,2021,5,19,3,3,1,5,0,1,1,0,0,799460.605,5829891.205,13.41622235,52.53659725,0
2947,211878,car,11,4,4400830.0,2021,5,14,3,3,1,5,0,0,1,0,0,791267.505,5822662.336,13.28944525,52.47623163,0
2948,211880,bike + car,11,5,5100209.0,2021,3,17,2,2,5,3,0,1,1,0,0,783703.248,5830178.973,13.18478266,52.54760943,1
2949,211881,car,11,3,3601142.0,2021,4,18,3,3,5,3,0,0,1,0,0,799211.7293,5831107.862,13.41365974,52.54763939,0
2950,211882,bike + pedestrian,11,4,4300415.0,2021,6,19,4,3,6,4,0,1,0,1,0,790662.4103,5825991.194,13.28346511,52.5063975,0
2951,211885,bike + pedestrian,11,7,7100103.0,2021,7,14,3,3,0,4,0,1,0,1,0,795975.0069,5824977.057,13.36061087,52.49445055,0
2952,211886,bike + car,11,6,6200422.0,2021,7,9,3,3,5,3,0,1,1,0,0,794225.3852,5817034.275,13.3279133,52.42419303,0
2953,211887,bike + car,11,6,6200422.0,2021,6,18,3,3,5,3,0,1,1,0,0,794730.8482,5816711.108,13.33504063,52.42102395,0
2954,211889,car,11,9,9401329.0,2021,7,10,1,3,5,3,0,0,1,0,0,812082.4576,5819040.541,13.59156491,52.43228105,0
2955,211891,bike + car,11,1,1100309.0,2021,5,7,6,2,5,2,0,1,1,0,1,799060.9276,5829008.321,13.40955285,52.52890299,1
2956,211892,car,11,12,12200310.0,2021,6,7,2,3,5,3,0,0,1,0,0,792091.748,5832947.339,13.31057901,52.56799401,0
2957,211893,bike + car,11,1,1400940.0,2021,6,19,6,2,3,6,0,1,1,0,0,794944.7342,5832082.954,13.3517825,52.55870727,1
2958,211895,bike + car,11,3,3701554.0,2021,7,0,7,2,3,6,2,1,1,0,0,798907.7716,5829905.659,13.40810882,52.5370303,1
2959,211896,bike,11,6,6400735.0,2021,6,13,7,2,2,6,0,1,0,0,0,780734.1575,5816521.85,13.12960682,52.42668725,1
2960,211897,bike + car,11,3,3601243.0,2021,6,21,6,3,2,6,1,1,1,0,0,799303.751,5831409.776,13.41528488,52.55029502,0
2961,211898,car,11,8,8200624.0,2021,5,17,2,3,5,7,0,0,1,0,0,801416.0152,5820731.086,13.43667771,52.45341548,0
2962,211899,bike + car,11,1,1200519.0,2021,6,23,2,3,2,6,2,1,1,0,0,793718.1241,5828623.543,13.33068187,52.52835867,0
2963,211900,bike + car,11,9,9300920.0,2021,6,12,5,3,0,2,0,1,1,0,0,807694.6701,5817793.64,13.52608202,52.42359161,0
2964,211901,bike,11,9,9401534.0,2021,6,11,6,3,0,7,0,1,0,0,0,811569.4044,5820058.365,13.58499142,52.44169471,0
2965,211902,bike + car,11,11,11200411.0,2021,7,6,6,2,5,3,0,1,1,0,1,805712.8335,5831387.526,13.50949526,52.5465367,1
2966,211903,car + pedestrian,11,11,11401136.0,2021,7,19,2,2,6,2,0,0,1,1,0,805887.7308,5825855.283,13.50697891,52.49685689,1
2967,211905,bike + car,11,9,9200613.0,2021,5,19,1,3,5,2,0,1,1,0,0,806884.7324,5821187.624,13.5173245,52.45446449,0
2968,211906,bike + car,11,11,11400929.0,2021,6,9,4,3,5,3,0,1,1,0,0,805479.6775,5826963.75,13.50200362,52.50701999,0
2969,211907,car,11,2,2100101.0,2021,5,14,5,3,2,6,0,0,1,0,1,797519.085,5826032.749,13.38423071,52.50307417,0
2970,211908,bike + car,11,11,11501340.0,2021,6,12,2,3,4,5,0,1,1,0,0,808139.8143,5825644.418,13.53985354,52.49370034,0
2971,211910,bike + car,11,5,5400943.0,2021,6,8,3,3,2,2,0,1,1,0,0,779858.5942,5820900.29,13.12043154,52.46639745,0
2972,211914,car,11,8,8100521.0,2021,6,16,5,3,5,3,0,0,1,0,0,802979.9426,5821806.443,13.46059817,52.46218934,0
2973,211917,bike + car,11,4,4100101.0,2021,6,10,1,3,5,2,0,1,1,0,0,790421.5571,5829043.064,13.28259106,52.53388594,0
2974,211918,car + pedestrian,11,2,2200208.0,2021,7,10,1,3,6,7,0,0,1,1,0,797350.9995,5825050.145,13.38088442,52.49435783,0
2975,211919,car + pedestrian,11,7,7601442.0,2021,6,10,2,3,6,4,0,0,1,1,0,799255.705,5816320.206,13.40103326,52.41506449,0
2976,211920,bike + pedestrian,11,8,8100415.0,2021,6,9,4,3,6,4,0,1,0,1,0,801505.983,5823647.047,13.44063232,52.47950234,0
2977,211922,bike + car,11,4,4400835.0,2021,6,20,1,3,1,5,0,1,1,0,0,792836.877,5821749.228,13.31168464,52.46720664,0
2978,211923,car,11,4,4300619.0,2021,6,12,3,3,5,3,0,0,1,0,0,791852.9521,5827429.478,13.30221778,52.51865588,0
2979,211924,car,11,9,9200717.0,2021,6,7,5,3,5,3,0,0,1,0,1,809468.862,5819066.445,13.5532683,52.43399794,0
2980,211925,bike + car,11,7,7200307.0,2021,6,15,5,3,3,6,0,1,1,0,0,794940.7471,5824409.875,13.34491869,52.489926,0
2981,211931,bike + car,11,3,3701660.0,2021,5,9,4,3,1,5,0,1,1,0,0,800831.4394,5829593.563,13.43610328,52.53317449,0
2982,211932,bike,11,2,2400623.0,2021,6,11,7,3,0,1,0,1,0,0,0,800599.5224,5827145.334,13.43048188,52.51135833,0
2983,211935,bike + car,11,4,4501042.0,2021,6,16,2,3,5,5,0,1,1,0,0,794060.198,5826256.564,13.33361769,52.50695564,0
2984,211936,car,11,4,4100101.0,2021,6,17,3,2,0,7,0,0,1,0,0,790194.553,5829345.637,13.27951799,52.53671944,1
2985,211938,bike + car,11,4,4501153.0,2021,6,22,6,3,5,2,1,1,1,0,0,794187.8536,5823111.548,13.3327161,52.47869341,0
2986,211939,bike + car,11,1,1100415.0,2021,6,15,2,3,2,6,0,1,1,0,0,797868.8056,5829071.001,13.39208781,52.53011752,0
2987,211940,bike + car,11,3,3500934.0,2021,7,8,7,3,2,6,0,1,1,0,1,800377.3888,5831679.203,13.43131537,52.55211899,0
2988,211941,bike + car,11,12,12200412.0,2021,6,14,4,3,5,2,0,1,1,0,0,791270.7865,5834145.512,13.2995532,52.57917524,0
2989,211942,bike + car,11,1,1401044.0,2021,5,16,6,3,1,7,0,1,1,0,1,796369.3728,5831049.24,13.37181325,52.54866766,0
2990,211944,car + pedestrian,11,4,4500938.0,2021,7,18,2,3,6,7,0,0,1,1,0,791580.2646,5824975.368,13.29606071,52.49680094,0
2991,211947,car,11,5,5100211.0,2021,7,20,1,2,5,7,0,0,1,0,0,783136.2903,5830317.527,13.17656202,52.54914673,1
2992,211948,car,11,6,6100103.0,2021,6,17,4,2,4,6,0,0,1,0,0,793114.2379,5821485.51,13.31552423,52.46469375,1
2993,211949,car,11,8,8100521.0,2021,5,13,6,2,5,3,0,0,1,0,1,803788.5,5821807.192,13.47246344,52.46174716,1
2994,211950,car,11,6,6400843.0,2021,6,13,3,3,5,3,0,0,1,0,0,791543.895,5819551.349,13.29078576,52.44819412,0
2995,211951,car,11,8,8100102.0,2021,7,6,6,3,5,3,0,0,1,0,1,800324.9887,5823142.931,13.42284084,52.47563448,0
2996,211952,bike + car,11,1,1401047.0,2021,6,15,6,3,5,2,0,1,1,0,0,795262.3403,5830464.549,13.35501474,52.54402758,0
2997,211953,car + pedestrian,11,2,2200213.0,2021,6,16,6,3,6,4,0,0,1,1,0,800095.5492,5824977.163,13.42112407,52.49220164,0
2998,211956,bike,11,1,1100310.0,2021,6,19,5,3,5,3,0,1,0,0,0,799185.8691,5828685.432,13.41109861,52.52594022,0
2999,211957,bike,11,3,3601450.0,2021,6,8,5,3,0,1,0,1,0,0,0,802036.8703,5829628.765,13.45385247,52.53282339,0
3000,211958,bike + car,11,1,1100207.0,2021,7,9,6,3,5,3,0,1,1,0,1,798481.2148,5826666.162,13.39893117,52.50822643,0
3001,211959,bike + car,11,1,1100102.0,2021,7,17,6,3,5,3,0,1,1,0,0,796636.1741,5826884.059,13.37201996,52.51118601,0
3002,211960,bike,11,4,4500939.0,2021,7,22,2,3,0,1,2,1,0,0,0,792517.9388,5824472.154,13.30939189,52.49178798,0
3003,211963,bike + car,11,7,7300619.0,2021,6,17,4,3,1,5,0,1,1,0,0,794777.003,5821788.546,13.34019676,52.46651578,0
3004,211964,car + pedestrian,11,8,8100415.0,2021,5,15,5,3,6,7,0,0,1,1,1,802026.1302,5823292.945,13.44794738,52.47604107,0
3005,211966,bike + car,11,2,2200213.0,2021,6,8,3,3,5,3,0,1,1,0,0,799392.2779,5825135.961,13.41093929,52.49401121,0
3006,211967,bike + car,11,2,2300314.0,2021,6,20,4,3,5,3,0,1,1,0,0,799703.4217,5826014.64,13.41629921,52.50171649,0
3007,211968,bike + car,11,7,7200307.0,2021,6,12,6,3,5,2,0,1,1,0,0,794986.2529,5824072.07,13.34528795,52.48687322,0
3008,211970,car,11,2,2100101.0,2021,6,15,5,3,2,6,0,0,1,0,0,797758.7819,5826056.915,13.38777323,52.50316004,0
3009,211972,bike,11,2,2500833.0,2021,7,15,3,3,0,1,0,1,0,0,0,802259.1204,5827115.916,13.45483556,52.51017762,0
3010,211975,bike,11,4,4300517.0,2021,6,19,1,2,0,7,1,1,0,0,0,791500.1331,5828178.188,13.29768897,52.52555668,1
3011,211976,bike + car,11,8,8100206.0,2021,7,22,7,3,2,6,2,1,1,0,0,800682.459,5824037.702,13.42889504,52.48345796,0
3012,211977,car,11,9,9501737.0,2021,6,12,7,3,8,1,0,0,1,0,0,814277.2992,5822659.055,13.62714696,52.46345001,0
3013,211978,bike + car,11,1,1100206.0,2021,6,10,2,3,5,2,0,1,1,0,0,798036.7829,5827394.248,13.3930542,52.51499578,0
3014,211983,car,11,11,11401137.0,2021,6,15,4,3,2,6,0,0,1,0,0,807125.7175,5825760.379,13.52507035,52.49531113,0
3015,211984,car,11,4,4501153.0,2021,6,14,5,3,2,6,0,0,1,0,0,794167.2637,5823110.318,13.33241271,52.47869349,0
3016,211988,car,11,10,10200630.0,2021,6,5,4,3,8,1,0,0,1,0,0,811296.739,5829136.616,13.58946923,52.523204,0
3017,211989,bike + car,11,6,6400841.0,2021,6,10,6,3,5,2,0,1,1,0,0,789656.177,5818475.72,13.26215463,52.43955412,0
3018,211990,bike + car,11,3,3400827.0,2021,5,16,1,2,5,3,0,1,1,0,0,799446.8634,5832468.508,13.41834426,52.55970618,1
3019,211991,bike + car,11,7,7400822.0,2021,6,1,5,3,1,3,2,1,1,0,0,796413.7573,5820706.596,13.3632593,52.45593149,0
3020,211992,bike + car,11,1,1100416.0,2021,7,18,5,3,1,5,0,1,1,0,1,798598.9835,5829306.039,13.40303092,52.53182483,0
3021,211993,bike + car,11,6,6100208.0,2021,7,9,5,3,5,3,0,1,1,0,1,793933.4312,5820785.568,13.32693155,52.45797898,0
3022,211994,car,11,11,11501238.0,2021,6,19,7,3,2,6,0,0,1,0,0,804201.4511,5825924.514,13.48227916,52.49841987,0
3023,211995,bike,11,4,4300518.0,2021,7,20,1,2,0,7,0,1,0,0,0,792111.2224,5827685.373,13.30623799,52.52081164,1
3024,211997,bike,11,8,8200725.0,2021,6,12,3,3,0,1,0,1,0,0,0,800764.6807,5819721.912,13.42621289,52.44472859,0
3025,211998,car + pedestrian,11,2,2100106.0,2021,6,13,3,3,6,7,0,0,1,1,0,799042.851,5825538.589,13.40616918,52.49781176,0
3026,212000,car,11,1,1100104.0,2021,6,19,4,3,2,6,0,0,1,0,0,796649.802,5826169.804,13.37158366,52.50477602,0
3027,212001,car + pedestrian,11,4,4200310.0,2021,6,12,4,3,6,4,0,0,1,1,0,789258.1875,5826850.324,13.2635803,52.51484618,0
3028,212007,car,11,6,6200421.0,2021,6,16,4,3,2,6,0,0,1,0,1,793389.5118,5817713.709,13.31625195,52.43073282,0
3029,212008,bike + car,11,2,2500833.0,2021,5,13,4,3,1,5,0,1,1,0,0,802891.9581,5826916.852,13.46395075,52.50804244,0
3030,212011,car + pedestrian,11,4,4200308.0,2021,6,10,6,3,6,4,0,0,1,1,0,790347.6394,5827464.296,13.28012574,52.51977159,0
3031,212012,bike + car,11,9,9200510.0,2021,6,18,1,3,5,2,0,1,1,0,0,806601.3717,5822076.5,13.5139838,52.46258992,0
3032,212013,car + pedestrian,11,7,7100102.0,2021,6,14,3,3,6,4,0,0,1,1,0,794974.9205,5825093.931,13.34602617,52.49603964,0
3033,212014,car,11,6,6200421.0,2021,6,15,2,3,2,6,0,0,1,0,0,793320.8522,5816974.536,13.31459669,52.42414311,0
3034,212016,bike + car,11,3,3500934.0,2021,6,15,3,3,0,2,0,1,1,0,0,800902.2666,5832078.93,13.43939568,52.55541209,0
3035,212019,bike + car,11,1,1300733.0,2021,7,11,2,3,1,5,0,1,1,0,0,797211.2069,5831323.766,13.38443759,52.55066982,0
3036,212020,bike,11,2,2500830.0,2021,6,9,3,3,0,1,0,1,0,0,0,802315.5407,5827477.763,13.45599307,52.51338958,0
3037,212021,car,11,9,9200715.0,2021,5,19,3,2,5,3,1,0,1,0,0,809317.5845,5818507.462,13.55053309,52.42907393,1
3038,212023,car,11,9,9200819.0,2021,6,14,4,3,2,6,0,0,1,0,0,810040.3022,5819480.358,13.56203095,52.43738377,0
3039,212024,car,11,1,1300733.0,2021,5,16,6,3,2,6,0,0,1,0,1,797098.7698,5831702.189,13.38312283,52.55412326,0
3040,212026,bike + car,11,10,10200417.0,2021,6,14,3,3,5,2,0,1,1,0,0,811304.707,5831661.52,13.59195107,52.5458258,0
3041,212028,car + pedestrian,11,7,7300619.0,2021,6,16,6,3,6,2,1,0,1,1,0,795081.4509,5821610.167,13.34450763,52.46475238,0
3042,212029,car + pedestrian,11,1,1100308.0,2021,5,8,2,3,6,4,0,0,1,1,0,797023.4445,5828492.647,13.3791459,52.52539451,0
3043,212031,bike + car,11,3,3601348.0,2021,6,18,4,3,5,3,0,1,1,0,0,799843.8632,5830812.16,13.42268721,52.54464137,0
3044,212033,car,11,1,1401045.0,2021,7,12,6,3,5,2,0,0,1,0,1,796673.3935,5831929.769,13.37707053,52.55639513,0
3045,212035,bike + car,11,8,8100520.0,2021,6,15,5,3,5,3,0,1,1,0,0,803216.9492,5822727.135,13.46491255,52.47030999,0
3046,212037,bike + car,11,3,3601142.0,2021,6,17,3,3,0,2,0,1,1,0,1,799151.3472,5830837.45,13.41252836,52.54524873,0
3047,212038,car,11,4,4200308.0,2021,5,12,2,3,3,6,0,0,1,0,0,789799.4729,5827393.444,13.27200772,52.51942799,0
3048,212039,bike + car,11,9,9300920.0,2021,6,11,4,2,5,2,0,1,1,0,0,808091.9096,5816922.276,13.53110319,52.41555878,1
3049,212041,bike + car,11,1,1200628.0,2021,6,19,2,3,5,2,0,1,1,0,0,795519.788,5828199.137,13.35678584,52.52358055,0
3050,212042,car,11,12,12200515.0,2021,6,12,3,3,5,3,0,0,1,0,0,790275.5435,5835517.881,13.28610906,52.59201023,0
3051,212043,bike + car,11,8,8100102.0,2021,6,13,5,3,1,5,0,1,1,0,1,800463.8161,5823635.277,13.42532231,52.47997122,0
3052,212046,bike,11,1,1200517.0,2021,6,9,5,2,0,1,0,1,0,0,0,794579.194,5829726.416,13.34431562,52.53778054,1
3053,212047,car,11,10,10400939.0,2021,7,15,5,3,5,3,0,0,1,0,0,813016.8031,5827639.415,13.61333074,52.50880293,0
3054,212048,bike + car,11,9,9501939.0,2021,7,7,3,2,5,2,0,1,1,0,0,810939.1221,5821589.149,13.57717329,52.45577167,1
3055,212049,bike,11,4,4501045.0,2021,7,14,5,3,0,7,0,1,0,0,1,794429.8845,5825438.3,13.33832531,52.49942101,0
3056,212050,car,11,8,8100103.0,2021,5,21,4,3,2,6,2,0,1,0,0,800634.4012,5823082.501,13.42732827,52.47492261,0
3057,212051,car + pedestrian,11,8,8100206.0,2021,6,11,1,3,6,4,0,0,1,1,0,800944.0553,5823674.038,13.43240743,52.48005422,0
3058,212053,bike + car,11,10,10100102.0,2021,7,12,7,3,5,2,0,1,1,0,0,809483.3951,5834643.1,13.56795885,52.57358294,0
3059,212054,car,11,4,4300518.0,2021,6,2,1,3,5,3,2,0,1,0,0,792076.7605,5828222.656,13.30620338,52.52564671,0
3060,212055,bike,11,11,11200514.0,2021,6,8,2,3,0,1,0,1,0,0,0,803358.6276,5830082.687,13.47369305,52.53615777,0
3061,212056,bike + car,11,10,10200420.0,2021,6,12,4,3,5,3,0,1,1,0,0,811854.8455,5831272.169,13.59967207,52.54202217,0
3062,212058,bike + car,11,11,11401034.0,2021,6,14,7,3,5,3,0,1,1,0,0,807405.0153,5827437.274,13.53071946,52.51018237,0
3063,212059,bike + car,11,2,2500726.0,2021,6,17,3,3,2,2,0,1,1,0,0,801863.1718,5828440.948,13.45022115,52.52227319,0
3064,212061,car + pedestrian,11,4,4501045.0,2021,6,9,5,2,6,4,0,0,1,1,0,793507.5016,5825218.68,13.32458289,52.4979491,1
3065,212062,bike + car,11,3,3100103.0,2021,5,11,7,3,5,3,0,1,1,0,0,804362.4649,5840421.901,13.49794192,52.62826241,0
3066,212063,bike + car,11,1,1100102.0,2021,6,14,4,3,5,3,0,1,1,0,0,795293.4545,5827357.456,13.35271235,52.51615818,0
3067,212064,bike,11,6,6300524.0,2021,7,18,4,3,5,3,0,1,0,0,0,787438.9286,5816274.021,13.22773311,52.42098404,0
3068,212065,car,11,10,10300731.0,2021,7,9,2,3,5,3,0,0,1,0,0,808747.4168,5828184.341,13.55112999,52.51611937,0
3069,212067,bike + car,11,4,4501042.0,2021,5,14,3,3,5,7,0,1,1,0,1,794389.9534,5825708.635,13.33797774,52.50186595,0
3070,212068,bike + car,11,2,2100102.0,2021,6,8,4,3,5,2,0,1,1,0,0,798453.3364,5826533.154,13.39840237,52.50704944,0
3071,212071,bike + pedestrian,11,1,1401048.0,2021,7,18,7,3,6,7,0,1,0,1,0,795154.0656,5831277.707,13.35414543,52.55137551,0
3072,212072,bike + car,11,1,1100309.0,2021,6,20,7,3,0,6,1,1,1,0,0,798406.1491,5828440.453,13.39941972,52.52417164,0
3073,212073,car,11,11,11401137.0,2021,6,15,1,3,1,5,0,0,1,0,0,806775.7591,5825678.113,13.51985589,52.49477064,0
3074,212074,bike + car,11,1,1100308.0,2021,6,12,3,2,3,6,0,1,1,0,0,797140.8937,5829214.932,13.38151752,52.53180496,1
3075,212076,bike + car,11,3,3500936.0,2021,6,19,5,3,5,3,0,1,1,0,0,802075.8788,5831353.968,13.45599432,52.54826466,0
3076,212077,bike + car,11,2,2200210.0,2021,6,21,6,3,0,3,0,1,1,0,0,798850.3772,5825111.956,13.40295958,52.49409301,0
3077,212078,bike + car,11,5,5200528.0,2021,6,11,2,3,5,3,0,1,1,0,0,783232.5034,5826382.931,13.17462455,52.51381813,0
3078,212080,car,11,7,7601442.0,2021,7,16,3,3,2,6,0,0,1,0,0,799257.089,5816263.337,13.4010027,52.41455397,0
3079,212081,bike + car,11,6,6400843.0,2021,6,15,3,3,1,5,0,1,1,0,0,791236.4632,5819721.488,13.28642325,52.44988329,0
3080,212083,car,11,7,7300619.0,2021,7,14,1,3,2,6,0,0,1,0,0,795391.2005,5821024.627,13.34853564,52.45933604,0
3081,212084,bike + car,11,12,12200309.0,2021,6,17,4,3,5,2,0,1,1,0,0,792669.6875,5832785.781,13.31893916,52.5662353,0
3082,212085,car,11,12,12200310.0,2021,5,21,5,3,5,3,1,0,1,0,1,792285.3482,5833928.367,13.31429197,52.57668461,0
3083,212086,car,11,2,2400521.0,2021,6,18,2,3,2,6,0,0,1,0,0,801222.792,5828649.166,13.44099977,52.52449361,0
3084,212087,bike + pedestrian,11,12,12200309.0,2021,6,17,6,3,6,4,0,1,0,1,0,793307.2386,5832560.187,13.32811893,52.56386986,0
3085,212088,bike,11,2,2500833.0,2021,6,20,3,2,0,1,0,1,0,0,0,802676.0679,5826986.529,13.46084285,52.50878676,1
3086,212094,car,11,9,9100407.0,2021,6,8,2,3,5,3,0,0,1,0,0,805827.5401,5820152.305,13.50086702,52.44577795,0
3087,212098,bike + car,11,3,3601142.0,2021,6,15,7,3,5,3,0,1,1,0,0,798877.8411,5830403.251,13.40811643,52.54150689,0
3088,212099,car,11,2,2300314.0,2021,6,0,7,3,4,6,2,0,1,0,0,799810.5414,5826016.589,13.41787433,52.50167511,0
3089,212100,bike,11,4,4500936.0,2021,6,8,3,2,0,1,0,1,0,0,0,792073.5293,5825583.333,13.30383926,52.50198748,1
3090,212101,bike + car,11,2,2100104.0,2021,6,21,3,3,0,2,1,1,1,0,0,799488.5414,5826137.255,13.41325331,52.50293352,0
3091,212103,bike + car,11,9,9200715.0,2021,6,16,2,3,5,2,0,1,1,0,0,809345.0207,5818502.402,13.55093066,52.42901307,0
3092,212104,bike + car,11,11,11100204.0,2021,7,13,7,3,5,3,0,1,1,0,0,806401.1214,5833726.196,13.52177245,52.56710947,0
3093,212105,bike,11,3,3701556.0,2021,7,16,3,3,3,6,0,1,0,0,0,799729.6778,5829370.922,13.41970842,52.53178584,0
3094,212106,bike + pedestrian,11,1,1100313.0,2021,6,13,3,3,6,4,0,1,0,1,1,799764.5658,5827143.15,13.41821345,52.51179823,0
3095,212109,car + pedestrian,11,2,2200211.0,2021,6,12,4,3,0,7,0,0,1,1,0,798176.5355,5824306.467,13.39234283,52.48724131,0
3096,212110,bike + car,11,1,1100308.0,2021,5,15,6,3,5,3,0,1,1,0,1,796966.7708,5828844.659,13.37862737,52.52858078,0
3097,212113,bike + car,11,2,2100102.0,2021,6,17,6,3,5,3,0,1,1,0,0,797972.7498,5826184.728,13.39103059,52.50418892,0
3098,212117,bike + pedestrian,11,5,5100316.0,2021,6,21,5,3,6,7,1,1,0,1,0,783942.8005,5828983.868,13.18728441,52.53676919,0
3099,212118,bike + pedestrian,11,3,3500936.0,2021,6,9,6,3,6,4,0,1,0,1,0,801975.393,5831201.442,13.45437822,52.54695329,0
3100,212119,bike + car,11,2,2200213.0,2021,7,23,5,3,1,5,2,1,1,0,0,800095.177,5824976.074,13.42111762,52.49219208,0
3101,212121,bike + car,11,2,2100101.0,2021,6,16,5,3,2,7,0,1,1,0,0,797633.0539,5825658.455,13.38557027,52.4996569,0
3102,212122,bike + car,11,3,3601450.0,2021,7,11,2,3,5,2,0,1,1,0,1,802343.232,5829202.163,13.45796726,52.52882994,0
3103,212123,bike + car,11,4,4501152.0,2021,6,10,2,3,3,6,0,1,1,0,0,793965.0381,5824905.873,13.33102734,52.49489867,0
3104,212124,car,11,2,2500835.0,2021,5,19,1,3,5,2,0,0,1,0,1,802444.9573,5826260.547,13.45678844,52.50240798,0
3105,212126,bike + car,11,1,1200628.0,2021,5,21,5,2,5,3,2,1,1,0,0,795699.3488,5828171.642,13.3594003,52.52323673,1
3106,212127,bike + car,11,3,3400828.0,2021,6,8,2,3,1,7,0,1,1,0,0,799878.1623,5832102.975,13.42435721,52.55619247,0
3107,212128,bike + car,11,9,9200717.0,2021,6,7,3,3,5,3,0,1,1,0,0,809207.9977,5819503.056,13.54984713,52.43805834,0
3108,212129,car + pedestrian,11,12,12200515.0,2021,6,12,5,3,6,4,0,0,1,1,0,789948.8212,5834903.576,13.28076178,52.58667728,0
3109,212130,bike + car,11,3,3400828.0,2021,6,7,6,3,5,2,0,1,1,0,0,800081.5578,5832606.311,13.42780342,52.56059195,0
3110,212134,car,11,4,4501042.0,2021,7,20,4,3,2,6,0,0,1,0,0,793692.8746,5825808.119,13.32782557,52.50313341,0
3111,212136,bike + car,11,1,1100102.0,2021,5,8,4,3,5,3,0,1,1,0,0,796936.083,5826779.594,13.37633301,52.51008642,0
3112,212137,bike + car,11,12,12200412.0,2021,6,14,7,3,1,5,0,1,1,0,0,789813.399,5833577.622,13.27760909,52.57486228,0
3113,212138,car,11,6,6300631.0,2021,7,12,1,3,1,5,0,0,1,0,0,791926.4078,5816384.031,13.29363256,52.41959494,0
3114,212139,bike,11,2,2500832.0,2021,6,18,1,3,0,1,0,1,0,0,0,803195.4728,5826829.97,13.46832998,52.50709513,0
3115,212141,bike + car,11,9,9401534.0,2021,6,17,3,3,5,3,0,1,1,0,0,811257.9942,5820190.925,13.58054814,52.44305998,0
3116,212142,car,11,7,7400824.0,2021,6,8,4,3,5,3,0,0,1,0,0,797657.2484,5822020.257,13.38267712,52.46703131,0
3117,212143,bike + car,11,4,4500936.0,2021,6,17,7,3,2,6,0,1,1,0,0,792277.5968,5825355.926,13.30663747,52.49983956,0
3118,212145,car,11,7,7400822.0,2021,7,15,7,3,2,6,0,0,1,0,0,796818.035,5822183.123,13.3705046,52.46894782,0
3119,212146,car,11,12,12200515.0,2021,6,7,4,2,4,5,0,0,1,0,0,789636.5329,5834641.368,13.27593598,52.58449295,1
3120,212147,car,11,12,12100204.0,2021,6,14,5,3,5,3,0,0,1,0,0,794958.3395,5832721.513,13.35255022,52.56442404,0
3121,212148,bike + car,11,8,8100314.0,2021,5,14,7,3,2,6,0,1,1,0,0,801202.814,5823797.988,13.43631809,52.48102256,0
3122,212149,bike + car,11,3,3300413.0,2021,6,15,4,3,0,2,0,1,1,0,0,803458.6397,5838508.982,13.4828742,52.6116236,0
3123,212150,car + pedestrian,11,9,9502043.0,2021,7,11,4,3,6,4,0,0,1,1,1,810527.1256,5823238.257,13.57266373,52.47078455,0
3124,212153,bike + pedestrian,11,2,2200210.0,2021,5,17,2,3,6,7,0,1,0,1,0,798721.785,5825251.02,13.4011958,52.49540992,0
3125,212154,bike + car,11,7,7601544.0,2021,6,12,4,3,5,2,0,1,1,0,0,799800.4492,5813978.656,13.40692283,52.3937774,0
3126,212155,bike + car,11,1,1100309.0,2021,6,8,2,3,3,6,0,1,1,0,0,798452.321,5829048.84,13.40064432,52.52959972,0
3127,212158,bike + car,11,6,6400737.0,2021,7,13,6,3,5,2,0,1,1,0,0,784750.2482,5817547.217,13.18938656,52.43380555,0
3128,212159,bike + car,11,4,4300620.0,2021,6,8,6,3,5,3,0,1,1,0,0,794161.8879,5826989.7,13.3357596,52.51347297,0
3129,212160,car,11,3,3500934.0,2021,6,11,6,3,1,5,0,0,1,0,0,800985.3488,5831903.288,13.44045819,52.55379189,0
3130,212161,bike + car,11,4,4400727.0,2021,6,11,3,2,5,3,0,1,1,0,0,791920.2145,5823992.547,13.300193,52.48780835,1
3131,212163,car,11,8,8301037.0,2021,6,16,5,2,5,2,0,0,1,0,0,804138.9095,5817812.978,13.47396971,52.42575277,1