,ObjectID,vehicle_types,State,District,LOR_ab_2021,AccidentYear,AccidentMonth,AccidentHour,DayOfWeek,AccidentCategory,AccidentType,AccidentTypeDetail,LightingCondition,InvolvingBike,InvolvingCar,InvolvingPedestrian,RoadCondition,GraphicCoord1,GraphicCoord2,LongitudeWGS84,LatitudeWGS84,accident_outcome
3132,212164,bike + car,11,1,1400942.0,2021,6,8,6,3,5,2,0,1,1,0,0,794479.8966,5830670.941,13.34369305,52.54630119,0
3133,212165,car,11,1,1100310.0,2021,7,22,6,3,2,6,2,0,1,0,1,799098.0757,5828993.079,13.41008511,52.52874599,0
3134,212166,bike,11,3,3100102.0,2021,7,15,2,3,4,6,0,1,0,0,0,804786.8352,5841412.052,13.50510552,52.6368984,0
3135,212167,bike + car,11,2,2500835.0,2021,6,14,2,2,5,3,0,1,1,0,0,802559.9321,5825954.416,13.458199,52.4996004,1
3136,212170,bike + pedestrian,11,8,8200730.0,2021,5,8,5,3,6,4,0,1,0,1,0,801374.0871,5819239.04,13.43471661,52.44006491,0
3137,212171,bike + car,11,2,2300418.0,2021,6,21,1,2,5,3,1,1,1,0,0,801289.0047,5825362.234,13.43899753,52.4949957,1
3138,212172,bike + car,11,2,2200209.0,2021,6,9,6,3,1,5,0,1,1,0,0,797509.0371,5824800.69,13.38298264,52.49203562,0
3139,212173,bike + car,11,11,11300722.0,2021,6,17,3,3,5,2,0,1,1,0,0,804255.106,5827662.994,13.48465588,52.51397133,0
3140,212174,bike + car,11,3,3500934.0,2021,6,15,5,3,5,2,0,1,1,0,0,800455.5782,5832115.406,13.43285988,52.55598564,0
3141,212175,bike + car,11,4,4501041.0,2021,6,13,5,3,1,5,0,1,1,0,0,793485.0353,5825785.414,13.32475235,52.5030417,0
3142,212176,car + pedestrian,11,3,3100102.0,2021,5,7,2,3,6,4,0,0,1,1,0,804422.9392,5841223.109,13.49957068,52.63540916,0
3143,212177,bike + car,11,1,1100308.0,2021,6,13,5,3,2,6,0,1,1,0,0,797074.9223,5829291.921,13.38061663,52.53253105,0
3144,212178,bike + car,11,9,9501939.0,2021,7,16,5,3,2,2,0,1,1,0,1,809950.1063,5821622.024,13.56269523,52.45662801,0
3145,212179,car,11,3,3400619.0,2021,7,15,5,2,5,3,0,0,1,0,1,795290.9494,5835080.826,13.35954412,52.58539276,1
3146,212181,car,11,10,10400940.0,2021,7,17,2,3,0,7,0,0,1,0,0,811926.6098,5825169.929,13.59500689,52.48729763,0
3147,212184,bike + car,11,12,12200309.0,2021,6,15,3,3,5,2,0,1,1,0,0,793421.7566,5832487.449,13.32973922,52.56315611,0
3148,212185,bike + car,11,1,1100103.0,2021,6,21,7,2,5,3,2,1,1,0,0,795252.8691,5826039.647,13.35094696,52.504367,1
3149,212186,car,11,9,9501941.0,2021,6,17,3,3,2,6,0,0,1,0,0,812085.7624,5820971.036,13.59341601,52.44957908,0
3150,212187,car,11,2,2400521.0,2021,6,9,5,3,0,7,0,0,1,0,1,801126.767,5828584.324,13.43952996,52.52396546,0
3151,212188,car,11,8,8100311.0,2021,6,17,5,3,5,2,0,0,1,0,0,800664.2497,5824379.244,13.42893576,52.48652935,0
3152,212189,bike + car,11,9,9501736.0,2021,5,22,7,3,1,5,2,1,1,0,0,813329.7474,5821598.74,13.6122501,52.45449253,0
3153,212192,bike + car,11,1,1100310.0,2021,7,14,3,3,5,3,0,1,1,0,0,799451.7283,5828784.775,13.41509517,52.52668472,0
3154,212193,car,11,8,8100208.0,2021,6,9,4,3,5,3,0,0,1,0,1,801143.3252,5822844.161,13.43458346,52.47250595,0
3155,212194,bike + car,11,4,4501152.0,2021,5,8,4,3,5,7,0,1,1,0,0,794052.2672,5824450.506,13.3319066,52.49076955,0
3156,212196,bike + car,11,12,12500928.0,2021,6,15,6,3,5,3,0,1,1,0,0,792256.179,5837209.347,13.31675756,52.60611276,0
3157,212197,bike + car,11,4,4200206.0,2021,6,10,3,3,5,2,0,1,1,0,0,786236.9281,5826007.236,13.21845453,52.50888128,0
3158,212198,bike + car,11,12,12200308.0,2021,6,10,2,3,5,3,0,1,1,0,0,792569.923,5833291.636,13.31791768,52.5708237,0
3159,212200,car + pedestrian,11,7,7200308.0,2021,7,19,5,2,6,4,0,0,1,1,0,794892.9569,5823167.627,13.34311789,52.47881585,1
3160,212202,bike + car,11,1,1100308.0,2021,6,5,7,3,5,2,0,1,1,0,0,797013.9547,5828942.11,13.37940792,52.52942861,0
3161,212204,car,11,1,1200517.0,2021,6,14,2,3,1,5,0,0,1,0,0,793170.6231,5828288.865,13.32233922,52.52565314,0
3162,212205,bike,11,3,3601450.0,2021,6,16,4,3,0,1,0,1,0,0,0,802461.082,5829252.437,13.45974495,52.52921517,0
3163,212206,bike + car,11,9,9501737.0,2021,6,8,4,3,5,3,0,1,1,0,0,815399.1856,5820983.643,13.64202345,52.44779074,0
3164,212207,bike + car,11,3,3200310.0,2021,6,20,1,2,5,2,0,1,1,0,0,799833.9819,5839319.261,13.4302382,52.62089788,1
3165,212208,bike,11,8,8100207.0,2021,6,13,1,3,5,2,0,1,0,0,0,801202.295,5823549.263,13.43608579,52.47879346,0
3166,212209,bike,11,1,1100313.0,2021,6,0,3,2,0,1,2,1,0,0,0,799676.1264,5827038.909,13.41682029,52.51091247,1
3167,212210,bike + car,11,3,3200205.0,2021,6,8,4,3,5,2,0,1,1,0,0,798135.557,5835470.38,13.40175702,52.58733315,0
3168,212211,bike,11,9,9200511.0,2021,6,18,5,3,0,7,0,1,0,0,0,807656.3742,5821840.626,13.52924622,52.45988305,0
3169,212217,bike + car,11,7,7601341.0,2021,5,13,4,3,0,6,0,1,1,0,0,796127.1482,5814675.824,13.35371349,52.40202519,0
3170,212221,bike + car + pedestrian,11,3,3400830.0,2021,6,13,1,2,5,3,0,1,1,1,0,800034.51,5833421.877,13.42784899,52.56792799,1
3171,212222,car,11,1,1200517.0,2021,6,9,3,3,3,6,0,0,1,0,0,793644.9029,5829162.131,13.33008138,52.53322627,0
3172,212223,car,11,8,8100417.0,2021,6,12,3,3,2,2,0,0,1,0,0,802577.6813,5823081.893,13.45585197,52.47384414,0
3173,212226,car,11,11,11300722.0,2021,7,6,7,2,5,3,0,0,1,0,1,803855.7003,5828357.322,13.47942239,52.52041702,1
3174,212227,car,11,9,9100407.0,2021,6,7,4,3,2,6,0,0,1,0,0,806251.0509,5820429.148,13.50733268,52.4480221,0
3175,212228,car,11,6,6300526.0,2021,6,9,5,3,0,1,0,0,1,0,0,789291.8107,5817674.215,13.25611558,52.43256112,0
3176,212234,bike + car,11,2,2400625.0,2021,7,1,2,3,5,2,2,1,1,0,1,801760.8887,5826242.508,13.44672477,52.50262501,0
3177,212235,bike + car,11,4,4500938.0,2021,6,13,5,3,1,5,0,1,1,0,0,791573.0027,5824591.015,13.29561763,52.49335913,0
3178,212236,bike + car,11,2,2100104.0,2021,5,13,5,3,5,3,0,1,1,0,0,799282.4992,5826219.381,13.41030067,52.50378271,0
3179,212237,car,11,8,8200730.0,2021,6,8,2,2,2,6,0,0,1,0,0,801399.9076,5819140.866,13.43500679,52.43917071,1
3180,212239,bike + car,11,2,2100104.0,2021,6,0,4,2,1,5,2,1,1,0,0,799410.7928,5826165.811,13.41213698,52.50323215,1
3181,212240,bike + pedestrian,11,2,2300316.0,2021,7,16,6,2,6,4,0,1,0,1,0,801453.7519,5826033.55,13.44202446,52.50092186,1
3182,212241,bike + car,11,2,2300314.0,2021,6,19,7,3,5,2,0,1,1,0,0,799712.2461,5826050.649,13.41646123,52.5020344,0
3183,212242,car,11,6,6100103.0,2021,6,21,6,3,5,7,0,0,1,0,0,793044.0591,5821523.201,13.31452727,52.46506928,0
3184,212243,bike + pedestrian,11,6,6400737.0,2021,5,17,2,3,6,4,0,1,0,1,0,784580.8243,5817356.412,13.18673873,52.43218291,0
3185,212247,car,11,8,8401242.0,2021,7,21,6,3,5,3,2,0,1,0,1,804455.0851,5816944.098,13.47781468,52.41778931,0
3186,212248,car,11,4,4100101.0,2021,7,10,6,3,2,2,0,0,1,0,0,792255.9971,5830676.702,13.31099605,52.54755042,0
3187,212251,car,11,1,1100310.0,2021,5,1,2,3,5,2,2,0,1,0,0,799479.819,5828830.293,13.41554899,52.52707728,0
3188,212254,bike + car,11,4,4500937.0,2021,6,13,1,3,1,5,0,1,1,0,0,790958.8769,5825016.348,13.28696903,52.49749997,0
3189,212255,car,11,9,9100202.0,2021,6,8,2,2,4,6,0,0,1,0,0,802843.0808,5824248.473,13.46080694,52.48415309,1
3190,212256,car,11,9,9200715.0,2021,6,8,3,3,2,6,0,0,1,0,0,808205.5554,5818755.755,13.534458,52.43192673,0
3191,212257,car + pedestrian,11,8,8200832.0,2021,6,18,6,2,6,2,0,0,1,1,0,801708.754,5817221.211,13.43780462,52.42179396,1
3192,212258,bike,11,11,11501341.0,2021,6,17,5,2,4,1,0,1,0,0,0,806280.4537,5824474.039,13.51147634,52.4842575,1
3193,212260,bike + car,11,6,6400844.0,2021,6,7,5,3,5,2,0,1,1,0,0,791443.5246,5820645.517,13.29026798,52.45805691,0
3194,212261,bike + car,11,4,4501045.0,2021,7,16,5,3,1,5,0,1,1,0,1,793503.084,5825302.669,13.32459202,52.49870439,0
3195,212262,car + pedestrian,11,3,3200204.0,2021,7,5,5,3,6,4,0,0,1,1,1,799040.3109,5839071.536,13.41832518,52.61911485,0
3196,212264,bike + car,11,6,6400842.0,2021,7,12,7,3,5,2,0,1,1,0,0,789836.963,5820292.259,13.26638292,52.45574423,0
3197,212265,bike + car,11,12,12400618.0,2021,6,18,2,3,5,2,0,1,1,0,0,786734.2147,5838513.872,13.23657117,52.62074922,0
3198,212266,bike,11,9,9501838.0,2021,6,12,4,3,0,1,0,1,0,0,0,818431.9593,5820300.144,13.68584698,52.43990873,0
3199,212267,bike + car,11,8,8100206.0,2021,6,16,3,3,3,2,0,1,1,0,0,800721.1222,5823800.503,13.42924872,52.48131058,0
3200,212268,car,11,9,9300921.0,2021,6,21,7,3,5,2,1,0,1,0,0,809992.8644,5816041.389,13.55814914,52.4065912,0
3201,212270,car,11,3,3601245.0,2021,6,6,4,3,5,7,0,0,1,0,0,800310.0311,5830867.263,13.42959067,52.54487853,0
3202,212272,bike + car,11,7,7100102.0,2021,5,14,1,3,5,3,0,1,1,0,0,795483.3069,5825553.177,13.35390045,52.49988143,0
3203,212273,bike + car,11,8,8100102.0,2021,6,8,4,3,5,2,0,1,1,0,0,800180.1503,5823632.335,13.42115526,52.48010084,0
3204,212274,bike + car,11,12,12200413.0,2021,7,9,4,3,5,3,0,1,1,0,1,789393.4282,5833721.935,13.27155508,52.57637954,0
3205,212275,bike + car,11,11,11100309.0,2021,7,16,3,3,5,2,0,1,1,0,0,805281.9657,5833240.752,13.50486522,52.5633875,0
3206,212278,bike + car,11,4,4200308.0,2021,6,6,2,3,5,2,0,1,1,0,0,790376.8995,5827323.641,13.28043299,52.51849503,0
3207,212279,bike + car,11,4,4400726.0,2021,6,11,7,3,5,3,0,1,1,0,0,791212.4926,5823798.185,13.2896297,52.48644387,0
3208,212280,car,11,4,4400729.0,2021,7,11,6,3,2,6,0,0,1,0,0,790555.123,5822291.228,13.27866264,52.47328404,0
3209,212281,car + pedestrian,11,12,12100204.0,2021,6,18,7,3,6,4,0,0,1,1,0,795608.536,5833075.371,13.36242995,52.56724339,0
3210,212284,car + pedestrian,11,2,2400624.0,2021,6,9,3,3,6,4,0,0,1,1,0,801761.7585,5827427.929,13.44781213,52.51324957,0
3211,212285,car,11,11,11501340.0,2021,6,5,6,3,2,6,0,0,1,0,0,807271.3888,5824551.955,13.52609513,52.48439908,0
3212,212286,bike + car,11,9,9100101.0,2021,6,9,3,3,5,2,0,1,1,0,0,802113.3509,5824768.475,13.4505648,52.48921815,0
3213,212287,bike + car,11,4,4300623.0,2021,7,14,6,3,0,1,0,1,1,0,1,792293.0553,5826110.669,13.3075271,52.50659738,0
3214,212288,car + pedestrian,11,8,8100209.0,2021,7,11,3,2,6,4,0,0,1,1,0,801111.3423,5822001.024,13.43335311,52.46496628,1
3215,212289,car,11,11,11300722.0,2021,7,15,2,3,1,7,0,0,1,0,0,804079.2107,5828208.197,13.4825701,52.51895588,0
3216,212290,bike + car,11,9,9100101.0,2021,6,22,3,3,4,1,2,1,1,0,0,802316.3716,5825319.932,13.4540461,52.49404849,0
3217,212293,car,11,10,10100206.0,2021,6,15,4,3,5,3,0,0,1,0,0,808837.5746,5832766.809,13.55671283,52.55713512,0
3218,212295,car,11,12,12200412.0,2021,6,12,2,3,5,2,0,0,1,0,0,791167.6855,5834028.571,13.29793323,52.57818207,0
3219,212296,car,11,1,1100310.0,2021,6,1,6,3,2,6,2,0,1,0,0,799525.1211,5828817.777,13.4162035,52.52694021,0
3220,212297,bike + car,11,2,2400521.0,2021,6,6,4,3,5,5,0,1,1,0,0,801190.518,5828476.236,13.44036889,52.52296144,0
3221,212298,bike + car,11,3,3200204.0,2021,7,16,6,3,5,2,0,1,1,0,0,796559.7595,5840104.359,13.38271856,52.62973226,0
3222,212300,bike,11,6,6400838.0,2021,6,19,6,3,0,7,0,1,0,0,0,786428.3207,5818353.313,13.21469364,52.44015683,0
3223,212301,bike + car,11,2,2500727.0,2021,5,18,2,3,5,3,0,1,1,0,0,802448.4569,5828284.765,13.45867934,52.52054901,0
3224,212302,bike + car,11,7,7400721.0,2021,6,11,2,3,2,6,0,1,1,0,0,797487.4648,5822868.231,13.38094135,52.47472498,0
3225,212303,bike + car,11,3,3200207.0,2021,6,16,7,3,5,3,0,1,1,0,0,798603.0009,5835174.639,13.40836979,52.58442591,0
3226,212304,car,11,3,3701554.0,2021,7,12,6,3,5,3,0,0,1,0,0,799230.1211,5829270.098,13.41227513,52.53115658,0
3227,212305,bike + car,11,3,3500934.0,2021,6,11,7,2,5,3,0,1,1,0,0,801107.9263,5831517.277,13.44191061,52.55026429,1
3228,212306,car,11,1,1300834.0,2021,6,16,2,2,2,6,0,0,1,0,0,797524.716,5830992.355,13.38875078,52.54752799,1
3229,212307,car,11,9,9200715.0,2021,6,16,3,3,2,6,0,0,1,0,0,808421.9694,5819101.113,13.53794971,52.43489989,0
3230,212308,bike + car,11,7,7100102.0,2021,6,15,3,3,3,5,0,1,1,0,0,794977.5562,5825248.565,13.34620182,52.49742441,0
3231,212309,bike + car,11,7,7400822.0,2021,6,7,6,3,5,3,0,1,1,0,0,796508.1003,5822474.7,13.3662145,52.47172985,0
3232,212311,car,11,11,11400931.0,2021,7,22,7,3,2,3,2,0,1,0,1,806598.0298,5827332.626,13.51876948,52.50969862,0
3233,212313,bike + car,11,12,12200411.0,2021,5,18,6,3,3,2,0,1,1,0,0,793197.2529,5832314.297,13.32628371,52.56172483,0
3234,212315,bike + car,11,1,1100308.0,2021,7,13,2,3,5,2,0,1,1,0,0,797041.2176,5829321.45,13.38014759,52.5328141,0
3235,212318,bike,11,9,9501737.0,2021,7,15,2,3,0,1,0,1,0,0,0,814203.9348,5821492.842,13.62497315,52.45304182,0
3236,212321,car,11,4,4501042.0,2021,6,2,1,2,0,1,2,0,1,0,0,794310.5902,5825933.744,13.3370109,52.50392673,1
3237,212324,car,11,12,12400721.0,2021,6,9,5,3,5,3,0,0,1,0,1,790591.8842,5839722.659,13.29445879,52.62953622,0
3238,212326,bike,11,2,2400624.0,2021,5,18,2,3,0,7,0,1,0,0,0,801916.1881,5827102.679,13.44978583,52.51024888,0
3239,212327,bike + car,11,1,1100207.0,2021,6,14,2,3,5,3,0,1,1,0,0,798313.3897,5827342.992,13.39707239,52.51438512,0
3240,212328,car,11,10,10100315.0,2021,6,6,5,3,3,2,0,0,1,0,0,809915.0579,5831589.587,13.57145678,52.5459734,0
3241,212329,car,11,5,5200631.0,2021,6,12,6,3,2,6,0,0,1,0,0,784768.6925,5827090.913,13.19780692,52.51936601,0
3242,212331,car,11,6,6300632.0,2021,7,8,6,3,2,6,0,0,1,0,0,792268.0533,5816691.557,13.29891075,52.42216955,0
3243,212332,car,11,5,5100316.0,2021,7,12,2,3,5,3,0,0,1,0,1,784962.2004,5829251.328,13.20250293,52.53863513,0
3244,212333,bike + car,11,2,2300314.0,2021,6,21,2,3,5,3,1,1,1,0,0,800287.116,5826088.922,13.42493942,52.50206141,0
3245,212334,bike + car,11,2,2500830.0,2021,5,12,2,3,1,5,0,1,1,0,0,802280.815,5827494.671,13.45549826,52.51356038,0
3246,212336,bike + car,11,2,2200210.0,2021,5,13,5,3,3,6,0,1,1,0,1,798193.5676,5825453.277,13.39361929,52.49751175,0
3247,212337,bike + car,11,1,1100205.0,2021,6,7,2,3,5,2,0,1,1,0,0,796964.1171,5826974.227,13.37691854,52.51181584,0
3248,212338,bike + car,11,2,2100106.0,2021,6,10,3,3,5,3,0,1,1,0,0,798596.7674,5825585.35,13.39965947,52.49847516,0
3249,212339,bike,11,3,3601142.0,2021,6,14,4,3,0,1,0,1,0,0,0,798788.61,5830924.716,13.40727365,52.54622999,0
3250,212340,bike + car,11,9,9100305.0,2021,6,10,6,3,1,5,0,1,1,0,0,804956.7061,5822610.36,13.49033878,52.46829501,0
3251,212343,bike + car,11,3,3601243.0,2021,7,23,4,3,2,6,2,1,1,0,0,799706.3281,5831440.175,13.42123187,52.55034615,0
3252,212346,car,11,8,8401243.0,2021,7,23,1,3,9,1,2,0,1,0,0,805564.561,5818548.468,13.4955435,52.43155043,0
3253,212348,bike + car,11,4,4501045.0,2021,6,17,2,2,5,2,0,1,1,0,0,793926.2663,5824959.58,13.33050527,52.49540102,1
3254,212349,car,11,12,12200309.0,2021,6,15,4,3,5,7,0,0,1,0,0,792565.4813,5832826.723,13.31744224,52.56665834,0
3255,212350,bike + car,11,4,4400832.0,2021,6,10,3,3,5,2,0,1,1,0,0,791296.6325,5822046.667,13.28933521,52.47069661,0
3256,212351,bike + car,11,8,8100415.0,2021,6,21,7,3,5,3,1,1,1,0,0,801831.0936,5823631.422,13.44539081,52.47918271,0
3257,212353,bike + car,11,11,11501238.0,2021,6,17,4,3,5,3,0,1,1,0,0,804077.5736,5825982.505,13.48051288,52.49900866,0
3258,212354,bike + car,11,8,8100209.0,2021,6,16,5,3,5,2,0,1,1,0,0,801754.7935,5822047.803,13.44283824,52.4650306,0
3259,212355,car,11,3,3100101.0,2021,5,14,7,3,9,1,0,0,1,0,0,803425.7865,5843454.481,13.48693177,52.65596567,0
3260,212356,bike + car,11,4,4300622.0,2021,6,11,4,3,5,3,0,1,1,0,0,793684.3036,5826066.528,13.3279276,52.50545454,0
3261,212358,bike + car,11,6,6300528.0,2021,7,18,3,3,5,3,0,1,1,0,0,789377.9989,5817000.59,13.25679687,52.42647616,0
3262,212359,car,11,5,5100105.0,2021,6,14,4,3,2,6,0,0,1,0,1,783901.0427,5831186.706,13.18855351,52.55654181,0
3263,212360,bike + car,11,6,6300526.0,2021,5,9,4,3,5,2,0,1,1,0,0,789572.6365,5817322.703,13.25993034,52.42926107,0
3264,212361,car,11,9,9100408.0,2021,6,13,2,3,5,3,0,0,1,0,0,806721.7863,5820288.971,13.51410882,52.44650191,0
3265,212366,bike + car,11,5,5400943.0,2021,6,19,3,3,5,3,0,1,1,0,0,780002.4018,5821527.362,13.1230692,52.4719467,0
3266,212368,bike,11,4,4501040.0,2021,6,19,6,3,0,6,0,1,0,0,0,792712.6776,5825681.392,13.31331464,52.50252407,0
3267,212370,car,11,9,9200511.0,2021,7,1,7,3,9,1,2,0,1,0,1,807152.8879,5822219.691,13.52220791,52.46356352,0
3268,212371,bike + car,11,1,1100206.0,2021,7,9,3,3,2,6,0,1,1,0,0,798320.187,5827226.743,13.39706805,52.51333938,0
3269,212372,car,11,5,5200528.0,2021,6,16,3,3,2,6,0,0,1,0,0,783647.7675,5825205.886,13.17972448,52.50304865,0
3270,212373,bike + car,11,7,7100101.0,2021,5,12,3,3,5,3,0,1,1,0,1,794698.4775,5824904.944,13.34179871,52.49449483,0
3271,212374,bike + pedestrian,11,6,6100210.0,2021,7,15,1,3,6,7,0,1,0,1,0,795020.517,5820946.016,13.34302627,52.45883156,0
3272,212375,bike,11,4,4501040.0,2021,6,13,4,3,2,6,0,1,0,0,0,792720.8803,5825940.936,13.31366332,52.5048464,0
3273,212377,car,11,3,3601245.0,2021,6,19,6,3,2,6,0,0,1,0,0,800356.6136,5831559.894,13.43090195,52.55106105,0
3274,212378,car + pedestrian,11,8,8100104.0,2021,6,13,3,3,6,4,0,0,1,1,0,800873.322,5822466.695,13.43027993,52.46927137,0
3275,212379,bike + car,11,9,9301126.0,2021,6,15,5,3,2,3,0,1,1,0,0,809932.4094,5817931.083,13.55901301,52.4235606,0
3276,212380,bike + car,11,2,2100104.0,2021,6,18,6,3,5,3,0,1,1,0,0,799326.9758,5826235.744,13.41096869,52.50390498,0
3277,212382,bike,11,4,4100101.0,2021,6,16,2,3,4,1,0,1,0,0,0,793198.9618,5829705.797,13.32400556,52.53834004,0
3278,212385,bike + car,11,11,11300620.0,2021,7,4,5,3,5,2,2,1,1,0,0,804135.9342,5829849.914,13.48490503,52.53363832,0
3279,212386,bike + car,11,2,2300314.0,2021,7,18,6,3,1,5,0,1,1,0,0,799873.2745,5825880.214,13.41867295,52.50041824,0
3280,212387,car + pedestrian,11,2,2300316.0,2021,6,16,5,3,6,4,0,0,1,1,0,800900.9093,5826104.86,13.43396909,52.50186615,0
3281,212388,bike + car,11,4,4501150.0,2021,7,17,2,3,5,2,0,1,1,0,0,793436.0827,5823923.258,13.32239296,52.48637455,0
3282,212391,car,11,7,7601544.0,2021,6,9,4,2,5,3,0,0,1,0,0,799789.4776,5813976.931,13.40676053,52.39376795,1
3283,212393,bike + car,11,4,4501043.0,2021,6,17,2,3,5,3,0,1,1,0,0,793107.4003,5825211.409,13.31869955,52.49809894,0
3284,212394,bike,11,1,1100310.0,2021,6,15,3,3,5,3,0,1,0,0,0,798998.6666,5828614.374,13.40828354,52.52540599,0
3285,212395,bike + car,11,3,3500934.0,2021,6,12,5,3,5,3,0,1,1,0,1,800692.6709,5831572.278,13.43585459,52.55098665,0
3286,212398,car,11,11,11300620.0,2021,6,11,5,3,5,2,0,0,1,0,0,804214.7853,5829078.362,13.48535792,52.52667922,0
3287,212399,bike,11,1,1300835.0,2021,7,11,5,3,0,7,0,1,0,0,0,797834.9266,5829817.682,13.39225893,52.53682907,0
3288,212400,bike + car,11,4,4200309.0,2021,7,16,3,3,5,3,0,1,1,0,0,788854.0725,5827199.004,13.25794438,52.51818638,0
3289,212402,car,11,4,4200310.0,2021,5,11,4,3,5,3,0,0,1,0,0,789992.273,5826317.665,13.27390367,52.50968098,0
3290,212406,car,11,6,6400840.0,2021,7,15,6,3,5,7,0,0,1,0,1,788829.2185,5819597.161,13.25099221,52.45004581,0
3291,212407,bike + car,11,8,8100415.0,2021,7,18,6,3,1,5,0,1,1,0,0,801758.9313,5823551.302,13.44425897,52.47850446,0
3292,212411,bike + car,11,1,1300834.0,2021,5,20,1,3,5,3,2,1,1,0,0,798356.9026,5830141.889,13.40022311,52.53944963,0
3293,212412,car + pedestrian,11,1,1300732.0,2021,6,17,4,3,6,4,0,0,1,1,0,797670.2294,5832849.339,13.39255561,52.56409392,0
3294,212414,car + pedestrian,11,5,5100103.0,2021,6,18,1,3,6,4,0,0,1,1,0,785336.9646,5832488.376,13.21079583,52.56746187,0
3295,212415,car,11,6,6400844.0,2021,6,15,2,3,2,6,0,0,1,0,0,790509.4402,5821289.576,13.27711978,52.46432836,0
3296,212416,bike + car,11,7,7601544.0,2021,6,10,6,3,5,2,0,1,1,0,0,799436.499,5814036.082,13.4016414,52.39449122,0
3297,212417,bike,11,3,3400721.0,2021,6,15,3,3,5,3,0,1,0,0,0,798050.2994,5832924.247,13.39821344,52.56455744,0
3298,212420,car + pedestrian,11,8,8200623.0,2021,5,11,1,3,6,7,0,0,1,1,0,801393.9295,5821142.903,13.43672539,52.4571189,0
3299,212422,bike + car,11,1,1200517.0,2021,7,8,5,3,5,3,0,1,1,0,0,794421.5645,5829389.02,13.34169931,52.53484119,0
3300,212423,bike,11,9,9301228.0,2021,7,21,4,2,0,1,1,1,0,0,0,818693.3788,5812585.767,13.68233949,52.37063366,1
3301,212427,bike + car,11,4,4501041.0,2021,6,23,1,3,3,6,2,1,1,0,0,792864.1205,5825526.874,13.31540348,52.5010576,0
3302,212428,car,11,4,4100101.0,2021,6,8,2,3,2,6,0,0,1,0,0,791096.6529,5829125.414,13.2925879,52.53426405,0
3303,212429,bike + car,11,7,7501134.0,2021,6,22,4,3,5,2,2,1,1,0,0,798320.2137,5818973.59,13.38968589,52.43935986,0
3304,212430,bike + car,11,1,1400940.0,2021,6,16,3,3,5,2,0,1,1,0,0,795791.864,5832049.696,13.36421254,52.55794966,0
3305,212432,bike,11,9,9100409.0,2021,6,18,3,3,0,1,0,1,0,0,0,806970.1868,5820068.175,13.51754941,52.44438367,0
3306,212436,car + pedestrian,11,4,4400835.0,2021,6,8,4,3,6,4,0,0,1,1,0,793194.9833,5822520.326,13.31761878,52.47392725,0
3307,212437,bike + car,11,10,10400938.0,2021,7,13,4,3,5,3,0,1,1,0,0,813001.15,5828494.14,13.61390469,52.51647112,0
3308,212438,car,11,8,8301036.0,2021,7,11,2,3,2,6,0,0,1,0,0,803816.5018,5818110.696,13.4695131,52.42860031,0
3309,212439,bike + car,11,2,2200210.0,2021,6,8,4,3,0,2,0,1,1,0,1,798492.5748,5825223.544,13.39780494,52.49528904,0
3310,212441,car + pedestrian,11,1,1300834.0,2021,6,6,2,3,6,2,0,0,1,1,0,798088.9068,5829998.19,13.3961544,52.53830822,0
3311,212443,bike,11,1,1100415.0,2021,6,12,4,3,0,1,0,1,0,0,0,798301.8822,5829371.92,13.39872314,52.53257804,0
3312,212444,bike + car,11,6,6400736.0,2021,7,19,7,2,2,2,0,1,1,0,0,787373.8754,5816619.685,13.22707605,52.42411737,1
3313,212445,car + pedestrian,11,1,1401046.0,2021,6,14,7,3,6,4,0,0,1,1,0,794624.4266,5829872.576,13.3451102,52.5390663,0
3314,212447,bike + car,11,12,12400721.0,2021,6,11,3,3,5,3,0,1,1,0,0,791055.6428,5840426.821,13.3019116,52.63560047,0
3315,212448,car,11,12,12500928.0,2021,6,20,3,3,3,6,0,0,1,0,0,792610.5158,5837534.336,13.32226245,52.6088355,0
3316,212449,bike + car,11,8,8100417.0,2021,6,18,6,3,5,2,0,1,1,0,0,802576.84,5823079.536,13.45583748,52.47382348,0
3317,212452,bike,11,3,3601346.0,2021,7,19,3,3,0,1,0,1,0,0,0,799252.2706,5830516.565,13.41372312,52.54231707,0
3318,212453,bike + car,11,3,3601243.0,2021,6,11,3,3,3,6,0,1,1,0,0,799932.3894,5831724.626,13.42481285,52.55277135,0
3319,212454,car,11,1,1200623.0,2021,5,15,3,3,5,3,0,0,1,0,1,795104.3273,5828858.389,13.35126509,52.52971526,0
3320,212457,car,11,4,4300620.0,2021,5,4,6,2,8,7,1,0,1,0,0,793516.196,5827652.86,13.32685708,52.51976573,1
3321,212459,car,11,4,4200309.0,2021,6,12,6,3,5,3,0,0,1,0,0,789074.0831,5827182.024,13.26116302,52.51791757,0
3322,212460,bike + car,11,11,11100101.0,2021,6,16,4,3,0,6,0,1,1,0,0,807265.8063,5835970.469,13.53656968,52.58673509,0
3323,212461,bike + car,11,1,1100308.0,2021,6,16,6,3,4,6,0,1,1,0,0,796995.1064,5828649.303,13.37886934,52.52681419,0
3324,212462,bike + car,11,12,12500824.0,2021,6,19,6,3,5,3,0,1,1,0,0,790629.6702,5835988.963,13.29173543,52.59604427,0
3325,212463,bike + car,11,4,4400726.0,2021,6,9,3,3,5,3,0,1,1,0,0,791095.3446,5823983.181,13.28807092,52.48816485,0
3326,212465,car,11,2,2400522.0,2021,6,8,5,2,2,6,0,0,1,0,0,801610.2569,5828869.682,13.44689358,52.52625591,1