,ObjectID,vehicle_types,State,District,LOR_ab_2021,AccidentYear,AccidentMonth,AccidentHour,DayOfWeek,AccidentCategory,AccidentType,AccidentTypeDetail,LightingCondition,InvolvingBike,InvolvingCar,InvolvingPedestrian,RoadCondition,GraphicCoord1,GraphicCoord2,LongitudeWGS84,LatitudeWGS84,accident_outcome
3327,212466,bike + car,11,2,2200207.0,2021,6,11,6,3,5,2,0,1,1,0,0,797090.4104,5824707.864,13.37675212,52.49143154,0
3328,212467,car + pedestrian,11,4,4501041.0,2021,7,13,5,3,6,2,0,0,1,1,0,792966.5567,5825541.686,13.31692127,52.5011354,0
3329,212468,bike + pedestrian,11,5,5100101.0,2021,7,7,6,3,6,4,0,1,0,1,0,785413.7548,5833157.779,13.21250181,52.57342333,0
3330,212470,bike + car,11,9,9300922.0,2021,7,19,2,3,5,3,0,1,1,0,0,807903.28,5815334.351,13.52687827,52.40143353,0
3331,212471,car,11,1,1300836.0,2021,6,15,2,3,5,2,0,0,1,0,0,796291.6715,5830599.411,13.37026938,52.54467769,0
3332,212472,car,11,5,5100210.0,2021,5,16,1,3,5,2,0,0,1,0,0,784170.0491,5830056.296,13.19154325,52.5462662,0
3333,212476,bike + car,11,5,5100313.0,2021,6,17,3,3,5,2,0,1,1,0,0,785173.9029,5830986.273,13.20710563,52.55407969,0
3334,212477,bike + car,11,11,11200514.0,2021,6,16,4,3,5,3,0,1,1,0,0,804994.8568,5830197.531,13.49784767,52.53627388,0
3335,212480,car,11,5,5200629.0,2021,6,16,2,3,1,5,0,0,1,0,0,784163.5921,5828032.437,13.18971754,52.52812349,0
3336,212484,car,11,8,8100417.0,2021,6,11,4,3,2,6,0,0,1,0,1,802603.269,5823076.336,13.4562225,52.47378015,0
3337,212485,bike + car,11,3,3400620.0,2021,5,15,3,3,5,3,0,1,1,0,1,797950.9118,5833664.184,13.39741614,52.57124434,0
3338,212486,car,11,9,9300922.0,2021,6,12,1,3,5,3,0,0,1,0,0,808183.3165,5815760.559,13.53137363,52.4050958,0
3339,212487,car,11,8,8301037.0,2021,6,14,1,3,2,6,0,0,1,0,0,804151.0486,5817808.473,13.47414359,52.42570564,0
3340,212489,car + pedestrian,11,6,6200422.0,2021,6,17,1,3,6,2,0,0,1,1,0,794515.7038,5817170.714,13.33229063,52.42525997,0
3341,212490,bike + car,11,2,2300315.0,2021,6,21,1,3,1,5,1,1,1,0,0,800256.8618,5825845.944,13.42427597,52.49990015,0
3342,212491,bike + car,11,1,1300835.0,2021,6,7,3,2,5,3,0,1,1,0,0,796983.5672,5830179.275,13.3800668,52.54053495,1
3343,212492,car,11,4,4200308.0,2021,6,8,3,3,5,3,0,0,1,0,0,789836.3889,5827385.346,13.2725432,52.51933578,0
3344,212494,bike + car,11,4,4501041.0,2021,6,9,2,3,5,7,0,1,1,0,0,792956.4381,5825757.269,13.3169623,52.50307346,0
3345,212495,car + pedestrian,11,3,3400721.0,2021,7,1,7,3,6,2,2,0,1,1,1,797879.004,5833069.571,13.39582427,52.56595381,0
3346,212496,bike + car,11,9,9200715.0,2021,6,13,4,3,5,2,0,1,1,0,0,808207.9399,5818840.293,13.53457089,52.43268303,0
3347,212497,bike + car,11,4,4500936.0,2021,6,15,5,3,1,5,0,1,1,0,0,792215.5131,5825549.451,13.3058953,52.50160772,0
3348,212499,bike + car,11,3,3601245.0,2021,7,20,3,2,5,3,0,1,1,0,0,800770.7764,5831325.521,13.43677955,52.54873181,1
3349,212500,car,11,2,2400623.0,2021,7,9,3,2,5,2,0,0,1,0,0,801206.2052,5827463.356,13.43968236,52.51387417,1
3350,212501,bike,11,2,2200210.0,2021,6,18,3,3,0,7,0,1,0,0,0,799011.8678,5825071.293,13.40529469,52.49364008,0
3351,212503,bike + car,11,7,7400826.0,2021,7,15,1,3,5,2,0,1,1,0,0,796697.7054,5820025.31,13.36682061,52.44967029,0
3352,212505,car + pedestrian,11,11,11300721.0,2021,5,10,6,3,6,3,0,0,1,1,1,804576.2215,5829087.463,13.49067751,52.52655899,0
3353,212506,bike + car,11,6,6300629.0,2021,6,17,6,3,5,2,0,1,1,0,0,792232.6313,5819593.975,13.30092853,52.44820855,0
3354,212507,car + pedestrian,11,5,5200629.0,2021,6,17,4,2,6,2,0,0,1,1,0,784706.2844,5828588.154,13.19817164,52.53282288,1
3355,212509,bike,11,1,1100416.0,2021,6,20,7,3,0,1,0,1,0,0,0,798563.2307,5829229.599,13.40243676,52.53115924,0
3356,212510,bike + car,11,2,2100102.0,2021,6,23,6,3,1,5,2,1,1,0,0,797951.8774,5826271.524,13.39080166,52.50497834,0
3357,212511,car,11,1,1100103.0,2021,5,11,2,3,5,3,0,0,1,0,0,795326.0272,5826174.152,13.35214098,52.50553314,0
3358,212512,bike + car,11,9,9401534.0,2021,6,16,2,3,0,2,0,1,1,0,0,811393.8941,5820154.178,13.58250689,52.4426533,0
3359,212513,bike,11,8,8100418.0,2021,6,19,5,3,5,3,0,1,0,0,0,801970.3682,5824055.027,13.447819,52.48290255,0
3360,212515,bike + car,11,4,4400727.0,2021,7,10,6,3,0,5,0,1,1,0,1,791494.6215,5824379.773,13.29428158,52.49150722,0
3361,212516,bike + car,11,9,9200717.0,2021,7,19,7,3,5,2,0,1,1,0,0,809679.5441,5819053.417,13.5563454,52.43376196,0
3362,212518,bike + car,11,6,6300526.0,2021,6,16,2,3,5,2,0,1,1,0,0,789264.725,5818036.844,13.25603205,52.43582659,0
3363,212519,bike + car,11,4,4500936.0,2021,6,12,4,2,1,5,0,1,1,0,0,792032.5661,5825774.021,13.30340474,52.5037189,1
3364,212521,bike + car,11,8,8100311.0,2021,6,20,7,3,1,5,1,1,1,0,0,800786.7855,5824395.919,13.43074996,52.48661132,0
3365,212523,bike + car,11,1,1200520.0,2021,7,1,7,3,1,5,2,1,1,0,1,794410.9275,5828450.401,13.34071167,52.52643285,0
3366,212524,car + pedestrian,11,9,9300920.0,2021,6,14,4,3,4,7,0,0,1,1,1,809544.5391,5816903.315,13.55237643,52.41456936,0
3367,212525,bike + car,11,9,9200613.0,2021,6,5,5,3,5,2,0,1,1,0,0,806804.3765,5821333.531,13.51627971,52.45581727,0
3368,212530,bike + car,11,1,1300733.0,2021,6,8,4,3,2,2,0,1,1,0,1,797402.4386,5831562.494,13.38746347,52.55270534,0
3369,212535,car + pedestrian,11,2,2400623.0,2021,7,17,7,2,6,4,0,0,1,1,0,800372.4926,5827151.858,13.42715247,52.51154187,1
3370,212536,bike + car,11,4,4200204.0,2021,6,14,7,2,5,3,0,1,1,0,0,786560.8085,5826160.343,13.2233455,52.51008395,1
3371,212537,bike + car,11,8,8100103.0,2021,6,20,6,3,2,6,0,1,1,0,0,800596.0403,5823192.768,13.42686455,52.47593208,0
3372,212539,bike + car,11,12,12500926.0,2021,6,11,3,3,1,5,0,1,1,0,0,793199.3588,5835582.681,13.32920512,52.59102287,0
3373,212540,bike + car,11,8,8200623.0,2021,6,17,5,3,1,5,0,1,1,0,0,802023.5675,5821140.207,13.44596138,52.45674716,0
3374,212541,car,11,2,2300316.0,2021,6,19,6,3,5,3,0,0,1,0,0,800624.9911,5826274.656,13.43006976,52.50354016,0
3375,212542,bike + car,11,7,7601442.0,2021,6,14,2,3,1,5,0,1,1,0,0,798610.4941,5815277.31,13.39064449,52.40606842,0
3376,212543,car + pedestrian,11,6,6300630.0,2021,7,20,5,2,6,4,0,0,1,1,0,793377.0268,5819104.088,13.31728914,52.44320394,1
3377,212544,bike + car,11,7,7200409.0,2021,7,20,3,3,1,5,0,1,1,0,0,795528.7762,5824442.674,13.35358319,52.48990201,0
3378,212545,bike + car,11,1,1401045.0,2021,6,21,3,3,5,2,1,1,1,0,1,796676.8063,5831911.272,13.37710419,52.55622746,0
3379,212546,bike + car,11,7,7300619.0,2021,5,20,2,3,2,6,0,1,1,0,0,795142.8443,5822289.512,13.34600962,52.47080913,0
3380,212548,bike + car,11,4,4501043.0,2021,6,17,4,2,5,2,0,1,1,0,0,792674.4122,5825313.971,13.31242959,52.49925077,1
3381,212549,bike + car,11,4,4300622.0,2021,5,18,5,3,3,2,0,1,1,0,1,793542.3418,5826084.529,13.32585791,52.50569231,0
3382,212551,bike + car,11,2,2300316.0,2021,6,7,6,3,5,3,0,1,1,0,1,800682.474,5826404.124,13.43103101,52.50466895,0
3383,212554,car + pedestrian,11,4,4300414.0,2021,6,11,6,3,6,2,0,0,1,1,0,791746.4094,5827243.136,13.30048862,52.51704237,0
3384,212555,car,11,7,7100204.0,2021,5,18,2,3,2,7,0,0,1,0,0,795709.1259,5824900.282,13.35663779,52.49390643,0
3385,212557,car,11,3,3501038.0,2021,6,15,2,2,2,6,0,0,1,0,0,803354.1058,5831597.994,13.47501029,52.54974153,1
3386,212561,car,11,6,6100204.0,2021,6,12,7,3,2,6,0,0,1,0,0,795437.7767,5820670.573,13.34890585,52.456137,0
3387,212562,bike + car,11,10,10200421.0,2021,7,16,2,3,5,3,0,1,1,0,0,812065.247,5830623.542,13.60215536,52.5360893,0
3388,212564,bike + car,11,6,6400737.0,2021,6,17,4,3,5,3,0,1,1,0,0,784821.1083,5815911.144,13.1890328,52.4190992,0
3389,212566,bike + car,11,7,7601341.0,2021,6,19,1,3,5,3,0,1,1,0,0,797247.117,5815532.195,13.37088768,52.40909509,0
3390,212568,car + pedestrian,11,8,8200730.0,2021,6,14,4,3,6,7,0,0,1,1,0,802234.0033,5817989.746,13.44619961,52.42839268,0
3391,212569,bike + car,11,2,2300417.0,2021,6,19,5,3,1,5,0,1,1,0,0,800611.7008,5825228.977,13.42893076,52.49417473,0
3392,212570,bike + car,11,9,9502043.0,2021,5,20,2,3,5,3,0,1,1,0,0,809220.3308,5823020.642,13.55328499,52.46957556,0
3393,212571,bike,11,2,2100102.0,2021,6,1,5,3,0,1,2,1,0,0,0,798378.4254,5826334.29,13.39712369,52.50530785,0
3394,212573,car + pedestrian,11,6,6300632.0,2021,7,13,3,3,6,4,0,0,1,1,0,791146.1142,5816515.008,13.28230488,52.42118484,0
3395,212574,car,11,12,12100103.0,2021,6,16,4,3,8,1,0,0,1,0,1,795346.1042,5833856.879,13.35926528,52.57439132,0
3396,212576,bike + car,11,1,1100207.0,2021,6,12,7,3,5,3,0,1,1,0,0,797893.5852,5826671.35,13.39030315,52.50859412,0
3397,212577,bike,11,3,3601142.0,2021,7,1,1,3,0,1,2,1,0,0,0,798371.6029,5830966.889,13.40118022,52.54683655,0
3398,212578,bike + car,11,9,9401329.0,2021,6,14,2,3,5,3,0,1,1,0,0,811975.3173,5819352.387,13.59028505,52.43513675,0
3399,212580,bike + car,11,10,10200422.0,2021,6,17,3,3,5,3,0,1,1,0,0,812167.6208,5831026.52,13.60403835,52.5396418,0
3400,212581,bike,11,4,4300620.0,2021,6,18,3,3,0,1,0,1,0,0,0,794168.8174,5827040.91,13.33590669,52.5139283,0
3401,212583,bike + car,11,9,9300920.0,2021,6,14,3,3,5,3,0,1,1,0,0,807727.0947,5817906.922,13.52666156,52.42458864,0
3402,212584,car,11,6,6300526.0,2021,7,18,7,3,5,3,0,0,1,0,0,788369.0508,5817750.829,13.24264632,52.43373526,0
3403,212585,car,11,7,7300618.0,2021,6,12,4,3,5,3,0,0,1,0,1,794900.6224,5822846.027,13.34294603,52.47592877,0
3404,212586,bike + pedestrian,11,7,7200308.0,2021,6,12,4,3,6,4,0,1,0,1,0,795361.6807,5823267.792,13.35008828,52.47946045,0
3405,212587,bike + car,11,6,6200316.0,2021,5,15,1,3,1,5,0,1,1,0,0,796038.4211,5817568.164,13.35497134,52.42800112,0
3406,212588,bike + car,11,11,11400929.0,2021,7,19,3,3,1,5,0,1,1,0,0,805171.9609,5826697.107,13.49723942,52.50480241,0
3407,212589,bike + car,11,6,6100101.0,2021,7,19,2,3,5,3,0,1,1,0,0,792714.3537,5821672.896,13.30981921,52.466588,0
3408,212594,bike + car,11,7,7300515.0,2021,5,9,6,3,5,3,0,1,1,0,1,793902.8276,5822499.164,13.32799166,52.47335713,0
3409,212595,car,11,4,4200311.0,2021,6,18,6,3,2,2,0,0,1,0,0,790490.4041,5826692.647,13.28155017,52.51277769,0
3410,212596,bike + car,11,5,5100315.0,2021,6,8,4,2,5,3,0,1,1,0,0,784358.2689,5830020.962,13.19428118,52.54585118,1
3411,212597,car,11,12,12200515.0,2021,7,20,6,3,5,3,0,0,1,0,0,790138.6932,5835783.1,13.28432686,52.59446091,0
3412,212599,bike + car,11,2,2300314.0,2021,6,18,6,3,2,6,0,1,1,0,0,799874.1357,5825991.922,13.41878619,52.50141907,0
3413,212600,bike + pedestrian,11,8,8100521.0,2021,5,18,2,3,6,4,0,1,0,1,0,803362.5617,5822514.492,13.4668563,52.46832325,0
3414,212601,bike,11,3,3200204.0,2021,6,11,2,3,0,1,0,1,0,0,0,799622.7834,5839969.079,13.42771664,52.6268388,0
3415,212603,bike + car,11,4,4200206.0,2021,6,15,6,3,5,2,0,1,1,0,0,786240.0194,5826006.448,13.21849928,52.50887259,0
3416,212604,car,11,2,2100106.0,2021,7,16,6,3,0,6,2,0,1,0,1,799863.3527,5825697.637,13.41836284,52.49878718,0
3417,212605,bike + car,11,1,1200520.0,2021,7,18,6,3,5,2,0,1,1,0,0,794542.8657,5829070.284,13.34320004,52.53191841,0
3418,212606,bike + car,11,4,4501148.0,2021,7,18,2,3,5,2,0,1,1,0,0,793021.9065,5823391.714,13.3158436,52.48183187,0
3419,212607,bike,11,2,2500836.0,2021,6,21,2,3,0,3,1,1,0,0,0,803126.2684,5825697.723,13.4662828,52.49698542,0
3420,212609,bike + car,11,2,2100104.0,2021,6,18,4,3,5,2,0,1,1,0,0,798928.399,5826354.184,13.40522036,52.50518513,0
3421,212610,car,11,1,1100310.0,2021,5,16,4,3,2,6,0,0,1,0,0,799502.2274,5827569.922,13.41474344,52.5157677,0
3422,212611,bike + car,11,9,9501737.0,2021,6,19,1,3,3,6,0,1,1,0,0,814400.1628,5820789.09,13.62718897,52.44662272,0
3423,212612,bike + car,11,2,2200209.0,2021,6,18,3,3,5,2,0,1,1,0,0,797747.0773,5824596.665,13.38629605,52.49007698,0
3424,212613,bike + car,11,4,4300623.0,2021,6,18,4,3,1,5,0,1,1,0,0,791992.7736,5826118.136,13.30312196,52.50682512,0
3425,212614,bike + car,11,2,2500830.0,2021,6,14,6,3,0,7,0,1,1,0,0,802383.9197,5827444.469,13.45696738,52.51305327,0
3426,212615,bike,11,9,9200715.0,2021,5,18,1,3,0,7,0,1,0,0,0,807616.7851,5819332.449,13.52635573,52.43742657,0
3427,212618,car,11,2,2200209.0,2021,7,10,5,3,2,6,0,0,1,0,1,797107.5952,5824317.31,13.37665627,52.48792127,0
3428,212620,bike,11,2,2200213.0,2021,7,13,7,3,0,7,0,1,0,0,0,800213.072,5824624.682,13.42253229,52.48897758,0
3429,212621,car,11,8,8401244.0,2021,6,16,1,3,5,3,0,0,1,0,0,805920.3297,5816218.728,13.4986301,52.41047113,0
3430,212622,car,11,1,1100101.0,2021,6,3,4,3,9,1,2,0,1,0,0,795119.4528,5826500.179,13.34939531,52.50856752,0
3431,212623,bike + car,11,7,7100102.0,2021,6,14,3,3,5,3,0,1,1,0,0,794963.5639,5825229.694,13.3459796,52.4972628,0
3432,212624,bike + car,11,10,10200525.0,2021,7,12,2,3,5,3,0,1,1,0,1,812925.8163,5830027.826,13.61424107,52.53025771,0
3433,212625,car,11,4,4501043.0,2021,6,15,2,3,1,5,0,0,1,0,0,792886.3761,5824734.415,13.31503357,52.49394151,0
3434,212626,bike + car,11,4,4300414.0,2021,5,16,2,3,5,2,0,1,1,0,0,791755.3171,5827273.985,13.30064658,52.51731417,0
3435,212628,car,11,7,7300515.0,2021,5,8,4,3,5,3,0,0,1,0,0,793481.7995,5822494.248,13.32180647,52.47353944,0
3436,212629,car,11,8,8200726.0,2021,6,17,2,3,5,2,0,0,1,0,0,802369.5023,5819917.824,13.44993045,52.44559952,0
3437,212630,bike + car,11,11,11300722.0,2021,6,8,3,3,5,2,0,1,1,0,0,804243.673,5828690.661,13.48542773,52.52318829,0
3438,212631,car,11,8,8100415.0,2021,6,9,5,3,5,3,0,0,1,0,1,801820.1934,5823629.994,13.4452295,52.47917593,0
3439,212632,bike + car,11,5,5200630.0,2021,6,17,5,2,1,5,0,1,1,0,0,784623.6041,5827267.16,13.1958252,52.521022,1
3440,212633,bike + car,11,1,1200627.0,2021,5,10,2,3,5,3,0,1,1,0,0,795993.9429,5828711.501,13.36421026,52.52791622,0
3441,212634,bike + car,11,10,10300731.0,2021,6,8,5,3,5,3,0,1,1,0,0,808901.1226,5828544.253,13.55372209,52.51925778,0
3442,212635,bike + car,11,11,11100203.0,2021,7,15,5,3,5,2,0,1,1,0,0,807654.0027,5833601.2,13.54008318,52.56528271,0
3443,212636,car,11,3,3601141.0,2021,7,8,5,3,2,6,0,0,1,0,1,799213.9422,5831806.162,13.41432153,52.55389733,0
3444,212637,car,11,2,2400624.0,2021,6,2,7,3,5,3,2,0,1,0,0,801603.31,5827361.479,13.4454241,52.5127416,0
3445,212638,bike + pedestrian,11,9,9100101.0,2021,7,22,1,3,6,7,2,1,0,1,0,801752.573,5825271.098,13.44572258,52.49392276,0
3446,212639,bike + car,11,2,2300314.0,2021,6,9,1,3,1,5,0,1,1,0,0,799955.1026,5826104.443,13.42007677,52.50238314,0
3447,212640,bike + car,11,1,1100103.0,2021,6,14,4,3,5,3,0,1,1,0,0,795886.7211,5826215.599,13.36041464,52.50560089,0
3448,212641,bike + car,11,3,3601450.0,2021,6,15,3,3,5,3,0,1,1,0,0,802208.659,5829873.311,13.4565997,52.53492002,0
3449,212642,bike + car,11,7,7200410.0,2021,6,18,1,3,1,5,0,1,1,0,0,795564.8758,5823446.066,13.35322959,52.48094862,0
3450,212643,bike + car,11,3,3601243.0,2021,6,17,3,3,5,3,0,1,1,0,0,799752.5576,5831712.052,13.42215708,52.55275764,0
3451,212644,car + pedestrian,11,5,5300735.0,2021,6,15,4,3,6,7,0,0,1,1,0,786424.0007,5831257.687,13.22572783,52.55585709,0
3452,212645,bike + car,11,4,4300416.0,2021,6,16,5,3,2,6,0,1,1,0,0,791711.9303,5826229.797,13.29909366,52.50797638,0
3453,212646,car,11,1,1300730.0,2021,5,22,7,3,5,3,2,0,1,0,0,796255.2321,5832161.102,13.37112706,52.55869642,0
3454,212648,bike + car,11,3,3300412.0,2021,7,19,4,3,1,5,0,1,1,0,0,802695.2622,5838302.644,13.47144577,52.61019992,0
3455,212649,bike,11,9,9401534.0,2021,7,14,3,3,5,7,0,1,0,0,0,810872.4751,5820661.613,13.57533232,52.44749739,0
3456,212652,bike + car,11,8,8401241.0,2021,6,15,6,3,5,3,0,1,1,0,0,804047.0679,5819184.494,13.47387026,52.43809655,0
3457,212653,bike + car,11,12,12200515.0,2021,7,17,7,3,5,2,0,1,1,0,0,790566.889,5834487.095,13.28949387,52.58261381,0
3458,212654,car,11,12,12100205.0,2021,6,10,6,2,5,3,0,0,1,0,0,794853.6954,5833052.07,13.35130468,52.56744388,1
3459,212655,bike + pedestrian,11,7,7400927.0,2021,6,11,7,3,6,7,0,1,0,1,0,797997.6256,5821777.244,13.38745584,52.46466743,0
3460,212656,bike + car,11,4,4501147.0,2021,6,17,3,3,2,6,0,1,1,0,0,793337.0775,5824156.623,13.3211445,52.48851979,0
3461,212658,bike + car,11,2,2300316.0,2021,6,18,6,3,5,3,0,1,1,0,0,800734.127,5826517.945,13.43189253,52.50566069,0
3462,212659,bike + car,11,8,8401243.0,2021,6,13,2,3,3,6,0,1,1,0,0,805575.1205,5818616.129,13.49576017,52.43215095,0
3463,212661,bike + car,11,6,6300633.0,2021,6,8,4,3,5,2,0,1,1,0,0,793217.9885,5819625.733,13.31541379,52.44796567,0
3464,212662,car,11,4,4300622.0,2021,5,17,6,3,2,6,0,0,1,0,1,793163.1978,5826876.693,13.32098555,52.51299761,0
3465,212663,car,11,1,1400937.0,2021,7,12,3,3,5,3,0,0,1,0,0,794138.6871,5831512.042,13.33942085,52.55402543,0
3466,212665,car,11,4,4200308.0,2021,6,15,3,3,2,6,0,0,1,0,0,790360.8215,5827303.304,13.28017895,52.51832127,0
3467,212666,car + pedestrian,11,8,8100314.0,2021,5,20,3,3,6,7,1,0,1,1,1,801001.9074,5823918.226,13.43347718,52.48221106,0
3468,212667,bike + car,11,1,1100311.0,2021,7,18,7,3,0,5,0,1,1,0,0,799727.2819,5827762.737,13.41822379,52.51737235,0
3469,212669,bike + car,11,2,2300314.0,2021,5,7,6,3,5,3,0,1,1,0,1,800216.4193,5825989.203,13.42381112,52.50120648,0
3470,212671,bike + car,11,3,3601449.0,2021,6,7,4,2,5,3,0,1,1,0,0,801915.177,5830324.167,13.4526956,52.53912368,1
3471,212672,bike + car,11,1,1100416.0,2021,7,16,6,3,5,3,0,1,1,0,0,798590.0558,5829515.34,13.40308771,52.53370581,0
3472,212673,bike + car,11,4,4501153.0,2021,6,16,6,3,2,6,0,1,1,0,0,794158.5984,5824051.833,13.33311627,52.48713837,0
3473,212675,bike + car,11,8,8100207.0,2021,5,16,2,3,5,3,0,1,1,0,0,801306.9866,5823560.345,13.43763267,52.47883503,0
3474,212677,bike + car,11,2,2100104.0,2021,6,15,5,3,2,6,0,1,1,0,0,799290.9507,5826219.902,13.41042528,52.50378274,0
3475,212678,bike + car,11,7,7100205.0,2021,6,13,6,3,5,2,0,1,1,0,0,796226.0294,5824934.937,13.36426009,52.4939368,0
3476,212680,bike + car,11,1,1300731.0,2021,7,8,5,3,5,3,0,1,1,0,1,797393.8528,5833148.267,13.38875826,52.56692446,0
3477,212681,bike + car,11,2,2100101.0,2021,7,18,2,3,5,2,0,1,1,0,0,797696.1692,5825814.989,13.38663723,52.50102562,0
3478,212682,car,11,7,7501030.0,2021,6,11,2,3,5,2,0,0,1,0,0,798019.162,5819648.38,13.38587191,52.44557276,0
3479,212683,bike,11,6,6400735.0,2021,5,13,2,2,0,1,0,1,0,0,0,780942.654,5816417.592,13.13257757,52.42564535,1
3480,212684,bike + car,11,4,4501045.0,2021,6,18,4,3,5,2,0,1,1,0,0,793703.2835,5824901.188,13.32717869,52.49499759,0
3481,212685,car,11,4,4200203.0,2021,5,11,5,3,8,1,0,0,1,0,1,788159.9492,5827233.064,13.24777253,52.51885898,0
3482,212686,bike + car,11,9,9401534.0,2021,6,13,1,3,1,5,0,1,1,0,0,810841.3529,5820488.318,13.57471463,52.44596208,0
3483,212687,bike + car,11,8,8100206.0,2021,6,23,1,3,1,5,2,1,1,0,0,800340.0349,5824312.548,13.42411529,52.48610997,0
3484,212689,car,11,4,4501148.0,2021,6,7,5,3,2,6,0,0,1,0,1,792776.6692,5823180.315,13.31205704,52.48006827,0
3485,212691,car + pedestrian,11,4,4100101.0,2021,5,10,2,3,6,6,0,0,1,1,0,792320.8463,5829777.308,13.3111582,52.53945287,0
3486,212692,car,11,6,6400838.0,2021,6,17,5,3,5,3,0,0,1,0,0,787676.2945,5819239.108,13.2337655,52.44744355,0
3487,212693,car,11,11,11400927.0,2021,7,17,5,3,2,6,0,0,1,0,1,803503.771,5826622.326,13.47266918,52.50506265,0
3488,212694,bike,11,7,7300517.0,2021,7,19,3,3,5,3,0,1,0,0,0,794013.936,5822307.268,13.32945362,52.47157707,0
3489,212696,car,11,12,12400723.0,2021,6,1,1,2,1,1,2,0,1,0,0,791540.4484,5838595.421,13.30743989,52.6189227,1
3490,212697,bike,11,1,1100207.0,2021,7,18,1,2,0,1,0,1,0,0,0,798679.4423,5827605.622,13.40268637,52.5165389,1
3491,212698,car,11,8,8200726.0,2021,6,15,1,3,8,1,0,0,1,0,0,801428.2045,5820221.118,13.43639631,52.44883776,0
3492,212699,car,11,7,7501031.0,2021,6,9,2,3,2,6,0,0,1,0,0,798827.7997,5819325.926,13.39744604,52.44224101,0
3493,212700,bike + car,11,8,8100102.0,2021,6,13,4,3,3,6,0,1,1,0,0,800538.3804,5823367.033,13.42617519,52.47752582,0
3494,212701,bike + car,11,4,4300619.0,2021,6,16,3,3,2,7,0,1,1,0,0,792929.7422,5827460.336,13.31806907,52.51835518,0
3495,212702,bike + car,11,8,8100312.0,2021,6,0,7,3,0,5,2,1,1,0,0,800966.0747,5824222.353,13.43322568,52.4849568,0
3496,212703,bike + car,11,8,8401241.0,2021,6,20,3,2,5,3,0,1,1,0,0,804304.8149,5819651.577,13.47807555,52.44213958,1
3497,212705,bike + car,11,4,4500937.0,2021,6,16,5,3,2,6,0,1,1,0,0,791557.605,5825089.088,13.29582741,52.49783254,0
3498,212706,car,11,11,11100204.0,2021,5,15,7,3,5,2,0,0,1,0,0,806612.698,5833487.062,13.52466324,52.56484722,0
3499,212710,bike,11,9,9200512.0,2021,6,9,4,2,7,7,0,1,0,0,1,808315.2441,5821807.01,13.53888189,52.45921049,1
3500,212712,car,11,10,10100102.0,2021,6,10,2,3,5,2,0,0,1,0,0,809785.1803,5834076.55,13.57186861,52.56833416,0
3501,212713,car + pedestrian,11,5,5100313.0,2021,6,17,7,3,6,4,0,0,1,1,0,785497.0819,5830977.481,13.21185186,52.55383154,0
3502,212714,bike,11,1,1100415.0,2021,6,9,4,3,0,1,0,1,0,0,0,798290.3113,5829368.483,13.39854998,52.53255357,0
3503,212715,bike,11,1,1100416.0,2021,7,19,7,3,0,1,0,1,0,0,0,798715.635,5829536.34,13.40495247,52.53382524,0
3504,212716,bike + car,11,2,2500833.0,2021,6,18,7,2,1,5,0,1,1,0,0,802366.6782,5827087.306,13.4563896,52.50986159,1
3505,212717,bike + car,11,2,2100104.0,2021,6,14,7,3,5,2,0,1,1,0,1,799326.8857,5826227.88,13.4109603,52.50383454,0
3506,212718,car,11,6,6100101.0,2021,6,13,3,3,5,2,0,0,1,0,0,793156.5697,5820825.201,13.31556562,52.45875155,0
3507,212721,bike + car,11,5,5300841.0,2021,6,14,2,2,5,2,0,1,1,0,0,789689.3957,5829491.977,13.2722185,52.53830015,1
3508,212725,bike,11,1,1100309.0,2021,6,9,4,3,4,5,0,1,0,0,0,798177.284,5828904.221,13.39647221,52.52845391,0
3509,212727,bike + car,11,3,3601142.0,2021,5,18,7,3,5,2,0,1,1,0,0,799180.7404,5831110.348,13.41320634,52.5476787,0
3510,212728,bike + car,11,2,2200211.0,2021,6,15,4,3,2,3,0,1,1,0,0,797960.1786,5824571.611,13.38940297,52.48973614,0
3511,212729,car,11,9,9401329.0,2021,7,16,3,3,5,2,0,0,1,0,0,812095.9145,5819741.053,13.59241614,52.43855095,0
3512,212730,bike + car,11,1,1200626.0,2021,7,18,3,3,5,2,0,1,1,0,0,795123.7221,5828265.482,13.35102391,52.52438981,0
3513,212731,bike + car,11,9,9100408.0,2021,6,14,4,3,5,2,0,1,1,0,1,806735.4549,5820274.535,13.51429606,52.44636486,0
3514,212732,bike + car,11,7,7400927.0,2021,5,6,4,3,0,3,0,1,1,0,0,799355.7106,5820863.055,13.4065672,52.45573062,0
3515,212734,car,11,9,9200715.0,2021,6,6,6,3,5,2,0,0,1,0,0,807407.227,5818315.324,13.52234756,52.42842864,0
3516,212736,bike,11,3,3300517.0,2021,6,16,7,3,5,3,0,1,0,0,0,803373.3914,5833512.452,13.47704372,52.56688942,0
3517,212737,car + pedestrian,11,6,6100103.0,2021,6,13,7,3,6,7,0,0,1,1,0,792735.4257,5821724.893,13.31017413,52.46704286,0
3518,212739,bike + car,11,9,9501939.0,2021,6,7,2,3,5,3,0,1,1,0,0,810896.0862,5821449.099,13.57641159,52.45454109,0
3519,212740,car,11,4,4200311.0,2021,6,13,7,3,2,6,0,0,1,0,0,790526.8628,5825503.163,13.28104776,52.50209446,0
3520,212741,bike + car,11,5,5200631.0,2021,6,15,3,3,2,6,0,1,1,0,0,785131.892,5827149.393,13.20319537,52.51970055,0