,ObjectID,vehicle_types,State,District,LOR_ab_2021,AccidentYear,AccidentMonth,AccidentHour,DayOfWeek,AccidentCategory,AccidentType,AccidentTypeDetail,LightingCondition,InvolvingBike,InvolvingCar,InvolvingPedestrian,RoadCondition,GraphicCoord1,GraphicCoord2,LongitudeWGS84,LatitudeWGS84,accident_outcome
3521,212742,bike + car,11,9,9100101.0,2021,7,20,7,3,1,5,1,1,1,0,0,802694.6855,5825378.316,13.45965454,52.49436212,0
3522,212744,car,11,6,6200421.0,2021,7,12,2,2,5,7,0,0,1,0,0,793170.215,5816509.091,13.31197985,52.4200512,1
3523,212745,bike + car,11,4,4300620.0,2021,6,20,3,3,5,2,1,1,1,0,1,794161.613,5827014.205,13.33577723,52.51369279,0
3524,212746,bike + car,11,7,7400823.0,2021,5,12,3,3,5,3,0,1,1,0,0,797339.9049,5821868.883,13.37788452,52.4658472,0
3525,212747,bike + car,11,7,7400927.0,2021,7,15,1,3,5,3,0,1,1,0,0,798109.966,5821903.181,13.38921707,52.46573503,0
3526,212750,bike + car,11,4,4100101.0,2021,6,18,6,3,5,2,0,1,1,0,0,793351.6447,5829683.116,13.32623028,52.53805455,0
3527,212751,bike + car,11,3,3500932.0,2021,6,7,4,3,5,3,0,1,1,0,0,800939.7606,5832711.388,13.4405205,52.56106016,0
3528,212752,bike + car,11,2,2200209.0,2021,7,16,6,3,5,2,0,1,1,0,0,797751.2439,5824596.898,13.38635744,52.4900768,0
3529,212753,bike,11,9,9200716.0,2021,6,13,6,3,0,1,0,1,0,0,0,808721.5917,5819227.512,13.54245987,52.43586366,0
3530,212754,car,11,7,7601544.0,2021,6,18,6,3,5,2,0,0,1,0,0,799778.8207,5813975.916,13.40660348,52.39376468,0
3531,212755,bike,11,3,3601142.0,2021,5,9,2,3,0,1,0,1,0,0,0,798314.1737,5831155.133,13.40050491,52.54855535,0
3532,212756,car,11,11,11200410.0,2021,6,20,2,3,5,3,0,0,1,0,0,806302.447,5832237.161,13.51894684,52.55382008,0
3533,212757,bike,11,3,3200309.0,2021,6,11,5,2,0,1,0,1,0,0,0,800064.6186,5837442.437,13.43193271,52.60394839,1
3534,212758,bike + car,11,2,2400623.0,2021,6,18,5,3,5,3,0,1,1,0,0,800285.593,5827635.978,13.42631268,52.51592904,0
3535,212759,bike + car,11,10,10100311.0,2021,7,15,6,3,5,3,0,1,1,0,0,807186.3217,5829215.119,13.52914869,52.52623874,0
3536,212760,car,11,5,5300840.0,2021,7,9,6,3,1,7,0,0,1,0,0,789661.4476,5829113.631,13.27147779,52.53492309,0
3537,212761,car,11,8,8100208.0,2021,6,0,4,3,5,3,2,0,1,0,0,801267.0746,5822410.527,13.43600825,52.46855093,0
3538,212764,car,11,9,9502043.0,2021,5,17,1,2,4,6,0,0,1,0,0,809289.4257,5822760.531,13.55405782,52.46720538,1
3539,212767,bike,11,7,7300618.0,2021,6,16,2,3,0,7,0,1,0,0,0,794558.4823,5822193.747,13.33734708,52.47026606,0
3540,212768,bike + car,11,4,4100101.0,2021,6,13,2,3,5,3,0,1,1,0,0,790966.8817,5829723.739,13.29120399,52.53969728,0
3541,212769,bike + car,11,3,3601452.0,2021,6,15,5,3,2,6,0,1,1,0,1,801729.0459,5829185.146,13.44892552,52.5290177,0
3542,212770,bike,11,1,1300836.0,2021,6,8,6,2,0,1,0,1,0,0,0,796338.9157,5830721.604,13.37107304,52.54574732,1
3543,212771,bike + car,11,8,8401242.0,2021,5,16,2,3,5,2,0,1,1,0,0,805041.6253,5817549.805,13.4869648,52.42289153,0
3544,212772,bike + car,11,10,10200417.0,2021,6,13,5,3,5,2,0,1,1,0,0,811333.973,5831846.049,13.59255422,52.54746268,0
3545,212773,bike + car,11,7,7300516.0,2021,7,15,5,2,5,3,0,1,1,0,1,794142.6981,5822089.978,13.33115222,52.46955985,1
3546,212774,car,11,12,12400618.0,2021,7,13,3,3,2,6,0,0,1,0,0,786708.4008,5838533.456,13.23620787,52.62093842,0
3547,212775,bike + car,11,5,5100316.0,2021,7,18,5,3,1,5,0,1,1,0,0,784961.7746,5829180.239,13.2024357,52.53799797,0
3548,212776,bike,11,5,5200632.0,2021,6,12,1,3,0,1,0,1,0,0,0,785611.001,5828057.371,13.21101712,52.52759063,0
3549,212777,car,11,1,1401048.0,2021,6,22,7,3,1,5,2,0,1,0,0,795753.4982,5831167.702,13.36286251,52.55006428,0
3550,212778,car,11,9,9200512.0,2021,7,14,1,3,2,6,0,0,1,0,0,809929.469,5821638.908,13.56240815,52.45679101,0
3551,212781,bike + car,11,9,9501737.0,2021,6,11,4,3,5,2,0,1,1,0,0,814202.7385,5821334.029,13.6248062,52.45161939,0
3552,212785,bike,11,5,5100314.0,2021,6,15,4,3,5,3,0,1,0,0,0,785163.4989,5829607.605,13.20576871,52.54172416,0
3553,212786,bike + car,11,6,6400735.0,2021,6,13,5,3,5,3,0,1,1,0,0,783929.5457,5815911.209,13.17595798,52.41956308,0
3554,212787,bike,11,6,6300528.0,2021,5,15,7,3,5,2,0,1,0,0,0,789901.7178,5815929.767,13.26354984,52.41659856,0
3555,212788,car,11,2,2100106.0,2021,6,13,4,3,5,3,0,0,1,0,0,798582.4532,5825563.581,13.39942972,52.49828786,0
3556,212789,bike + car,11,4,4200308.0,2021,7,14,4,2,5,3,0,1,1,0,0,789830.7975,5827311.568,13.27239675,52.51867731,1
3557,212791,car + pedestrian,11,3,3200310.0,2021,6,10,4,3,6,3,0,0,1,1,1,799928.6826,5838169.346,13.43059025,52.61053879,0
3558,212792,bike,11,9,9301025.0,2021,5,7,4,2,0,1,0,1,0,0,0,810782.362,5815159.307,13.56889955,52.39823869,1
3559,212793,car + pedestrian,11,9,9100304.0,2021,6,10,2,3,6,7,0,0,1,1,0,804881.8298,5822141.211,13.48881132,52.46413198,0
3560,212794,car,11,10,10100313.0,2021,6,14,6,3,5,2,0,0,1,0,0,807804.6386,5830768.486,13.53967248,52.53981117,0
3561,212796,bike + car,11,3,3200206.0,2021,7,10,6,3,5,3,0,1,1,0,0,798100.879,5834696.274,13.40055034,52.58041342,0
3562,212798,car,11,12,12400616.0,2021,6,17,1,2,5,3,0,0,1,0,0,786548.6764,5833207.97,13.22924629,52.57327696,1
3563,212801,bike + car,11,7,7100204.0,2021,6,19,5,2,1,5,1,1,1,0,0,795259.39,5824485.217,13.34966485,52.49042914,1
3564,212802,car + pedestrian,11,1,1100313.0,2021,6,18,6,3,0,4,0,0,1,1,0,799757.8569,5827207.148,13.41817253,52.51237556,0
3565,212803,bike,11,12,12500825.0,2021,6,11,2,3,0,7,0,1,0,0,0,792184.17,5834935.815,13.31369125,52.58577029,0
3566,212804,bike + car,11,9,9100408.0,2021,7,15,6,3,5,3,0,1,1,0,0,806564.9404,5820150.632,13.51168132,52.44535002,0
3567,212806,bike + car,11,9,9502043.0,2021,6,15,3,3,5,2,0,1,1,0,0,811371.7049,5822784.817,13.58463426,52.46624037,0
3568,212807,bike + car,11,3,3601348.0,2021,5,12,2,3,5,3,0,1,1,0,0,799839.0407,5830805.392,13.4226102,52.54458336,0
3569,212809,bike + car,11,5,5200629.0,2021,6,15,4,3,5,2,0,1,1,0,0,784561.249,5828218.304,13.19572262,52.52958254,0
3570,212810,bike + car,11,1,1400937.0,2021,5,14,5,3,0,2,0,1,1,0,0,794116.5534,5831499.902,13.33908457,52.55392855,0
3571,212811,bike + car,11,4,4300416.0,2021,6,9,2,3,5,2,0,1,1,0,0,791879.0274,5826436.316,13.30172981,52.50973842,0
3572,212813,car + pedestrian,11,8,8200622.0,2021,6,20,6,3,6,4,0,0,1,1,0,801322.6665,5821706.795,13.43618874,52.46221252,0
3573,212815,car,11,9,9200715.0,2021,6,19,6,3,5,2,1,0,1,0,0,809065.7083,5818189.186,13.54654618,52.42636389,0
3574,212816,bike + car,11,3,3400722.0,2021,6,15,6,2,1,5,0,1,1,0,0,798646.9978,5833923.864,13.40789042,52.5731905,1
3575,212817,car + pedestrian,11,2,2500831.0,2021,5,11,2,3,6,2,0,0,1,1,0,802853.5274,5827217.888,13.46366014,52.51076192,0
3576,212819,car + pedestrian,11,10,10400940.0,2021,6,15,6,2,6,4,0,0,1,1,0,812780.342,5826729.665,13.60900337,52.5007862,1
3577,212821,car,11,4,4200311.0,2021,6,18,4,3,3,6,0,0,1,0,1,790728.4834,5826716.24,13.28506918,52.51286235,0
3578,212822,bike,11,1,1100415.0,2021,6,10,7,3,0,1,0,1,0,0,0,798290.4048,5829368.498,13.39855136,52.53255365,0
3579,212823,bike + car,11,4,4501152.0,2021,7,19,2,3,0,2,0,1,1,0,0,794334.6467,5824545.163,13.33613723,52.49146592,0
3580,212824,car + pedestrian,11,1,1200520.0,2021,6,14,2,3,6,2,0,0,1,1,0,794554.637,5829073.303,13.34337575,52.53193911,0
3581,212825,car,11,6,6200423.0,2021,6,21,4,3,1,5,1,0,1,0,0,793792.5346,5816250.175,13.32087744,52.41739636,0
3582,212826,car,11,2,2100104.0,2021,6,0,3,3,5,3,2,0,1,0,0,798833.549,5826136.98,13.40363212,52.50329016,0
3583,212828,car,11,3,3500933.0,2021,6,23,3,3,2,6,2,0,1,0,0,802428.7664,5832556.934,13.46227853,52.55885087,0
3584,212830,bike + pedestrian,11,4,4100101.0,2021,6,9,3,3,6,7,0,1,0,1,0,791230.0936,5829730.91,13.2950803,52.53962096,0
3585,212832,car,11,7,7400823.0,2021,7,19,1,2,5,3,0,0,1,0,0,797358.2972,5822000.408,13.37827167,52.46701617,1
3586,212833,bike + car,11,1,1100310.0,2021,6,11,4,3,1,5,0,1,1,0,0,799032.8497,5828488.588,13.40867279,52.52425976,0
3587,212834,bike + pedestrian,11,5,5200634.0,2021,5,15,6,3,6,7,0,1,0,1,0,785050.846,5826304.019,13.20127985,52.51216331,0
3588,212837,bike + car,11,1,1200520.0,2021,6,18,5,3,1,5,0,1,1,0,0,794145.9501,5828660.058,13.33700257,52.52845533,0
3589,212841,car,11,5,5100317.0,2021,6,13,5,3,5,3,0,0,1,0,0,785732.4466,5828381.442,13.21308097,52.53043255,0
3590,212844,bike + car,11,2,2200213.0,2021,7,8,4,3,5,2,0,1,1,0,0,800161.4121,5825069.705,13.42217462,52.49299491,0
3591,212845,bike + car,11,1,1100309.0,2021,7,16,6,2,5,2,0,1,1,0,0,797990.5063,5828910.358,13.39373257,52.52861105,1
3592,212848,bike + car,11,8,8100312.0,2021,6,17,2,3,2,6,0,1,1,0,0,801146.8413,5824883.462,13.43647707,52.49078281,0
3593,212849,car,11,5,5300735.0,2021,5,21,1,3,5,3,2,0,1,0,0,786436.2805,5831177.231,13.22583903,52.5551293,0
3594,212851,car,11,12,12500929.0,2021,5,16,5,3,2,6,0,0,1,0,1,793760.1261,5837705.771,13.33934311,52.60975221,0
3595,212852,car,11,1,2400623.0,2021,6,22,1,3,2,6,2,0,1,0,0,800182.6589,5827344.52,13.42453739,52.51337327,0
3596,212854,bike + pedestrian,11,5,5100208.0,2021,6,12,5,3,6,4,0,1,0,1,1,781518.8222,5830307.723,13.15276265,52.54989718,0
3597,212855,bike + car,11,4,4300621.0,2021,6,17,5,3,5,7,0,1,1,0,0,792025.5329,5827293.705,13.30463482,52.51734632,0
3598,212856,bike + car,11,3,3601140.0,2021,5,20,1,3,0,7,0,1,1,0,0,798505.6135,5831510.254,13.40363906,52.55163362,0
3599,212857,car,11,9,9501941.0,2021,6,15,5,3,5,3,0,0,1,0,0,811402.1495,5821153.51,13.58355941,52.45160411,0
3600,212858,bike + car,11,2,2100106.0,2021,7,2,5,3,5,3,2,1,1,0,0,799840.1062,5825700.165,13.4180237,52.49882261,0
3601,212859,car,11,1,1300836.0,2021,7,15,3,3,3,6,0,0,1,0,0,797348.928,5831183.668,13.38633731,52.54933885,0
3602,212861,bike + car,11,2,2300314.0,2021,5,12,3,3,1,5,0,1,1,0,1,799749.0363,5826040.446,13.41699242,52.50192274,0
3603,212863,bike + car,11,3,3300516.0,2021,7,20,1,2,5,3,0,1,1,0,0,800575.825,5832886.901,13.43532693,52.56283432,1
3604,212864,bike + car,11,3,3500933.0,2021,6,13,1,3,5,3,0,1,1,0,0,802100.6294,5832474.258,13.45737761,52.55829199,0
3605,212865,car + pedestrian,11,10,10200418.0,2021,6,7,2,3,6,4,0,0,1,1,0,811042.0168,5830917.682,13.58739331,52.53931007,0
3606,212867,car,11,10,10100205.0,2021,6,8,4,3,5,2,0,0,1,0,0,808073.2022,5832316.401,13.54505562,52.55353157,0
3607,212868,bike + car,11,1,1100206.0,2021,6,23,7,3,5,2,2,1,1,0,0,797160.0456,5827688.255,13.38043481,52.51810961,0
3608,212870,bike + car,11,1,1100415.0,2021,7,10,7,3,1,5,0,1,1,0,1,798361.9684,5829288.75,13.39953167,52.53179965,0
3609,212871,bike + car,11,1,1300836.0,2021,6,21,4,3,5,3,0,1,1,0,0,796932.6182,5830175.818,13.37931467,52.54053173,0
3610,212873,car,11,7,7400826.0,2021,5,17,7,3,5,3,0,0,1,0,0,797105.7928,5820320.998,13.37307092,52.45209924,0
3611,212874,bike + car,11,1,1401046.0,2021,6,18,4,3,1,5,0,1,1,0,0,795356.4639,5830248.481,13.35620656,52.54203969,0
3612,212875,car,11,8,8200725.0,2021,7,10,4,3,2,6,0,0,1,0,1,801241.3891,5819672.321,13.43316089,52.44402167,0
3613,212876,car,11,5,5300840.0,2021,7,14,2,3,5,7,0,0,1,0,0,787943.4041,5829293.799,13.24637471,52.5374488,0
3614,212878,car,11,4,4300619.0,2021,5,23,3,3,5,3,2,0,1,0,0,792153.8899,5827387.855,13.30660375,52.5181216,0
3615,212879,car,11,7,7601442.0,2021,6,12,4,2,5,2,0,0,1,0,0,799270.5108,5816270.394,13.40120577,52.41460989,1
3616,212880,bike,11,12,12200413.0,2021,6,14,6,2,3,7,0,1,0,0,0,789430.1232,5833761.1,13.27212927,52.57671114,1
3617,212881,bike + car,11,8,8100312.0,2021,6,9,4,3,5,3,0,1,1,0,0,801267.5826,5824580.388,13.43797604,52.48799967,0
3618,212882,bike + car,11,1,1300733.0,2021,7,22,6,3,5,7,2,1,1,0,0,797479.0015,5831273.351,13.38833032,52.55007173,0
3619,212884,bike + car,11,1,1100312.0,2021,6,13,6,3,1,5,0,1,1,0,0,799013.7468,5827060.494,13.40710852,52.51146943,0
3620,212885,car,11,10,10300731.0,2021,6,18,3,2,1,5,0,0,1,0,0,809505.9563,5829698.487,13.56368181,52.52925869,1
3621,212888,car + pedestrian,11,8,8401244.0,2021,6,7,6,3,6,4,0,0,1,1,0,805722.8197,5816779.847,13.49624783,52.41561056,0
3622,212891,bike + car,11,5,5400942.0,2021,7,7,3,3,3,6,0,1,1,0,0,782748.4874,5820934.095,13.16288748,52.4652126,0
3623,212892,car,11,9,9300920.0,2021,6,14,3,3,5,3,0,0,1,0,0,807950.9215,5817687.11,13.52974055,52.42249272,0
3624,212893,car + pedestrian,11,1,1200625.0,2021,5,18,1,3,6,4,0,0,1,1,0,794707.7781,5828855.681,13.34543392,52.52990551,0
3625,212896,bike + car,11,3,3601244.0,2021,5,10,5,3,5,3,0,1,1,0,0,800216.9414,5831589.528,13.42887497,52.55140366,0
3626,212897,bike + car,11,7,7300515.0,2021,6,18,2,3,5,2,0,1,1,0,0,793640.8564,5822284.239,13.32395663,52.4715713,0
3627,212898,car,11,1,1100102.0,2021,6,10,3,3,5,3,0,0,1,0,0,795051.036,5827187.929,13.34899989,52.51476969,0
3628,212899,bike + car,11,3,3400725.0,2021,6,15,6,3,5,3,0,1,1,0,0,798981.9618,5835031.615,13.41381744,52.58293581,0
3629,212902,bike + car,11,5,5200634.0,2021,6,18,5,2,2,6,0,1,1,0,0,783846.7255,5826214.579,13.1835079,52.51198933,1
3630,212904,car,11,4,4501045.0,2021,7,10,5,3,5,3,0,0,1,0,1,793965.8395,5824961.74,13.33108841,52.49539907,0
3631,212905,car,11,1,1100310.0,2021,6,7,7,3,5,3,0,0,1,0,0,799505.7464,5828828.261,13.4159282,52.52704483,0
3632,212906,car,11,5,5300736.0,2021,7,12,7,3,2,6,0,0,1,0,0,785994.1673,5829208.038,13.21763994,52.53770637,0
3633,212907,bike,11,3,3701556.0,2021,6,20,2,3,0,1,0,1,0,0,0,799801.6951,5829555.838,13.42093371,52.53340371,0
3634,212911,car,11,2,2200207.0,2021,6,18,7,2,8,1,0,0,1,0,0,797089.3246,5824712.008,13.37673987,52.49146928,1
3635,212915,car,11,12,12500927.0,2021,6,16,5,3,2,6,0,0,1,0,0,792833.2628,5836817.206,13.32490804,52.6022869,0
3636,212916,bike + car,11,8,8100312.0,2021,5,11,6,3,1,5,0,1,1,0,0,801218.2271,5824278.301,13.43697835,52.48531922,0
3637,212919,bike,11,2,2500833.0,2021,7,23,3,3,0,1,2,1,0,0,0,802499.1178,5827042.595,13.45829449,52.50938742,0
3638,212920,car,11,5,5100313.0,2021,6,15,4,3,2,6,0,0,1,0,1,785330.6226,5830784.372,13.20923737,52.5521874,0
3639,212922,car,11,3,3601243.0,2021,6,17,7,3,2,6,0,0,1,0,0,799254.8304,5831770.134,13.41489034,52.55355194,0
3640,212924,car,11,3,3601245.0,2021,6,5,7,2,5,3,0,0,1,0,0,800324.0227,5831578.151,13.43043924,52.55124267,1
3641,212926,bike,11,2,2200208.0,2021,6,12,3,2,0,7,0,1,0,0,0,797736.1781,5824925.026,13.38642941,52.49302631,1
3642,212927,bike + car,11,1,1300835.0,2021,6,15,2,3,5,3,0,1,1,0,0,797758.7242,5829748.014,13.39107632,52.53624623,0
3643,212928,bike + car,11,8,8100105.0,2021,6,11,6,3,5,2,0,1,1,0,0,801120.0938,5821898.433,13.43338898,52.46404189,0
3644,212929,bike + car,11,3,3100103.0,2021,6,10,2,2,1,5,0,1,1,0,0,804044.2144,5840900.772,13.49369502,52.63273243,1
3645,212930,car + pedestrian,11,4,4100101.0,2021,7,21,7,2,5,2,2,0,1,1,0,790311.5873,5829190.282,13.28110295,52.53526434,1
3646,212932,car,11,1,1300834.0,2021,5,12,6,3,5,2,0,0,1,0,0,797902.024,5830301.793,13.3936793,52.54113182,0
3647,212933,bike,11,1,1100102.0,2021,7,18,3,2,0,7,0,1,0,0,0,795210.6921,5827267.278,13.35141622,52.51539461,1
3648,212934,bike + car,11,12,12200308.0,2021,7,12,2,3,1,5,0,1,1,0,0,792329.9559,5833701.599,13.31474843,52.57462777,0
3649,212935,car + pedestrian,11,5,5300840.0,2021,6,16,3,3,6,4,0,0,1,1,0,788607.216,5829345.734,13.2561799,52.53756326,0
3650,212942,bike,11,1,1300836.0,2021,5,12,1,3,0,1,0,1,0,0,0,796939.0735,5830139.655,13.37937725,52.54020404,0
3651,212950,car,11,8,8200624.0,2021,6,17,2,3,2,6,0,0,1,0,0,800577.9592,5820561.203,13.42422908,52.45235421,0
3652,212951,bike,11,1,1401046.0,2021,6,17,7,3,0,7,0,1,0,0,0,794723.3701,5830007.721,13.34668473,52.54022427,0
3653,212952,bike + car,11,4,4100102.0,2021,6,18,3,3,5,3,0,1,1,0,0,791396.2414,5829721.681,13.29751507,52.5394494,0
3654,212953,car,11,5,5100208.0,2021,6,19,3,3,2,6,0,0,1,0,0,781396.6392,5830734.401,13.15132709,52.55378613,0
3655,212954,bike + car,11,3,3400619.0,2021,6,14,6,3,5,2,0,1,1,0,0,796025.6948,5835716.358,13.37092513,52.59069029,0
3656,212961,bike,11,9,9200614.0,2021,7,8,2,3,0,1,0,1,0,0,1,808407.4546,5820880.14,13.53937873,52.45085182,0
3657,212962,car,11,5,5100105.0,2021,6,14,3,3,2,6,0,0,1,0,0,784867.5736,5831121.941,13.20271608,52.55545639,0
3658,212963,car,11,1,1401045.0,2021,5,17,3,3,2,6,0,0,1,0,1,796732.1634,5831949.259,13.37795228,52.55653782,0
3659,212965,car,11,12,12200413.0,2021,6,16,4,3,5,3,0,0,1,0,0,790214.2363,5834031.251,13.28390453,52.57871543,0
3660,212966,bike + car,11,1,1100206.0,2021,5,8,6,3,5,3,0,1,1,0,0,797754.8126,5827447.02,13.38895845,52.51562282,0
3661,212967,bike + car,11,2,2300418.0,2021,6,19,6,3,1,5,0,1,1,0,0,801173.7947,5825150.465,13.4371142,52.49316115,0
3662,212968,bike + car,11,8,8100419.0,2021,6,14,3,3,5,3,0,1,1,0,0,802397.2854,5824036.202,13.4540695,52.48249756,0
3663,212970,car + pedestrian,11,8,8100314.0,2021,6,15,7,3,6,4,0,0,1,1,0,801000.9443,5823919.097,13.43346382,52.4822194,0
3664,212971,car,11,4,4200308.0,2021,6,13,6,3,5,2,0,0,1,0,0,790318.0459,5827616.614,13.27982376,52.52115289,0
3665,212972,bike + car,11,8,8100102.0,2021,5,9,2,3,2,6,0,1,1,0,0,800472.1444,5823604.288,13.42541665,52.47968887,0
3666,212974,car,11,1,1100103.0,2021,6,15,5,3,5,2,0,0,1,0,0,795188.6245,5825887.483,13.3498683,52.50303773,0
3667,212975,car,11,1,1100308.0,2021,6,9,6,3,5,3,0,0,1,0,0,796929.8362,5828125.256,13.37744215,52.52215224,0
3668,212976,car,11,1,1100309.0,2021,7,21,5,3,2,6,1,0,1,0,0,798802.8509,5829063.528,13.40580945,52.52953936,0
3669,212978,car,11,7,7400823.0,2021,6,7,2,3,5,2,0,0,1,0,0,797351.6483,5821926.578,13.37810829,52.46635798,0
3670,212980,car,11,9,9100304.0,2021,6,17,4,3,5,2,0,0,1,0,0,804384.4715,5821738.559,13.48114581,52.46080039,0
3671,212981,car,11,10,10300733.0,2021,5,14,5,3,5,2,0,0,1,0,1,808915.3507,5827229.345,13.55271056,52.50746582,0
3672,212982,bike,11,8,8100520.0,2021,6,8,2,3,5,3,0,1,0,0,0,802763.605,5822963.283,13.45847328,52.47267801,0
3673,212983,car,11,3,3601450.0,2021,6,11,2,3,0,3,0,0,1,0,0,802322.661,5829209.437,13.45767156,52.52890654,0
3674,212985,car,11,12,12100205.0,2021,6,20,5,3,0,7,0,0,1,0,0,794903.0486,5833076.411,13.35205237,52.56763535,0
3675,212988,bike + car,11,1,1300835.0,2021,7,13,5,3,5,2,0,1,1,0,0,797763.5978,5829744.365,13.39114469,52.53621086,0
3676,212989,bike,11,2,2400625.0,2021,7,19,5,2,3,6,1,1,0,0,1,801703.5573,5826155.251,13.44580365,52.50187462,1
3677,212992,car,11,12,12400721.0,2021,6,9,2,3,5,3,0,0,1,0,0,790129.6312,5842628.8,13.29020148,52.65583623,0
3678,212993,car,11,6,6100205.0,2021,6,15,4,3,2,6,0,0,1,0,0,796211.5984,5819783.826,13.35947442,52.44776917,0
3679,212994,bike + car,11,4,4501041.0,2021,6,18,3,3,5,2,0,1,1,0,0,792949.8228,5825354.467,13.31651076,52.49946602,0
3680,212995,bike + car,11,8,8100209.0,2021,6,14,1,3,5,2,0,1,1,0,0,801250.4374,5822221.538,13.43559345,52.46686614,0
3681,212996,bike + car,11,12,12100101.0,2021,6,8,3,3,0,2,0,1,1,0,0,796676.4016,5832784.407,13.3778788,52.56405434,0
3682,212997,bike + car,11,9,9200715.0,2021,6,17,5,3,5,3,0,1,1,0,0,809383.4399,5818466.091,13.55146034,52.42866594,0
3683,212998,bike + car,11,7,7300517.0,2021,6,13,5,3,2,6,0,1,1,0,0,794538.3966,5822539.907,13.33735788,52.47338002,0
3684,212999,car,11,11,11300721.0,2021,5,17,6,3,5,3,0,0,1,0,0,804596.2041,5829930.447,13.49174349,52.53410308,0
3685,213001,bike + car,11,8,8100206.0,2021,6,23,4,3,1,5,2,1,1,0,0,800643.3907,5823781.112,13.42809006,52.48117957,0
3686,213003,bike + car,11,12,12400619.0,2021,7,8,3,3,2,6,0,1,1,0,0,789439.6299,5836227.366,13.27442376,52.59881627,0
3687,213004,car,11,12,12500928.0,2021,6,13,4,3,2,6,0,0,1,0,1,791445.5022,5836596.791,13.30428095,52.60105664,0
3688,213006,bike + car,11,4,4400835.0,2021,6,17,7,3,1,5,0,1,1,0,0,793264.6381,5822278.518,13.31842877,52.47172213,0
3689,213007,car,11,8,8401241.0,2021,7,6,7,3,4,6,0,0,1,0,0,803827.5347,5818841.493,13.47033889,52.43514426,0
3690,213009,bike + car,11,7,7501029.0,2021,6,16,2,3,5,2,0,1,1,0,0,797336.8725,5818662.131,13.37498516,52.43710343,0
3691,213011,bike + car,11,10,10300734.0,2021,6,11,3,2,5,3,0,1,1,0,0,809586.9703,5823957.692,13.55953489,52.47776554,1
3692,213012,bike + car,11,7,7400823.0,2021,6,16,6,2,5,2,0,1,1,0,0,797235.626,5820709.561,13.37532173,52.45551174,1
3693,213016,car,11,8,8100314.0,2021,5,11,6,3,1,5,0,0,1,0,0,801240.2463,5823875.131,13.43693732,52.48169336,0
3694,213017,bike + car,11,4,4300619.0,2021,7,15,3,3,5,2,0,1,1,0,0,792748.4388,5827036.13,13.31503146,52.51464968,0
3695,213018,car + pedestrian,11,10,10300734.0,2021,7,16,2,3,6,4,0,0,1,1,0,809709.2937,5826232.177,13.56344378,52.49807944,0
3696,213022,car,11,4,4501040.0,2021,6,12,4,3,2,6,0,0,1,0,0,792720.4146,5825927.384,13.31364456,52.50472516,0
3697,213023,bike + car,11,1,1200518.0,2021,5,13,6,3,0,5,0,1,1,0,0,793504.4939,5828516.808,13.32744758,52.5275169,0
3698,213024,car,11,6,6300528.0,2021,6,7,6,3,2,6,0,0,1,0,1,790605.7268,5815210.514,13.27324795,52.40977689,0
3699,213026,car,11,9,9100304.0,2021,7,19,6,3,2,7,0,0,1,0,0,805241.991,5821798.849,13.49378322,52.46086246,0
3700,213030,car,11,12,12601031.0,2021,6,10,2,3,2,6,0,0,1,0,0,793153.9396,5836803.227,13.32961709,52.60198878,0
3701,213031,bike,11,1,1400937.0,2021,6,18,5,3,0,1,0,1,0,0,0,793343.705,5830146.811,13.32652295,52.54221562,0
3702,213032,bike + car,11,1,1300732.0,2021,7,8,6,3,5,2,0,1,1,0,1,797336.7754,5832357.128,13.38720966,52.55986408,0
3703,213033,car,11,10,10400835.0,2021,7,8,6,3,5,3,0,0,1,0,0,811784.1279,5828726.825,13.59624564,52.51925332,0
3704,213034,car,11,7,7501133.0,2021,7,11,2,2,5,3,0,0,1,0,1,798376.9328,5818418.132,13.39002203,52.43434986,1
3705,213037,bike + car,11,5,5300736.0,2021,6,15,4,3,5,2,0,1,1,0,0,786160.1554,5829142.033,13.22002376,52.53702745,0
3706,213039,bike + car,11,6,6200313.0,2021,6,19,2,3,1,5,0,1,1,0,0,795301.3773,5818050.705,13.34458881,52.43272515,0
3707,213040,bike,11,8,8200624.0,2021,6,17,2,3,0,1,0,1,0,0,0,801314.0397,5820411.147,13.43489293,52.45060398,0
3708,213041,car,11,1,1300836.0,2021,6,9,3,3,5,2,0,0,1,0,0,796796.261,5829974.663,13.3771303,52.53880287,0
3709,213042,car + pedestrian,11,12,12200412.0,2021,6,18,5,3,6,4,0,0,1,1,1,790040.8903,5833682.728,13.28104859,52.57568335,0
3710,213043,car + pedestrian,11,7,7501031.0,2021,6,8,6,3,6,4,0,0,1,1,0,798415.4418,5819665.683,13.39170073,52.44551173,0
3711,213044,bike + car,11,6,6300629.0,2021,5,14,1,2,5,3,0,1,1,0,0,791772.4937,5819267.85,13.2938923,52.4455306,1
3712,213046,car,11,7,7601544.0,2021,6,8,4,3,5,2,0,0,1,0,0,799790.8225,5813977.059,13.40678035,52.39376836,0
3713,213047,bike + car,11,3,3400828.0,2021,7,19,6,3,5,3,0,1,1,0,0,800116.3336,5831764.218,13.42755351,52.5530249,0
3714,213048,car,11,2,2400522.0,2021,6,15,6,3,2,6,0,0,1,0,0,802115.7183,5827735.367,13.45329133,52.51580921,0
3715,213051,bike + pedestrian,11,3,3500936.0,2021,6,14,2,3,6,4,0,1,0,1,0,802223.095,5831555.852,13.45834253,52.54999247,0