,ObjectID,vehicle_types,State,District,LOR_ab_2021,AccidentYear,AccidentMonth,AccidentHour,DayOfWeek,AccidentCategory,AccidentType,AccidentTypeDetail,LightingCondition,InvolvingBike,InvolvingCar,InvolvingPedestrian,RoadCondition,GraphicCoord1,GraphicCoord2,LongitudeWGS84,LatitudeWGS84,accident_outcome
3716,213052,car + pedestrian,11,4,4300622.0,2021,6,17,5,3,6,4,0,0,1,1,0,793319.633,5826693.569,13.32312275,52.51127188,0
3717,213054,car,11,10,10100312.0,2021,7,22,6,3,5,2,2,0,1,0,1,807673.9717,5830165.939,13.53719405,52.53448497,0
3718,213056,car + pedestrian,11,2,2500835.0,2021,7,20,2,2,6,4,0,0,1,1,0,802037.9221,5826154.11,13.45071356,52.50167943,1
3719,213057,car,11,7,7100102.0,2021,6,22,2,3,1,7,2,0,1,0,0,794971.3457,5825319.297,13.34617324,52.49806183,0
3720,213061,bike + car,11,3,3601245.0,2021,6,8,2,3,1,5,0,1,1,0,0,800418.6451,5830809.537,13.43113532,52.54430124,0
3721,213063,bike,11,9,9401534.0,2021,6,12,5,3,5,3,0,1,0,0,0,811052.9469,5820289.282,13.57763263,52.44405808,0
3722,213064,car,11,4,4300416.0,2021,6,13,6,3,5,3,0,0,1,0,0,791753.3942,5826431.149,13.29987935,52.5097593,0
3723,213065,bike + car,11,11,11400928.0,2021,5,19,1,3,1,5,0,1,1,0,0,804751.4625,5825973.581,13.49040122,52.49855279,0
3724,213066,car + pedestrian,11,6,6100206.0,2021,6,7,5,3,6,2,0,0,1,1,0,795062.3623,5819627.923,13.34247577,52.44699303,0
3725,213069,bike + car,11,1,1100205.0,2021,7,9,5,3,5,3,0,1,1,0,1,796975.1098,5826858.78,13.37697703,52.51077499,0
3726,213070,bike,11,8,8100417.0,2021,6,13,7,3,3,6,0,1,0,0,0,802572.5296,5823098.616,13.45579152,52.47399688,0
3727,213071,car,11,4,4501153.0,2021,7,9,1,3,5,2,0,0,1,0,0,794007.2653,5824069.55,13.3309096,52.4873787,0
3728,213072,bike,11,4,4400726.0,2021,6,3,1,2,0,1,2,1,0,0,0,790697.0193,5825012.485,13.28311918,52.49760488,1
3729,213073,bike + pedestrian,11,11,11200411.0,2021,6,17,2,3,6,4,0,1,0,1,0,804917.8507,5831374.156,13.49779572,52.54686237,0
3730,213074,bike + car,11,1,1300836.0,2021,6,16,4,3,1,5,0,1,1,0,0,796658.7148,5830467.135,13.37554795,52.54329224,0
3731,213075,car,11,12,12100205.0,2021,6,17,3,3,2,6,0,0,1,0,0,794079.371,5835358.311,13.34195916,52.58853648,0
3732,213076,bike + car,11,1,1200520.0,2021,6,17,7,3,1,5,0,1,1,0,0,794111.1633,5828464.698,13.33631844,52.52672281,0
3733,213077,car + pedestrian,11,1,1100313.0,2021,6,9,4,3,6,4,0,0,1,1,0,800064.2572,5826408.192,13.42195378,52.50504575,0
3734,213079,bike + car,11,3,3701554.0,2021,6,10,5,3,5,2,0,1,1,0,0,799097.5074,5829119.421,13.41019042,52.52987877,0
3735,213080,car + pedestrian,11,8,8100310.0,2021,5,13,6,3,6,2,0,0,1,1,1,800375.2307,5825114.345,13.42535477,52.49327742,0
3736,213081,car + pedestrian,11,3,3300411.0,2021,6,16,2,3,6,4,0,0,1,1,0,803884.6367,5839166.068,13.48974989,52.61727467,0
3737,213082,bike + car,11,3,3601453.0,2021,6,17,4,3,5,2,0,1,1,0,0,802889.4415,5828631.324,13.46547446,52.5234104,0
3738,213083,car,11,6,6400844.0,2021,7,8,4,3,5,3,0,0,1,0,1,790557.5814,5820948.448,13.27752943,52.46124449,0
3739,213084,bike + car,11,3,3500934.0,2021,7,16,3,2,5,2,0,1,1,0,0,801151.0275,5831615.444,13.44263339,52.55112034,1
3740,213086,car,11,12,12100205.0,2021,5,17,4,3,5,2,0,0,1,0,0,793798.151,5832738.869,13.33549867,52.56520695,0
3741,213088,car,11,4,4200308.0,2021,7,11,7,3,5,3,0,0,1,0,0,789830.8149,5827311.564,13.272397,52.51867727,0
3742,213089,car,11,4,4300620.0,2021,6,12,6,3,2,2,0,0,1,0,0,794160.2497,5827009.152,13.33575273,52.51364823,0
3743,213090,car + pedestrian,11,10,10200417.0,2021,6,14,7,3,6,4,0,0,1,1,1,811315.2905,5831726.45,13.59216749,52.54640161,0
3744,213091,car,11,12,12500824.0,2021,6,11,3,3,5,2,0,0,1,0,0,790689.5822,5835381.476,13.29208427,52.59056625,0
3745,213092,car,11,10,10400835.0,2021,6,18,3,3,5,3,0,0,1,0,0,812422.694,5829360.839,13.6062217,52.52456934,0
3746,213093,bike + car,11,7,7300619.0,2021,6,12,6,3,5,2,0,1,1,0,0,794988.2926,5822318.931,13.34376695,52.47115633,0
3747,213094,car,11,5,5100101.0,2021,6,14,2,3,5,3,0,0,1,0,0,784054.0522,5832424.08,13.19186369,52.56755635,0
3748,213095,bike + car,11,1,1300834.0,2021,7,16,7,2,2,6,0,1,1,0,0,798100.2854,5830880.524,13.39711341,52.54621093,1
3749,213096,car + pedestrian,11,12,12500824.0,2021,7,10,3,3,6,4,0,0,1,1,0,790892.2746,5836114.045,13.29571134,52.5970252,0
3750,213097,car,11,9,9200613.0,2021,7,8,2,2,2,6,0,0,1,0,1,805919.8503,5821832.456,13.50376005,52.46078464,1
3751,213098,car,11,2,2200210.0,2021,6,8,3,3,5,3,0,0,1,0,0,798296.7402,5824810.952,13.39455945,52.49169773,0
3752,213100,bike + car,11,3,3601142.0,2021,7,13,1,3,5,2,0,1,1,0,0,799186.2605,5831223.831,13.41338974,52.54869286,0
3753,213101,car,11,12,12100205.0,2021,6,13,4,3,2,6,0,0,1,0,0,795228.7458,5833266.532,13.35701299,52.56916308,0
3754,213102,bike + car,11,6,6100209.0,2021,5,8,6,3,5,3,0,1,1,0,1,794643.1091,5821072.644,13.33759947,52.46017032,0
3755,213103,car,11,4,4400832.0,2021,6,14,6,3,2,6,0,0,1,0,0,791533.1873,5821987.906,13.29275651,52.47004362,0
3756,213104,car,11,5,5200629.0,2021,6,7,4,3,5,3,0,0,1,0,0,783882.3678,5828698.377,13.18615192,52.53424093,0
3757,213106,bike + car,11,2,2500833.0,2021,6,19,6,3,5,3,0,1,1,0,0,802351.98,5827086.415,13.45617287,52.50986175,0
3758,213109,bike + car,11,9,9300920.0,2021,6,21,5,3,5,3,1,1,1,0,0,808196.5907,5817059.473,13.53276384,52.41672944,0
3759,213110,bike + car,11,1,1400938.0,2021,6,19,5,3,1,5,0,1,1,0,0,794488.688,5831198.996,13.3442906,52.55103007,0
3760,213111,car,11,1,1401045.0,2021,7,19,6,3,3,6,0,0,1,0,1,797112.9147,5831922.549,13.38352807,52.55609081,0
3761,213112,car,11,12,12200310.0,2021,7,16,6,3,2,6,0,0,1,0,0,792339.9021,5833900.233,13.31506992,52.5764031,0
3762,213113,car,11,12,12200411.0,2021,7,23,2,2,5,2,2,0,1,0,0,792900.675,5832166.526,13.32179065,52.56055976,1
3763,213114,bike + pedestrian,11,9,9501941.0,2021,6,17,3,3,6,4,0,1,0,1,0,811603.0281,5821152.13,13.58650459,52.45147729,0
3764,213116,bike,11,1,1200629.0,2021,6,17,4,3,3,6,0,1,0,0,0,794914.7092,5827829.554,13.34756552,52.52059513,0
3765,213117,car,11,9,9100304.0,2021,5,21,5,2,5,2,1,0,1,0,0,804394.207,5821741.947,13.48129175,52.46082534,1
3766,213118,bike + car,11,1,1200626.0,2021,6,17,2,3,2,2,0,1,1,0,0,795022.7547,5828270.085,13.34954409,52.52448571,0
3767,213121,car,11,12,12400616.0,2021,6,13,5,2,1,1,0,0,1,0,0,786454.5803,5834535.865,13.22900917,52.58523184,1
3768,213122,bike + car,11,7,7200307.0,2021,6,14,5,3,1,5,0,1,1,0,0,794679.6767,5824257.173,13.34094969,52.48869811,0
3769,213124,bike + car,11,3,3601141.0,2021,6,8,5,3,3,6,0,1,1,0,0,798818.3569,5831512.425,13.40823985,52.55148161,0
3770,213125,bike,11,3,3601346.0,2021,6,22,2,2,0,1,2,1,0,0,0,799278.3828,5830562.045,13.41414798,52.54271038,1
3771,213128,bike,11,2,2300419.0,2021,7,15,5,3,0,7,0,1,0,0,1,801629.2216,5825913.301,13.44449271,52.49974709,0
3772,213129,car,11,4,4501041.0,2021,5,16,3,3,3,6,0,0,1,0,1,793033.7656,5825373.375,13.31776045,52.49959046,0
3773,213133,bike + car,11,1,1200520.0,2021,6,17,2,2,5,2,0,1,1,0,0,794570.1888,5828435.23,13.34303901,52.52621082,1
3774,213134,bike + car,11,7,7200307.0,2021,6,12,4,2,5,2,0,1,1,0,0,794944.6464,5824304.957,13.34488309,52.48898337,1
3775,213135,car,11,8,8401242.0,2021,6,16,3,3,5,3,0,0,1,0,0,805276.0136,5817241.199,13.49011944,52.41999488,0
3776,213138,car,11,3,3200205.0,2021,6,7,3,3,5,3,0,0,1,0,0,797872.6934,5836024.572,13.39838677,52.59244467,0
3777,213139,bike + car,11,7,7601544.0,2021,6,9,4,3,5,2,0,1,1,0,0,798635.4027,5814459.746,13.39028065,52.39872624,0
3778,213140,bike + car,11,1,1100102.0,2021,6,13,5,3,5,2,0,1,1,0,0,796678.0345,5827953.818,13.37358884,52.52075254,0
3779,213142,car,11,9,9200511.0,2021,6,19,4,3,2,6,0,0,1,0,0,806822.9351,5821995.314,13.51716017,52.46173795,0
3780,213144,car,11,8,8100521.0,2021,7,17,2,3,2,6,0,0,1,0,0,802907.3827,5821888.915,13.45960827,52.46296876,0
3781,213147,bike + car,11,7,7200409.0,2021,6,12,4,3,5,2,0,1,1,0,0,795251.0332,5824247.462,13.34933147,52.48830236,0
3782,213148,car,11,4,4400727.0,2021,6,8,2,3,1,5,0,0,1,0,0,790742.2435,5823027.91,13.28205204,52.47978892,0
3783,213149,bike + car,11,7,7400825.0,2021,6,14,6,2,5,7,0,1,1,0,0,797541.9775,5820777.546,13.37987751,52.45595448,1
3784,213150,car,11,4,4501042.0,2021,6,15,4,3,2,2,0,0,1,0,0,794473.3186,5825841.627,13.33931995,52.50301316,0
3785,213151,car,11,10,10100205.0,2021,6,7,5,3,5,3,0,0,1,0,0,807185.9918,5832502.04,13.5321828,52.55569635,0
3786,213152,bike + car,11,2,2400625.0,2021,7,20,5,3,1,5,0,1,1,0,0,801141.0509,5826588.116,13.43793327,52.5060652,0
3787,213154,bike + car,11,4,4300412.0,2021,7,14,5,3,5,3,0,1,1,0,1,791570.6423,5827494.198,13.2981257,52.51938711,0
3788,213155,bike + pedestrian,11,12,12200308.0,2021,6,20,7,3,6,4,0,1,0,1,0,792553.1711,5833286.925,13.31766705,52.57079047,0
3789,213157,bike + car,11,12,12400723.0,2021,6,17,1,3,5,3,0,1,1,0,0,792172.9695,5838105.464,13.31632361,52.61419074,0
3790,213158,car + pedestrian,11,2,2200207.0,2021,6,13,2,3,6,4,0,0,1,1,0,796771.018,5826035.917,13.37324497,52.50350994,0
3791,213159,car,11,6,6100205.0,2021,6,16,4,3,2,6,0,0,1,0,0,795772.1202,5819909.706,13.35313817,52.44913553,0
3792,213160,bike + car,11,4,4300619.0,2021,6,16,3,3,5,2,0,1,1,0,0,792761.8482,5827053.713,13.31524397,52.51480011,0
3793,213161,bike + car,11,4,4501042.0,2021,6,11,7,3,2,2,0,1,1,0,0,793968.2401,5826144.582,13.33216781,52.50600134,0
3794,213166,car,11,1,1300733.0,2021,6,19,4,3,2,7,0,0,1,0,0,797530.6923,5831283.159,13.3890992,52.55013141,0
3795,213167,bike,11,10,10100311.0,2021,7,6,4,2,0,1,0,1,0,0,1,807475.2075,5829174.425,13.53335591,52.52571119,1
3796,213168,bike + car,11,2,2100104.0,2021,7,17,2,2,5,2,0,1,1,0,0,798693.8814,5826442.17,13.40185437,52.50610225,1
3797,213171,bike + car,11,1,1401047.0,2021,6,20,6,3,5,3,1,1,1,0,0,795353.5672,5830378.96,13.35627997,52.54321089,0
3798,213172,bike + car,11,2,2400623.0,2021,6,15,5,3,0,2,0,1,1,0,0,800672.913,5827572.49,13.43194599,52.5151466,0
3799,213173,bike + car,11,3,3701554.0,2021,7,13,6,3,1,5,0,1,1,0,0,799075.334,5830207.69,13.41084381,52.53964563,0
3800,213174,bike,11,1,1401046.0,2021,6,19,7,3,0,1,0,1,0,0,0,795415.4837,5829941.681,13.35680151,52.5392575,0
3801,213175,bike + car,11,6,6400838.0,2021,6,13,7,3,2,2,0,1,1,0,1,787646.0457,5818155.991,13.23238925,52.43774852,0
3802,213177,car,11,4,4501042.0,2021,6,23,2,3,2,2,2,0,1,0,0,793986.2782,5826171.933,13.33245696,52.50623681,0
3803,213178,bike + car,11,6,6400737.0,2021,6,7,6,3,5,3,0,1,1,0,0,786609.9842,5817441.64,13.21657722,52.43188765,0
3804,213179,bike + car,11,3,3601449.0,2021,6,16,2,3,1,5,0,1,1,0,0,801364.8589,5830301.175,13.44458513,52.53922221,0
3805,213180,bike + pedestrian,11,2,2200212.0,2021,7,11,7,3,6,4,0,1,0,1,0,799853.7697,5824464.715,13.41711247,52.48774119,0
3806,213182,car,11,6,6400841.0,2021,6,23,3,3,5,3,2,0,1,0,1,789866.6667,5818783.952,13.26550993,52.442206,0
3807,213188,bike + car,11,9,9200511.0,2021,6,16,4,3,2,6,0,1,1,0,0,806581.0771,5822317.622,13.5139075,52.46476232,0
3808,213189,bike,11,1,1401047.0,2021,6,19,6,3,0,1,0,1,0,0,0,795261.5932,5830471.421,13.35500986,52.54408957,0
3809,213190,bike + car,11,3,3400619.0,2021,6,12,6,3,5,3,0,1,1,0,0,796179.0796,5835521.479,13.37300851,52.58885993,0
3810,213191,car + pedestrian,11,7,7400824.0,2021,5,11,2,3,6,4,0,0,1,1,0,797451.115,5821871.784,13.37951932,52.46581267,0
3811,213192,bike + car,11,9,9100304.0,2021,6,21,2,3,5,3,1,1,1,0,0,804405.6426,5821739.422,13.48145724,52.46079634,0
3812,213193,car + pedestrian,11,5,5100101.0,2021,6,19,5,2,6,4,0,0,1,1,0,785334.635,5833393.54,13.21154038,52.5755786,1
3813,213194,car,11,5,5200633.0,2021,6,20,5,3,2,2,0,0,1,0,0,784742.1828,5826400.266,13.19682618,52.51318749,0
3814,213195,bike + car,11,2,2500833.0,2021,7,14,6,3,5,2,0,1,1,0,1,802109.3748,5827355.567,13.45285332,52.51240857,0
3815,213199,bike + car,11,5,5100317.0,2021,6,11,2,2,3,2,0,1,1,0,0,786235.908,5828467.745,13.22055687,52.53094217,1
3816,213201,bike + car,11,4,4501045.0,2021,6,20,4,2,5,2,0,1,1,0,0,793478.214,5824755.853,13.32374494,52.4938158,1
3817,213202,car,11,1,1401048.0,2021,5,16,5,3,4,6,0,0,1,0,1,795416.9508,5831350.229,13.35807588,52.55188309,0
3818,213203,bike + car,11,4,4400833.0,2021,6,7,2,3,5,2,0,1,1,0,0,791981.923,5822381.074,13.29968798,52.47332868,0
3819,213204,bike + car,11,7,7501134.0,2021,6,16,3,3,5,2,0,1,1,0,0,799062.1667,5818675.905,13.40030224,52.43628626,0
3820,213205,bike + car,11,10,10300731.0,2021,6,8,5,3,1,5,0,1,1,0,1,808983.6975,5828974.162,13.55533454,52.52306373,0
3821,213208,bike + car,11,4,4500939.0,2021,6,7,5,3,5,2,0,1,1,0,0,792199.1744,5824076.207,13.30436304,52.48840912,0
3822,213210,car,11,8,8200624.0,2021,7,11,5,3,2,2,0,0,1,0,0,801370.4156,5820954.183,13.43621004,52.45544031,0
3823,213212,car + pedestrian,11,4,4501041.0,2021,7,15,5,3,6,2,0,0,1,1,1,792962.9038,5825751.888,13.31705255,52.50302175,0
3824,213213,bike + pedestrian,11,7,7200307.0,2021,5,9,3,3,6,2,0,1,0,1,0,794629.4716,5824340.192,13.34028582,52.48946942,0
3825,213217,car,11,8,8100520.0,2021,6,21,7,3,2,6,1,0,1,0,0,803139.3219,5822754.504,13.46379811,52.47059837,0
3826,213219,car,11,7,7501029.0,2021,6,10,3,3,2,6,0,0,1,0,0,797625.6966,5818749.1,13.37929885,52.43772593,0
3827,213220,car,11,11,11400930.0,2021,6,12,6,3,5,2,0,0,1,0,0,806141.8404,5826706.679,13.51149302,52.5043449,0
3828,213221,car + pedestrian,11,6,6100206.0,2021,6,12,2,3,6,2,0,0,1,1,0,795053.1295,5819615.868,13.34232966,52.44688995,0
3829,213223,car,11,9,9301025.0,2021,6,15,4,3,1,5,0,0,1,0,1,811385.0382,5815575.717,13.57811603,52.40162813,0
3830,213225,bike + car,11,2,2400521.0,2021,5,15,7,3,5,2,0,1,1,0,0,800718.1496,5827874.435,13.43288352,52.51782807,0
3831,213226,bike + car,11,1,1300836.0,2021,6,7,4,3,0,2,0,1,1,0,0,796936.277,5830145.192,13.37934109,52.5402552,0
3832,213227,bike + car,11,9,9501737.0,2021,7,11,3,3,5,3,0,1,1,0,0,814121.3252,5821604.181,13.62386619,52.454087,0
3833,213228,car,11,7,7100102.0,2021,7,11,3,3,2,6,0,0,1,0,0,794962.8202,5825418.108,13.34613553,52.49895221,0
3834,213231,bike,11,2,2100105.0,2021,7,20,1,3,3,6,1,1,0,0,0,799868.028,5825755.587,13.41848368,52.49930404,0
3835,213232,car,11,2,2100104.0,2021,6,16,6,3,2,6,0,0,1,0,0,799345.6544,5826191.388,13.41120318,52.50349715,0
3836,213233,car,11,6,6100208.0,2021,6,12,3,2,5,3,0,0,1,0,0,794767.7945,5820497.704,13.3389217,52.45494905,1
3837,213234,car + pedestrian,11,1,1300836.0,2021,7,22,6,3,6,4,2,0,1,1,0,796576.7678,5830507.82,13.37437943,52.54370155,0
3838,213236,bike + car,11,3,3400620.0,2021,6,15,6,2,0,2,0,1,1,0,0,797398.2036,5833964.793,13.38955444,52.57424117,1
3839,213238,bike,11,6,6300528.0,2021,6,18,2,3,0,1,0,1,0,0,0,789630.284,5817037.282,13.26052867,52.42667164,0
3840,213241,bike + pedestrian,11,11,2500729.0,2021,7,16,6,3,6,7,0,1,0,1,0,803775.6902,5827706.868,13.47765291,52.51463178,0
3841,213242,bike + car,11,10,10300731.0,2021,7,17,2,3,5,7,0,1,1,0,0,809649.3119,5829701.505,13.56579111,52.52920433,0
3842,213243,car + pedestrian,11,1,1200520.0,2021,6,12,2,2,6,2,0,0,1,1,0,794555.0853,5829074.547,13.34338344,52.53195002,1
3843,213244,car,11,4,4501042.0,2021,5,2,2,3,5,5,2,0,1,0,0,793917.9855,5825618.059,13.33096473,52.5013084,0
3844,213245,bike + car,11,1,1300835.0,2021,6,16,4,3,5,2,0,1,1,0,0,797774.0241,5829745.811,13.39129925,52.53621812,0
3845,213246,bike + car,11,2,2400624.0,2021,5,17,5,3,5,3,0,1,1,0,1,801850.9502,5827221.988,13.44893568,52.51135436,0
3846,213247,car,11,7,7300619.0,2021,6,12,1,2,5,2,0,0,1,0,0,795231.5284,5822272.862,13.34729669,52.47061195,1
3847,213249,car,11,2,2500835.0,2021,6,4,6,3,5,3,1,0,1,0,0,802437.2574,5826259.507,13.45667441,52.50240292,0
3848,213250,bike + car,11,1,1300732.0,2021,6,19,5,3,5,2,0,1,1,0,0,797526.6528,5832704.906,13.39031418,52.56287775,0
3849,213253,car,11,1,1100101.0,2021,7,17,5,3,2,2,0,0,1,0,1,795256.6166,5826620.866,13.35151752,52.50957516,0
3850,213254,car,11,6,6100209.0,2021,7,10,5,3,2,6,0,0,1,0,1,794767.5636,5821055.791,13.33941105,52.45995213,0
3851,213257,bike + car,11,12,12100205.0,2021,6,9,7,3,3,2,0,1,1,0,0,795575.5654,5834582.672,13.36328853,52.58077275,0
3852,213258,car,11,11,11100204.0,2021,6,12,3,3,2,1,0,0,1,0,0,805945.0383,5833671.412,13.51501393,52.56687498,0
3853,213260,car,11,8,8301037.0,2021,6,17,5,3,5,3,0,0,1,0,0,804538.9504,5817826.703,13.4798474,52.42565329,0
3854,213261,bike,11,5,5200528.0,2021,6,17,6,2,0,7,0,1,0,0,0,783509.7682,5825922.432,13.1783071,52.50954512,1
3855,213263,bike + car,11,3,3200309.0,2021,7,8,5,3,5,3,0,1,1,0,0,800169.2621,5837955.588,13.43393865,52.60849005,0
3856,213265,bike,11,2,2200209.0,2021,6,22,3,3,0,7,2,1,0,0,1,796790.1129,5823978.84,13.37169288,52.4850599,0
3857,213266,bike + car,11,5,5200632.0,2021,5,11,2,3,9,7,0,1,1,0,0,785651.0819,5828023.702,13.21157741,52.52726775,0
3858,213267,bike + car,11,4,4200310.0,2021,7,15,1,3,5,3,0,1,1,0,0,789326.2015,5826845.891,13.26457594,52.51477036,0
3859,213268,bike + car,11,11,11300619.0,2021,6,17,4,3,0,5,0,1,1,0,0,803270.9576,5828976.27,13.47139509,52.52629002,0
3860,213269,bike + car,11,1,1100416.0,2021,5,7,5,2,5,3,0,1,1,0,0,798678.4759,5829460.555,13.40433817,52.5331663,1
3861,213270,car,11,4,4501045.0,2021,6,15,2,3,5,3,0,0,1,0,0,794367.5935,5825045.622,13.33706328,52.49593448,0
3862,213272,car,11,9,9200717.0,2021,6,11,3,3,5,3,0,0,1,0,0,809448.4232,5818695.132,13.55262499,52.43068183,0
3863,213273,car + pedestrian,11,3,3400724.0,2021,6,17,6,2,6,4,0,0,1,1,0,799548.1392,5834703.435,13.42185218,52.57968283,1
3864,213275,bike + car,11,6,6300634.0,2021,6,9,3,3,5,2,0,1,1,0,0,792932.8953,5817762.457,13.30959771,52.43141454,0
3865,213276,car + pedestrian,11,8,8100105.0,2021,6,14,2,3,6,2,0,0,1,1,0,801002.169,5822166.022,13.43189977,52.46650536,0
3866,213278,bike,11,1,1200628.0,2021,7,19,5,2,0,1,0,1,0,0,0,796576.1732,5828699.931,13.37275734,52.52749608,1
3867,213279,bike + car,11,9,9401329.0,2021,7,11,5,3,5,2,0,1,1,0,1,811684.246,5819981.232,13.58660359,52.44093804,0
3868,213282,bike + car,11,1,1300732.0,2021,6,15,2,3,1,5,0,1,1,0,0,797346.8844,5832381.461,13.38738014,52.56007668,0
3869,213283,bike + car,11,4,4400726.0,2021,6,18,4,3,5,3,0,1,1,0,0,790095.5447,5824242.513,13.2736134,52.49102201,0
3870,213284,car,11,10,10400938.0,2021,6,7,4,3,5,3,0,0,1,0,0,814263.302,5829286.078,13.63319203,52.52284173,0
3871,213285,bike,11,5,5100104.0,2021,6,8,1,2,0,1,0,1,0,0,0,785197.0293,5831566.947,13.20794476,52.55927382,1
3872,213286,car + pedestrian,11,6,6400737.0,2021,6,8,3,3,6,7,0,0,1,1,0,784781.1386,5816118.875,13.18862346,52.42098258,0
3873,213288,car,11,1,1100311.0,2021,6,20,5,3,2,3,0,0,1,0,0,799856.2113,5827492.076,13.41987425,52.51487543,0
3874,213290,bike + car,11,9,9502043.0,2021,6,12,2,3,5,2,0,1,1,0,0,811459.9443,5822935.685,13.58606978,52.46754207,0
3875,213291,bike + car,11,2,2100102.0,2021,6,16,5,2,0,7,0,1,1,0,0,797983.7,5826473.527,13.39144993,52.50677167,1
3876,213292,bike + car,11,9,9100409.0,2021,7,17,4,3,5,2,0,1,1,0,0,805890.0717,5818968.406,13.50070065,52.43513224,0
3877,213293,bike + car,11,7,7400927.0,2021,7,18,3,2,1,5,0,1,1,0,0,797903.7065,5820807.193,13.38521176,52.4560232,1
3878,213294,bike + car,11,9,9100408.0,2021,6,17,4,3,5,2,0,1,1,0,1,806650.1459,5820407.13,13.51316648,52.44760107,0
3879,213296,car,11,5,5100313.0,2021,6,13,7,3,2,6,0,0,1,0,0,785383.9294,5830587.734,13.20985243,52.55039644,0
3880,213298,bike + car,11,1,1200628.0,2021,6,18,2,3,0,2,0,1,1,0,0,796264.3337,5828532.361,13.36802477,52.52616354,0
3881,213301,bike,11,6,6300525.0,2021,6,7,3,3,3,7,0,1,0,0,0,790218.3139,5815055.619,13.26743409,52.40859371,0
3882,213302,bike + car,11,7,7200307.0,2021,6,23,6,3,3,6,2,1,1,0,0,794951.5866,5824611.518,13.34525636,52.49172774,0
3883,213303,car,11,12,12500930.0,2021,6,10,3,3,5,2,0,0,1,0,0,792353.573,5834071.566,13.31542218,52.57793167,0
3884,213306,bike,11,9,9100306.0,2021,6,13,5,3,0,1,0,1,0,0,0,804432.1411,5819876.133,13.48014761,52.44408137,0
3885,213307,bike + car,11,6,6400735.0,2021,5,10,7,3,5,2,0,1,1,0,0,782021.1637,5815651.112,13.14775091,52.41821767,0
3886,213308,car,11,3,3601451.0,2021,7,17,3,3,5,2,0,0,1,0,0,801202.6857,5829483.692,13.44146031,52.53198468,0
3887,213309,bike + car,11,9,9501939.0,2021,7,12,2,3,5,3,0,1,1,0,0,810430.1764,5821228.297,13.56937183,52.45282712,0
3888,213310,car + pedestrian,11,7,7601544.0,2021,6,10,3,2,6,4,0,0,1,1,0,798802.9906,5814424.802,13.39270536,52.39832161,1
3889,213311,bike + car,11,4,4300414.0,2021,5,15,3,3,1,5,0,1,1,0,1,791627.9854,5826840.254,13.29839522,52.51349393,0
3890,213314,bike + car,11,2,2400522.0,2021,5,17,6,3,5,2,0,1,1,0,1,801401.7603,5828748.368,13.44371963,52.52528387,0
3891,213315,bike + car,11,6,6200315.0,2021,6,19,6,3,0,1,0,1,1,0,0,795281.3526,5817885.697,13.3441494,52.43125676,0
3892,213316,bike + car,11,10,10200420.0,2021,6,16,4,3,5,2,0,1,1,0,0,811658.4158,5830632.915,13.59618543,52.53640607,0
3893,213317,bike,11,4,4200309.0,2021,7,11,6,3,0,1,0,1,0,0,1,788706.608,5826802.149,13.25543277,52.51470653,0
3894,213318,bike + car,11,4,4501045.0,2021,6,14,6,3,5,3,0,1,1,0,0,793904.4046,5825083.572,13.33029357,52.49652432,0
3895,213319,car,11,7,7300619.0,2021,6,22,6,3,1,7,1,0,1,0,0,795332.4179,5821560.796,13.34814739,52.46417421,0
3896,213320,bike + car,11,7,8200725.0,2021,5,14,2,3,5,2,0,1,1,0,0,799812.8588,5819027.797,13.4116278,52.43902953,0
3897,213323,car + pedestrian,11,6,6400843.0,2021,6,15,5,3,6,4,0,0,1,1,0,791114.4726,5819335.981,13.28429728,52.44649216,0
3898,213326,bike + car,11,1,1100101.0,2021,7,15,2,3,5,2,0,1,1,0,0,795256.9678,5826619.508,13.35152147,52.5095628,0
3899,213328,bike + car,11,7,7300515.0,2021,5,17,1,3,0,2,0,1,1,0,1,793471.8653,5822275.99,13.32146861,52.47158817,0
3900,213329,bike + car,11,4,4200310.0,2021,6,16,4,3,0,5,0,1,1,0,0,789853.7251,5826346.789,13.27189328,52.51001573,0
3901,213330,bike + pedestrian,11,2,2100104.0,2021,5,8,5,3,6,4,0,1,0,1,0,799293.063,5826154.942,13.41039792,52.50319932,0
3902,213332,bike + car,11,1,1100313.0,2021,6,17,3,3,5,3,0,1,1,0,0,799769.3999,5826563.701,13.41776262,52.50660173,0
3903,213334,car,11,7,7601341.0,2021,6,11,6,3,5,2,0,0,1,0,0,797669.274,5815465.338,13.37701623,52.40826642,0
3904,213335,bike,11,6,6400838.0,2021,5,9,1,2,0,1,0,1,0,0,0,787251.7455,5818338.114,13.22676124,52.43958865,1
3905,213337,bike + car,11,12,12400616.0,2021,7,18,4,3,1,1,0,1,1,0,1,786871.8328,5832725.374,13.23358423,52.56877999,0
3906,213338,bike + car,11,1,1200522.0,2021,6,19,4,3,2,6,0,1,1,0,1,794466.556,5828354.053,13.34144396,52.52553911,0
3907,213339,bike,11,11,11100204.0,2021,6,17,1,3,0,1,0,1,0,0,0,806891.0355,5832640.361,13.52797371,52.55710226,0
3908,213340,bike + pedestrian,11,2,2500832.0,2021,7,16,1,2,6,4,0,1,0,1,0,803469.2798,5827419.416,13.47288925,52.51222598,1
3909,213342,car,11,8,8100415.0,2021,6,16,4,2,5,3,0,0,1,0,0,801824.764,5823635.958,13.445302,52.47922686,1