,ObjectID,vehicle_types,State,District,LOR_ab_2021,AccidentYear,AccidentMonth,AccidentHour,DayOfWeek,AccidentCategory,AccidentType,AccidentTypeDetail,LightingCondition,InvolvingBike,InvolvingCar,InvolvingPedestrian,RoadCondition,GraphicCoord1,GraphicCoord2,LongitudeWGS84,LatitudeWGS84,accident_outcome
3910,213343,car,11,11,11300617.0,2021,6,15,3,2,2,6,0,0,1,0,0,803313.0281,5829635.209,13.47261446,52.53217252,1
3911,213344,car,11,11,11300617.0,2021,6,16,7,3,2,6,0,0,1,0,0,803103.0019,5829561.098,13.46946011,52.53162511,0
3912,213346,car,11,2,2200210.0,2021,6,21,4,3,5,3,0,0,1,0,0,798711.4146,5824700.6,13.40055002,52.49048181,0
3913,213350,bike + car,11,1,1401049.0,2021,7,8,4,3,5,3,0,1,1,0,1,795944.1978,5831560.644,13.36601702,52.55348304,0
3914,213351,car,11,7,7501031.0,2021,7,15,3,3,2,6,0,0,1,0,0,798923.9789,5819498.42,13.39901116,52.44373464,0
3915,213352,bike + car,11,10,10200630.0,2021,6,20,3,3,5,3,0,1,1,0,1,811432.6681,5829132.522,13.59146242,52.5230897,0
3916,213354,bike + car,11,1,1100313.0,2021,6,16,7,3,5,2,0,1,1,0,0,800442.2356,5826721.489,13.42778861,52.50764593,0
3917,213355,car,11,6,6100206.0,2021,7,17,6,3,2,6,0,0,1,0,0,794802.1281,5819824.077,13.3388309,52.44889183,0
3918,213357,car + pedestrian,11,6,6300525.0,2021,6,18,1,3,6,7,0,0,1,1,0,789548.2478,5815505.298,13.25799978,52.4129801,0
3919,213358,bike + car,11,4,4501045.0,2021,6,8,3,3,5,2,0,1,1,0,0,793503.5078,5825308.52,13.3246034,52.49875662,0
3920,213359,bike + car,11,9,9501838.0,2021,6,10,2,1,5,3,0,1,1,0,0,818785.0631,5822133.61,13.69277359,52.4561311,1
3921,213360,car,11,8,8100208.0,2021,6,14,7,3,2,6,0,0,1,0,0,801633.5101,5822640.49,13.44159414,52.47040995,0
3922,213361,car,11,1,1401047.0,2021,7,20,1,3,5,3,0,0,1,0,0,795525.4679,5830737.462,13.35912639,52.54633133,0
3923,213362,car,11,6,6200313.0,2021,6,20,2,3,5,2,0,0,1,0,0,795726.7277,5818909.584,13.35158698,52.44019466,0
3924,213364,bike + car,11,12,12100204.0,2021,6,15,3,3,1,5,0,1,1,0,0,795035.467,5832505.742,13.35349291,52.56244805,0
3925,213369,car,11,9,9300923.0,2021,5,14,1,3,5,3,0,0,1,0,0,808682.3345,5815212.685,13.53818109,52.39990461,0
3926,213371,car,11,5,5200630.0,2021,7,9,4,3,2,6,0,0,1,0,1,784422.3508,5827252.905,13.19285484,52.5209992,0
3927,213373,bike + car,11,12,12500927.0,2021,6,20,3,3,5,3,0,1,1,0,1,792990.2973,5835646.467,13.32618424,52.59170733,0
3928,213375,bike + car,11,1,1400937.0,2021,6,16,7,3,1,5,0,1,1,0,0,793677.7824,5830072.848,13.33136958,52.54137262,0
3929,213376,car,11,8,8200623.0,2021,7,11,7,3,5,2,0,0,1,0,0,802624.3185,5820751.19,13.45442324,52.45292808,0
3930,213377,bike + car,11,2,2200210.0,2021,6,16,6,3,2,6,0,1,1,0,0,798312.1219,5825014.49,13.39496757,52.49351379,0
3931,213378,car,11,8,8100209.0,2021,6,0,1,3,5,3,2,0,1,0,0,801308.6054,5822235.722,13.43645994,52.4669612,0
3932,213379,bike + car,11,1,1200522.0,2021,6,10,3,3,1,5,0,1,1,0,0,794016.1089,5828226.488,13.33471072,52.52463867,0
3933,213380,car + pedestrian,11,10,10100104.0,2021,6,13,3,3,6,4,0,0,1,1,0,810283.4164,5833624.057,13.57877297,52.56399546,0
3934,213382,car,11,4,4100102.0,2021,6,21,2,2,5,2,1,0,1,0,0,791427.5798,5829179.889,13.29750069,52.53457557,1
3935,213383,bike,11,4,4300518.0,2021,7,13,7,2,0,1,0,1,0,0,0,792075.3272,5828590.112,13.3065051,52.52894163,1
3936,213384,bike + car,11,7,7200308.0,2021,6,14,4,3,2,6,0,1,1,0,0,794992.0879,5823538.837,13.34490174,52.48208997,0
3937,213385,car + pedestrian,11,5,5200629.0,2021,5,6,6,3,6,4,0,0,1,1,1,784404.8984,5828664.885,13.19380612,52.53366821,0
3938,213386,car,11,1,1200518.0,2021,7,10,3,3,1,5,0,0,1,0,0,793537.5826,5828226.124,13.32767732,52.52489325,0
3939,213388,car,11,1,1100207.0,2021,6,15,3,3,5,3,0,0,1,0,0,797903.8802,5826568.723,13.39036254,52.50766857,0
3940,213389,bike,11,2,2400623.0,2021,5,7,3,3,5,3,0,1,0,0,1,800619.4752,5827307.668,13.43092164,52.51280238,0
3941,213390,car,11,9,9100304.0,2021,7,3,1,2,9,1,2,0,1,0,0,804322.4083,5821631.048,13.48013714,52.45987137,1
3942,213391,bike + car,11,10,10300731.0,2021,6,6,5,3,5,3,0,1,1,0,0,809121.3125,5829722.373,13.55805194,52.52969099,0
3943,213392,bike + pedestrian,11,6,6200316.0,2021,5,19,6,3,0,7,0,1,0,1,0,796120.6057,5817652.688,13.35625139,52.42871435,0
3944,213395,bike + car,11,4,4400727.0,2021,7,7,6,3,5,2,0,1,1,0,1,791122.541,5823173.159,13.28776287,52.48088847,0
3945,213396,bike + car,11,9,9200716.0,2021,6,13,6,3,5,2,0,1,1,0,0,808885.6676,5819338.969,13.54496879,52.43676992,0
3946,213398,bike + car,11,2,2500832.0,2021,5,8,2,3,5,2,0,1,1,0,0,803645.5551,5827395.421,13.4754569,52.51191282,0
3947,213399,bike,11,6,6300631.0,2021,6,13,2,2,0,1,0,1,0,0,0,792382.422,5816558.923,13.30047192,52.4209194,1
3948,213400,bike,11,9,9200715.0,2021,6,1,5,2,0,1,2,1,0,0,0,807674.319,5819370.407,13.52723437,52.4377344,1
3949,213401,car,11,7,7601544.0,2021,6,10,6,3,5,2,0,0,1,0,0,799793.7792,5813977.341,13.40682393,52.39376926,0
3950,213402,bike + car,11,8,8100415.0,2021,7,20,6,3,1,5,0,1,1,0,0,801379.1772,5823737.951,13.43885295,52.48038713,0
3951,213405,bike + pedestrian,11,1,1300733.0,2021,6,15,2,3,0,7,0,1,0,1,0,797821.6849,5831789.246,13.39383211,52.5545088,0
3952,213407,bike + car,11,1,1100309.0,2021,6,17,4,3,0,6,0,1,1,0,0,798691.8415,5828663.988,13.40381896,52.52601889,0
3953,213408,car,11,1,1400937.0,2021,5,16,5,2,0,7,0,0,1,0,1,793704.8339,5832236.47,13.33368118,52.56075361,1
3954,213409,bike,11,9,9501737.0,2021,6,20,2,3,5,3,0,1,0,0,0,815026.707,5821287.114,13.63684702,52.45072482,0
3955,213410,car,11,5,5100105.0,2021,6,20,2,3,5,3,0,0,1,0,0,785095.1565,5831659.059,13.20652522,52.56015303,0
3956,213411,car + pedestrian,11,3,3100103.0,2021,6,9,3,3,6,2,0,0,1,1,0,804233.9505,5841124.908,13.49669624,52.63463496,0
3957,213412,bike + car,11,8,8401241.0,2021,6,17,4,3,2,6,0,1,1,0,0,803810.7813,5818820.413,13.47007405,52.43496462,0
3958,213413,bike + car,11,8,8100314.0,2021,6,12,6,3,1,5,0,1,1,0,0,800666.1062,5824338.381,13.42892616,52.48616205,0
3959,213416,car,11,8,8100312.0,2021,6,10,5,3,2,6,0,0,1,0,0,801101.7952,5824131.865,13.4351366,52.4840709,0
3960,213417,bike,11,2,2200209.0,2021,7,17,5,3,3,6,0,1,0,0,0,797149.7765,5823997.444,13.3769905,52.48503105,0
3961,213418,car,11,8,8300935.0,2021,7,17,5,3,2,6,0,0,1,0,1,803152.7489,5817381.097,13.45911941,52.42242904,0
3962,213419,car,11,6,6400841.0,2021,6,14,7,3,1,5,0,0,1,0,0,789463.7293,5818435.327,13.25929636,52.43929388,0
3963,213420,bike,11,11,11400927.0,2021,7,1,1,2,0,1,2,1,0,0,0,803862.5353,5826809.165,13.47810921,52.50653756,1
3964,213421,car,11,1,1100207.0,2021,6,18,1,3,5,3,0,0,1,0,0,797892.6009,5826671.194,13.39028855,52.50859326,0
3965,213422,bike,11,3,3400828.0,2021,6,13,2,3,5,3,0,1,0,0,0,800065.4693,5832610.364,13.42757047,52.56063715,0
3966,213423,car + pedestrian,11,10,10200420.0,2021,6,14,4,2,6,4,0,0,1,1,0,811155.3681,5830750.82,13.588903,52.53775007,1
3967,213425,bike + car,11,9,9200510.0,2021,6,15,7,3,5,2,0,1,1,0,0,806092.1043,5823415.922,13.50774,52.47487986,0
3968,213429,bike + car,11,11,11200513.0,2021,5,15,7,3,1,5,0,1,1,0,0,804760.5465,5831081.46,13.49521456,52.54432712,0
3969,213431,car + pedestrian,11,1,1300732.0,2021,7,11,4,2,6,2,0,0,1,1,1,797707.0645,5832885.547,13.39312992,52.56439834,1
3970,213433,bike + car,11,4,4300623.0,2021,6,12,4,3,5,2,0,1,1,0,1,792534.705,5826113.583,13.3110799,52.50649399,0
3971,213434,bike + car,11,11,11200515.0,2021,5,14,4,3,5,3,0,1,1,0,0,806015.1108,5830619.868,13.51323192,52.53948708,0
3972,213435,car,11,6,6400841.0,2021,6,12,2,3,2,6,0,0,1,0,0,789711.4972,5818424.957,13.26292219,52.43906971,0
3973,213436,bike + car,11,6,4400835.0,2021,6,16,6,3,5,3,0,1,1,0,0,792762.237,5821724.11,13.31056699,52.46702147,0
3974,213437,bike,11,2,2400521.0,2021,7,10,7,3,5,3,0,1,0,0,0,800906.6774,5828049.569,13.43581197,52.51929385,0
3975,213439,car,11,8,8100418.0,2021,6,10,7,2,5,3,0,0,1,0,0,801661.237,5823962.764,13.4431971,52.48224644,1
3976,213441,car,11,3,3601244.0,2021,6,10,3,3,5,2,0,0,1,0,0,800104.2265,5831694.818,13.42731274,52.55240952,0
3977,213443,bike + car,11,12,12400721.0,2021,6,16,2,3,5,3,0,1,1,0,0,790285.0469,5840139.228,13.29030402,52.63343475,0
3978,213444,car,11,8,8100417.0,2021,7,13,6,3,5,3,0,0,1,0,1,802048.7696,5822746.056,13.44778447,52.47112672,0
3979,213445,bike + car,11,11,11100205.0,2021,7,14,3,3,5,3,0,1,1,0,0,805772.7795,5834046.032,13.5128257,52.57032917,0
3980,213447,car,11,5,5200528.0,2021,5,19,3,2,5,2,0,0,1,0,0,783793.9409,5826303.025,13.18280761,52.51280983,1
3981,213448,car,11,5,5100313.0,2021,7,13,1,3,2,6,0,0,1,0,0,785418.0635,5830400.616,13.21019364,52.54870089,0
3982,213449,bike + car,11,1,1100311.0,2021,6,18,4,3,5,2,0,1,1,0,0,799607.8496,5827989.668,13.41667332,52.51947206,0
3983,213450,bike + car,11,10,10200629.0,2021,5,7,6,3,5,3,0,1,1,0,0,810356.0852,5827951.529,13.57454373,52.51312005,0
3984,213451,bike + car,11,3,3701660.0,2021,6,7,4,3,5,3,0,1,1,0,0,800509.1509,5829712.318,13.43147359,52.5344167,0
3985,213453,car,11,8,8401242.0,2021,6,17,6,3,5,3,0,0,1,0,0,805267.1383,5817251.942,13.48999914,52.42009612,0
3986,213455,bike + car,11,2,2400623.0,2021,6,17,2,3,1,5,0,1,1,0,0,800606.2012,5827130.678,13.43056676,52.51122329,0
3987,213457,bike + car,11,1,1100309.0,2021,6,12,5,3,0,5,0,1,1,0,0,798628.3236,5828830.764,13.40303526,52.52754859,0
3988,213458,car,11,4,4100102.0,2021,7,15,6,3,2,6,0,0,1,0,0,791214.6214,5829143.609,13.29433812,52.53436415,0
3989,213459,car,11,1,1300733.0,2021,7,0,6,3,5,2,2,0,1,0,1,797356.4809,5831199.002,13.38646211,52.54947218,0
3990,213460,bike + car,11,6,6100204.0,2021,6,11,4,2,0,5,0,1,1,0,0,795392.7249,5820057.343,13.34770231,52.45066413,1
3991,213461,bike + car,11,6,6400735.0,2021,6,8,6,2,5,2,0,1,1,0,0,781105.7205,5812640.03,13.13179774,52.39168848,1
3992,213462,bike + car,11,1,1100207.0,2021,6,15,3,2,5,3,0,1,1,0,0,797897.1001,5826570.037,13.39026412,52.50768405,1
3993,213463,bike + car,11,1,1100310.0,2021,7,17,7,3,2,6,0,1,1,0,0,799124.8789,5828465.585,13.41000453,52.52400309,0
3994,213464,bike + car,11,3,3300413.0,2021,7,7,3,3,5,3,0,1,1,0,0,803485.5723,5838540.317,13.48329949,52.6118894,0
3995,213466,bike,11,1,1100102.0,2021,6,20,3,3,2,2,1,1,0,0,0,795136.996,5827076.076,13.35016375,52.51372051,0
3996,213467,bike + car,11,7,7200308.0,2021,5,15,3,3,5,3,0,1,1,0,0,794823.9411,5823579.788,13.34246907,52.48254788,0
3997,213468,car + pedestrian,11,1,1200628.0,2021,7,11,1,3,6,7,0,0,1,1,0,796294.566,5828296.474,13.36825892,52.52403261,0
3998,213471,bike + car,11,2,2500727.0,2021,6,12,2,3,1,5,0,1,1,0,0,802623.0227,5827855.929,13.46085422,52.51660855,0
3999,213472,bike + car,11,5,5300736.0,2021,6,13,6,3,5,7,0,1,1,0,0,785711.7396,5829289.678,13.21355735,52.53858648,0
4000,213475,bike,11,9,9501736.0,2021,6,13,6,2,0,7,0,1,0,0,0,813668.2383,5820769.669,13.61643664,52.44686905,1
4001,213476,bike + pedestrian,11,7,7601546.0,2021,6,15,6,3,6,7,0,1,0,1,0,799203.1635,5812420.969,13.39678094,52.38014105,0
4002,213477,bike + car,11,5,5200629.0,2021,5,13,2,3,5,2,0,1,1,0,0,783859.3498,5828695.659,13.18581116,52.53422854,0
4003,213479,car,11,2,2400623.0,2021,6,7,5,3,1,5,0,0,1,0,0,800694.9532,5827712.415,13.43239626,52.51638864,0
4004,213480,bike + car,11,1,1100206.0,2021,7,14,6,3,2,6,0,1,1,0,1,797504.2745,5827546.081,13.38536581,52.51664751,0
4005,213481,car,11,7,7601442.0,2021,7,17,6,3,5,3,0,0,1,0,0,798805.7292,5815847.476,13.39401481,52.41107282,0
4006,213482,bike + car,11,2,2200210.0,2021,6,17,5,3,3,6,0,1,1,0,0,798491.247,5824759.411,13.39736962,52.4911294,0
4007,213484,car,11,8,8200832.0,2021,6,11,2,3,2,6,0,0,1,0,0,801389.8772,5817262.127,13.4331664,52.42233641,0
4008,213485,bike,11,1,1100415.0,2021,5,21,1,3,0,1,1,1,0,0,0,798289.3275,5829368.325,13.39853537,52.53255269,0
4009,213486,bike,11,3,3601142.0,2021,6,17,4,3,3,6,0,1,0,0,0,798581.6263,5830262.945,13.40363553,52.54041164,0
4010,213487,bike + car,11,3,3300514.0,2021,5,19,5,3,5,3,0,1,1,0,1,801614.7901,5836179.875,13.45360357,52.59177447,0
4011,213491,car,11,6,6100102.0,2021,6,15,5,3,2,6,0,0,1,0,0,793681.1313,5820597.027,13.32306314,52.45642441,0
4012,213492,bike + car,11,2,2200207.0,2021,6,9,6,3,0,3,0,1,1,0,0,797101.2089,5824720.984,13.3769224,52.49154327,0
4013,213493,bike + car,11,1,1100205.0,2021,5,18,1,3,5,3,0,1,1,0,0,797158.6735,5826452.631,13.37931132,52.50703435,0
4014,213495,car,11,10,10100312.0,2021,6,13,5,3,9,6,0,0,1,0,0,808496.0299,5829483.192,13.54864172,52.52790169,0
4015,213496,car,11,11,11100309.0,2021,7,8,4,3,2,6,0,0,1,0,1,805190.5183,5833165.291,13.50345091,52.56276246,0
4016,213497,bike + pedestrian,11,3,3500934.0,2021,7,21,4,3,6,4,1,1,0,1,0,800370.72,5831673.981,13.43121258,52.55207586,0
4017,213498,bike + car,11,8,8100314.0,2021,7,20,5,2,5,3,1,1,1,0,0,801285.3405,5823825.085,13.43755412,52.48121991,1
4018,213499,bike + car,11,10,10100103.0,2021,6,17,1,3,5,3,0,1,1,0,0,809866.7994,5833923.537,13.57292606,52.56691648,0
4019,213501,bike + car,11,4,4300622.0,2021,6,20,1,3,1,5,0,1,1,0,0,793681.9095,5826206.469,13.32801588,52.50671034,0
4020,213503,bike + car,11,1,1300835.0,2021,6,16,3,3,5,3,0,1,1,0,0,796971.373,5830138.873,13.37985141,52.54017943,0
4021,213504,car + pedestrian,11,6,6100208.0,2021,6,8,4,3,6,3,0,0,1,1,0,794767.7897,5820487.976,13.33891305,52.45486186,0
4022,213505,bike + car,11,12,12200310.0,2021,6,13,7,3,5,2,0,1,1,0,0,792080.1366,5832942.465,13.31040389,52.56795655,0
4023,213506,bike + car,11,11,11200514.0,2021,6,17,4,3,5,2,0,1,1,0,0,805028.6925,5830429.662,13.49855805,52.5383354,0
4024,213507,bike + car,11,9,9401635.0,2021,6,15,4,3,5,2,0,1,1,0,0,816644.8554,5817429.358,13.65692603,52.41522238,0
4025,213508,bike,11,12,12100205.0,2021,6,11,5,3,9,1,0,1,0,0,0,794246.7362,5835450.475,13.34450438,52.58927215,0
4026,213509,bike + car,11,11,11501339.0,2021,5,13,7,3,5,3,0,1,1,0,0,806810.1807,5824857.249,13.51960553,52.48739454,0
4027,213510,bike,11,4,4500938.0,2021,6,13,4,2,0,1,0,1,0,0,0,792304.5744,5825238.019,13.30693027,52.49876811,1
4028,213511,car,11,6,6100205.0,2021,7,19,4,3,5,3,1,0,1,0,0,796061.807,5819859.232,13.35734363,52.44852626,0
4029,213512,car,11,9,9200510.0,2021,7,12,2,2,1,7,0,0,1,0,0,806023.9627,5822295.882,13.50571254,52.46487978,1
4030,213513,bike + car,11,1,1300836.0,2021,6,14,4,3,1,5,0,1,1,0,1,796935.5628,5831408.683,13.38046017,52.55158132,0
4031,213514,car,11,10,10400940.0,2021,5,9,4,3,5,3,0,0,1,0,0,811989.1927,5826852.055,13.5975008,52.50233583,0
4032,213515,bike + car,11,2,2100102.0,2021,6,23,6,3,1,5,2,1,1,0,0,798087.1618,5826490.629,13.39298511,52.50686844,0
4033,213517,car + pedestrian,11,2,2500726.0,2021,7,11,7,3,6,4,0,0,1,1,0,802006.9919,5828946.174,13.45279326,52.52672189,0
4034,213518,bike,11,1,1100206.0,2021,6,12,7,3,0,1,0,1,0,0,0,798107.5212,5827876.886,13.39452601,52.51928335,0
4035,213519,car + pedestrian,11,1,1100310.0,2021,6,23,7,3,6,7,2,0,1,1,0,798519.2382,5828098.227,13.40077449,52.52104215,0
4036,213520,bike + car,11,6,6400737.0,2021,6,12,3,2,5,3,0,1,1,0,0,784242.7139,5815863.812,13.18051041,52.41897553,1
4037,213524,car,11,1,3400721.0,2021,6,13,2,3,2,2,0,0,1,0,0,797716.728,5832896.218,13.39328164,52.5644887,0
4038,213527,bike + car,11,12,12500824.0,2021,6,9,3,3,1,5,0,1,1,0,0,790733.3498,5835392.312,13.29273805,52.59064,0
4039,213528,car,11,5,5100316.0,2021,5,16,3,3,5,7,0,0,1,0,0,784347.4334,5828913.644,13.19317405,52.53592858,0
4040,213529,bike + car,11,11,11501238.0,2021,7,15,7,3,5,3,0,1,1,0,0,805885.1899,5824478.251,13.50567758,52.48451682,0
4041,213530,bike + car,11,11,11400931.0,2021,6,15,4,3,5,2,0,1,1,0,0,805731.9303,5827192.393,13.50591869,52.50892787,0
4042,213531,bike + car,11,3,3300412.0,2021,5,7,6,2,5,2,0,1,1,0,0,802349.5985,5838815.127,13.46682482,52.61498553,1
4043,213533,bike + car,11,9,9200715.0,2021,6,19,6,3,5,2,0,1,1,0,0,808471.1623,5819063.128,13.538636,52.43453173,0
4044,213535,bike + car,11,4,4500937.0,2021,6,19,6,3,5,2,0,1,1,0,0,791015.5775,5824859.684,13.28766504,52.49606524,0
4045,213536,car + pedestrian,11,1,1401048.0,2021,6,16,6,3,6,4,0,0,1,1,0,795597.052,5830977.937,13.36039301,52.54844813,0
4046,213537,bike + car,11,2,2500835.0,2021,5,8,2,3,5,3,0,1,1,0,0,802888.0258,5825965.147,13.46302727,52.49951459,0
4047,213538,bike + car,11,7,7300516.0,2021,6,17,2,3,1,5,0,1,1,0,0,793697.5242,5822029.544,13.32456428,52.4692576,0
4048,213541,car,11,6,6100205.0,2021,6,10,5,3,2,6,0,0,1,0,0,795299.9455,5819938.598,13.34623604,52.44964978,0
4049,213542,car,11,10,10100313.0,2021,7,16,5,3,5,2,0,0,1,0,1,808498.7597,5831153.223,13.55023195,52.54286661,0
4050,213543,bike + car,11,1,1300733.0,2021,7,14,5,3,3,6,0,1,1,0,0,797566.1981,5831857.264,13.39013585,52.55525813,0
4051,213545,car,11,9,9501737.0,2021,7,20,2,3,8,1,1,0,1,0,0,813823.4832,5821771.285,13.61965447,52.45575549,0
4052,213546,car,11,4,4300623.0,2021,6,14,2,3,2,6,0,0,1,0,0,792447.0155,5826117.96,13.30979544,52.50658023,0
4053,213547,bike + car,11,1,1200522.0,2021,6,17,4,2,5,3,0,1,1,0,0,794221.5571,5828332.188,13.33782375,52.52547538,1
4054,213549,bike + car,11,11,11200512.0,2021,6,17,1,3,0,5,0,1,1,0,0,804099.2049,5831522.143,13.48589579,52.54864629,0
4055,213550,bike,11,1,1100310.0,2021,6,18,7,3,2,6,0,1,0,0,0,799402.4937,5828048.554,13.41370882,52.52011266,0
4056,213551,bike + car,11,4,4200310.0,2021,6,8,3,3,1,5,0,1,1,0,0,789378.6855,5826734.32,13.26525017,52.51374225,0
4057,213552,bike + car,11,9,9401329.0,2021,6,17,4,3,5,2,0,1,1,0,0,811415.728,5819575.163,13.5822876,52.43745201,0
4058,213553,car,11,12,12500929.0,2021,6,10,5,3,8,1,0,0,1,0,0,795547.7503,5838790.75,13.3666356,52.61850883,0
4059,213556,car,11,3,3300514.0,2021,7,12,4,3,2,7,0,0,1,0,1,801744.906,5836326.014,13.45565165,52.59301212,0
4060,213557,bike + car,11,1,1400937.0,2021,7,14,3,3,5,7,0,1,1,0,0,793446.024,5830049.231,13.32794118,52.54128576,0
4061,213558,bike + car,11,2,2100104.0,2021,6,10,4,3,5,2,0,1,1,0,1,798939.8616,5826349.843,13.40538484,52.50513995,0
4062,213559,car + pedestrian,11,7,7100101.0,2021,5,19,4,3,6,7,0,0,1,1,0,794695.8932,5825759.44,13.34251682,52.50215625,0
4063,213560,bike + car,11,9,9301228.0,2021,6,11,1,3,5,2,0,1,1,0,0,817076.5957,5812818.033,13.6588901,52.37365228,0
4064,213563,bike + car,11,12,12400617.0,2021,6,13,1,3,5,3,0,1,1,0,0,786051.8279,5839054.137,13.22698606,52.62595268,0
4065,213564,bike + car,11,6,6200421.0,2021,6,17,7,3,1,5,0,1,1,0,0,793511.1408,5818067.234,13.31834614,52.43383684,0
4066,213565,bike + car,11,7,7100102.0,2021,6,8,3,2,5,3,0,1,1,0,0,795425.2837,5825488.2,13.35299053,52.49933037,1
4067,213566,car + pedestrian,11,4,4501148.0,2021,6,14,3,3,6,2,0,0,1,1,0,793331.9056,5823074.445,13.32011628,52.47882123,0
4068,213567,car + pedestrian,11,3,3300517.0,2021,6,15,6,3,6,7,0,0,1,1,0,802090.534,5833648.329,13.45829809,52.56882063,0
4069,213568,bike + car,11,4,4501044.0,2021,6,10,2,3,1,5,0,1,1,0,0,793149.7338,5825208.982,13.31931924,52.49805446,0
4070,213569,car,11,4,4501148.0,2021,7,1,7,3,8,1,2,0,1,0,1,793115.0959,5822994.121,13.3168624,52.47821756,0
4071,213572,bike,11,9,9501838.0,2021,5,19,1,3,0,1,0,1,0,0,0,818439.8444,5820578.161,13.68622747,52.44239522,0
4072,213573,bike + car,11,9,9200715.0,2021,6,16,4,2,5,2,0,1,1,0,0,808654.316,5819175.127,13.54142501,52.43543216,1
4073,213574,bike + car,11,1,1100101.0,2021,5,17,5,3,5,3,0,1,1,0,1,794805.3351,5826009.331,13.34434572,52.50433723,0
4074,213576,car,11,11,11200513.0,2021,6,19,6,3,1,1,0,0,1,0,0,804656.5181,5830747.835,13.49337931,52.54139519,0
4075,213580,bike + car,11,2,2400624.0,2021,5,18,1,3,5,3,0,1,1,0,0,801744.3314,5827421.724,13.44755048,52.51320359,0
4076,213581,bike + car,11,2,1100102.0,2021,6,8,5,3,5,3,0,1,1,0,0,796823.1573,5826065.056,13.37403685,52.50374279,0
4077,213583,bike + car,11,3,3500935.0,2021,7,18,3,3,1,5,0,1,1,0,0,801500.7503,5831218.926,13.44741567,52.54737289,0
4078,213584,car,11,6,6200313.0,2021,6,14,4,3,2,6,0,0,1,0,1,795435.4757,5818360.148,13.34682901,52.43542671,0
4079,213585,car + pedestrian,11,7,7400823.0,2021,5,13,4,3,6,2,0,0,1,1,0,797260.0477,5820743.711,13.37571048,52.45580459,0
4080,213586,bike + car,11,6,6300527.0,2021,6,12,1,3,5,3,0,1,1,0,0,790932.6776,5818162.939,13.28060869,52.43607239,0
4081,213589,car,11,5,5100317.0,2021,6,13,1,3,2,6,0,0,1,0,0,787003.3065,5828154.756,13.23156849,52.52773251,0
4082,213590,bike + car,11,1,1100207.0,2021,6,17,2,3,5,3,0,1,1,0,0,798015.03,5826697.59,13.39211076,52.508763,0
4083,213591,car,11,3,3601245.0,2021,6,0,4,3,8,1,2,0,1,0,0,800954.5466,5831228.635,13.43939377,52.54776192,0
4084,213592,bike + car,11,3,3701555.0,2021,6,6,3,2,1,5,0,1,1,0,0,799730.9682,5830115.354,13.42039875,52.53845776,1
4085,213594,bike + car,11,6,6400838.0,2021,6,11,3,3,5,3,0,1,1,0,0,788377.465,5819115.497,13.24394729,52.44596591,0
4086,213595,car,11,1,1300834.0,2021,7,22,6,2,2,6,2,0,1,0,1,797925.2149,5830283.132,13.39400351,52.54095188,1
4087,213597,bike,11,11,11400929.0,2021,6,16,5,3,0,1,0,1,0,0,0,805183.5979,5826239.779,13.49699121,52.50069712,0
4088,213599,bike + car,11,1,1400937.0,2021,6,19,4,3,0,5,0,1,1,0,0,793733.892,5830080.696,13.33220149,52.54141272,0
4089,213600,bike + car,11,6,6300633.0,2021,7,16,4,3,1,5,0,1,1,0,0,792040.0468,5818992.22,13.29757682,52.44291674,0
4090,213603,car,11,2,2100102.0,2021,5,16,2,3,2,6,0,0,1,0,0,798440.5839,5826525.607,13.39820827,52.50698877,0
4091,213604,bike + car,11,1,1100308.0,2021,6,11,4,3,2,6,0,1,1,0,0,797246.3924,5829091.845,13.38295815,52.53064412,0
4092,213606,bike + car,11,7,7400927.0,2021,6,7,4,3,1,5,0,1,1,0,0,798339.2214,5821789.876,13.39248045,52.46459425,0
4093,213607,bike + car,11,2,2300418.0,2021,7,19,7,3,5,5,0,1,1,0,0,800778.7114,5825137.367,13.43130064,52.4932616,0
4094,213608,car,11,1,1100313.0,2021,6,6,7,3,8,1,0,0,1,0,0,800354.3697,5826498.569,13.42629676,52.5056962,0
4095,213609,car,11,12,12200411.0,2021,6,3,1,3,8,1,2,0,1,0,0,792920.8071,5832158.75,13.32207991,52.56047922,0
4096,213611,bike + car,11,7,7601238.0,2021,6,10,2,3,5,2,0,1,1,0,0,798520.4745,5816819.941,13.3907008,52.41994554,0
4097,213612,bike + car,11,7,7200414.0,2021,6,23,5,3,0,3,2,1,1,0,0,796540.0775,5823965.152,13.36800934,52.48507305,0
4098,213613,bike + car,11,10,10200629.0,2021,6,15,6,3,5,3,0,1,1,0,0,811035.2651,5829169.654,13.58565862,52.52364928,0
4099,213615,bike,11,3,3601453.0,2021,6,14,2,3,5,3,0,1,0,0,0,802549.1396,5828594.179,13.46044016,52.52326641,0
4100,213617,bike + pedestrian,11,1,1200521.0,2021,7,12,3,2,6,7,0,1,0,1,0,793675.6609,5828321.967,13.32979136,52.52567807,1
4101,213618,bike + car,11,2,2300419.0,2021,6,20,3,3,4,6,1,1,1,0,1,800873.739,5825772.368,13.43326964,52.49890092,0
4102,213620,bike + car,11,1,1100310.0,2021,7,20,7,3,0,2,0,1,1,0,0,799326.5602,5828429.861,13.41293619,52.52357219,0
4103,213621,bike + car,11,11,11401136.0,2021,6,10,4,3,5,3,0,1,1,0,0,806163.6857,5826005.164,13.51116894,52.49804545,0
4104,213623,bike + car,11,2,2300316.0,2021,6,20,2,3,5,2,0,1,1,0,0,801471.2191,5826031.622,13.44227926,52.50089493,0