,ObjectID,vehicle_types,State,District,LOR_ab_2021,AccidentYear,AccidentMonth,AccidentHour,DayOfWeek,AccidentCategory,AccidentType,AccidentTypeDetail,LightingCondition,InvolvingBike,InvolvingCar,InvolvingPedestrian,RoadCondition,GraphicCoord1,GraphicCoord2,LongitudeWGS84,LatitudeWGS84,accident_outcome
4105,213624,car,11,2,2300315.0,2021,6,19,6,2,4,6,0,0,1,0,0,800283.764,5825835.612,13.42466177,52.49979274,1
4106,213625,car,11,5,5100316.0,2021,6,15,3,3,2,2,0,0,1,0,0,784783.1673,5828813.39,13.19949502,52.53480218,0
4107,213626,bike + car,11,6,6400839.0,2021,6,8,6,2,5,3,0,1,1,0,0,787511.329,5817717.569,13.23003583,52.43388857,1
4108,213627,bike + car,11,7,7400928.0,2021,6,15,6,2,5,2,0,1,1,0,0,799817.8729,5821320.554,13.41375924,52.45957812,1
4109,213628,car,11,5,5100210.0,2021,5,15,2,3,1,5,0,0,1,0,0,783997.1288,5830089.705,13.18902864,52.54665592,0
4110,213629,car,11,4,4500937.0,2021,6,14,2,3,2,2,0,0,1,0,0,791253.2323,5824992.311,13.29127181,52.49712746,0
4111,213635,car + pedestrian,11,3,3500934.0,2021,6,15,2,3,6,4,0,0,1,1,0,800634.4926,5832185.125,13.4355541,52.55651181,0
4112,213636,car,11,10,10300731.0,2021,6,17,4,3,2,6,0,0,1,0,0,809258.8935,5829710.117,13.56006222,52.52950312,0
4113,213637,bike + car,11,12,12500824.0,2021,6,7,4,2,5,3,0,1,1,0,0,790704.0018,5835380.527,13.2922957,52.59055003,1
4114,213639,bike + car,11,1,1100309.0,2021,6,16,3,3,1,5,0,1,1,0,0,798351.2011,5828607.352,13.39876195,52.52569773,0
4115,213641,bike + car,11,1,1100309.0,2021,6,10,5,3,3,7,0,1,1,0,0,797803.8594,5828823.214,13.39091128,52.52793191,0
4116,213642,bike + car,11,2,2200210.0,2021,5,17,2,3,5,3,0,1,1,0,0,798427.5585,5824793.411,13.39646482,52.49146899,0
4117,213644,car,11,10,10400837.0,2021,7,4,4,3,1,5,1,0,1,0,1,811236.7152,5826738.004,13.58634428,52.50174347,0
4118,213646,bike,11,8,8100311.0,2021,6,16,4,3,0,1,0,1,0,0,1,800548.1945,5824804.397,13.42761517,52.49040405,0
4119,213648,car,11,9,9200715.0,2021,6,12,7,3,5,2,0,0,1,0,0,808643.2493,5819165.42,13.54125377,52.43535141,0
4120,213650,bike + car,11,4,4501045.0,2021,6,10,6,3,5,2,0,1,1,0,0,793967.5361,5824934.109,13.33108894,52.49515045,0
4121,213651,car,11,5,5100316.0,2021,6,18,7,3,2,6,0,0,1,0,0,785279.746,5829297.226,13.20721165,52.53888049,0
4122,213653,car,11,4,4200310.0,2021,6,9,3,3,5,3,0,0,1,0,0,789878.7223,5826218.88,13.27214918,52.50885571,0
4123,213654,car,11,4,4501151.0,2021,6,16,6,3,2,6,0,0,1,0,0,793742.6111,5823088.66,13.32615885,52.4787279,0
4124,213656,bike + car,11,1,1100206.0,2021,7,17,7,3,5,2,0,1,1,0,0,797159.5286,5827691.301,13.38042994,52.51813719,0
4125,213659,car,11,5,5100316.0,2021,7,14,3,3,2,7,0,0,1,0,0,784961.232,5829428.306,13.20264048,52.54022241,0
4126,213660,car,11,5,5300736.0,2021,7,17,2,3,4,3,0,0,1,0,0,786103.006,5829154.931,13.21919457,52.53717309,0
4127,213661,car,11,1,1200520.0,2021,6,12,3,3,1,7,0,0,1,0,0,794562.2335,5828887.068,13.34332239,52.53026554,0
4128,213662,car,11,1,1200517.0,2021,5,13,3,3,2,6,0,0,1,0,1,793660.3233,5828117.137,13.32938506,52.52385014,0
4129,213663,bike + car,11,12,12500926.0,2021,7,0,2,3,1,5,2,1,1,0,0,793686.7617,5836139.043,13.33687276,52.5957473,0
4130,213664,bike + car,11,8,8100419.0,2021,6,19,4,3,5,3,0,1,1,0,0,802397.0976,5824036.207,13.45406675,52.48249771,0
4131,213665,car + pedestrian,11,6,6400843.0,2021,5,17,6,3,6,4,0,0,1,1,0,791004.4574,5819297.381,13.28264948,52.44620467,0
4132,213667,bike + car,11,1,1200522.0,2021,7,6,6,3,5,2,0,1,1,0,1,793684.327,5828104.47,13.32972665,52.52372366,0
4133,213668,car + pedestrian,11,10,10100102.0,2021,6,16,5,3,6,4,0,0,1,1,0,809480.9099,5834221.106,13.56752852,52.56980266,0
4134,213669,bike,11,2,2300316.0,2021,6,19,6,3,5,2,0,1,0,0,0,800737.0969,5826529.821,13.43194689,52.5057655,0
4135,213670,bike,11,1,1100310.0,2021,5,13,2,3,3,6,0,1,0,0,0,799455.2567,5827562.255,13.41404641,52.51572477,0
4136,213671,bike + car,11,10,10200525.0,2021,6,12,2,3,5,3,0,1,1,0,0,812926.4104,5830027.661,13.61424964,52.53025589,0
4137,213674,car + pedestrian,11,4,4400832.0,2021,7,13,6,3,6,7,0,0,1,1,1,791318.3472,5822359.719,13.28992738,52.47349155,0
4138,213675,bike + car,11,3,3500932.0,2021,7,19,6,3,5,2,0,1,1,0,0,802070.7717,5832780.481,13.45721725,52.56105319,0
4139,213678,car,11,5,5100208.0,2021,5,11,2,3,5,2,0,0,1,0,0,782365.917,5830499.132,13.16538532,52.55117495,0
4140,213680,bike + car,11,1,1100312.0,2021,7,18,3,3,5,3,0,1,1,0,0,798916.6627,5826698.645,13.40535725,52.50827917,0
4141,213683,car,11,12,12200309.0,2021,7,10,3,3,3,6,0,0,1,0,0,793545.4713,5832382.843,13.33146654,52.56215169,0
4142,213684,bike,11,7,7300515.0,2021,8,15,4,2,5,3,0,1,0,0,0,793778.4188,5822836.7,13.32646261,52.47644993,1
4143,213685,car,11,1,1100415.0,2021,7,8,6,3,2,6,0,0,1,0,0,797446.3377,5829212.236,13.38600472,52.53161421,0
4144,213686,bike,11,11,11200410.0,2021,7,12,4,2,5,3,0,1,0,0,0,805562.4584,5832831.403,13.50861343,52.55956147,1
4145,213687,bike + car,11,1,1300732.0,2021,8,16,2,3,5,2,0,1,1,0,0,797310.1946,5832297.141,13.38676497,52.55934089,0
4146,213688,car,11,11,11401136.0,2021,8,15,4,3,5,3,0,0,1,0,0,805819.4464,5825881.062,13.50599985,52.4971262,0
4147,213689,bike + car,11,9,9301025.0,2021,7,17,5,3,5,3,0,1,1,0,0,811154.7775,5814910.859,13.57412491,52.39580075,0
4148,213690,bike + car,11,2,2200210.0,2021,7,1,5,3,5,3,2,1,1,0,0,798851.7004,5825115.225,13.40298195,52.49412158,0
4149,213691,bike + car,11,9,9401534.0,2021,8,7,4,3,1,5,0,1,1,0,0,810864.0527,5820557.859,13.57511226,52.44657238,0
4150,213692,bike,11,1,1100308.0,2021,7,16,3,3,0,7,0,1,0,0,0,796869.321,5828791.451,13.37714757,52.5281569,0
4151,213693,car,11,3,3601141.0,2021,8,22,6,3,9,1,2,0,1,0,1,799234.99,5831772.365,13.41460059,52.55358284,0
4152,213695,bike + car,11,2,2200210.0,2021,8,7,6,3,5,3,0,1,1,0,0,797990.6562,5825270.06,13.3904752,52.49598026,0
4153,213697,car + pedestrian,11,8,8100105.0,2021,7,21,6,2,6,2,2,0,1,1,0,800996.0199,5822155.497,13.43180003,52.46641441,1
4154,213698,bike + car,11,1,1100308.0,2021,8,13,2,3,5,2,0,1,1,0,0,796781.7288,5828830.452,13.37589498,52.52855419,0
4155,213700,car,11,6,6300528.0,2021,8,9,2,3,2,6,0,0,1,0,0,790837.1026,5817587.579,13.2787062,52.430965,0
4156,213701,bike + car,11,8,8100311.0,2021,8,12,4,3,1,5,0,1,1,0,0,800569.9648,5824655.6,13.42780064,52.48905834,0
4157,213702,bike + car,11,2,2500726.0,2021,8,16,6,2,5,3,0,1,1,0,0,801889.867,5828454.222,13.45062546,52.52237738,1
4158,213704,bike + car,11,4,4400728.0,2021,8,7,6,3,5,2,0,1,1,0,0,790732.5704,5823473.786,13.28229885,52.48379139,0
4159,213705,bike + car,11,4,4200311.0,2021,7,10,6,3,5,3,0,1,1,0,0,790492.367,5826123.116,13.28108192,52.50767076,0
4160,213706,car,11,6,6400844.0,2021,8,14,5,3,0,5,0,0,1,0,0,791483.2297,5821624.838,13.29170595,52.46681537,0
4161,213709,car + pedestrian,11,10,10100209.0,2021,8,7,3,3,6,4,0,0,1,1,0,810009.8144,5832292.469,13.5735058,52.55221836,0
4162,213711,car,11,1,3601142.0,2021,8,18,1,3,2,6,0,0,1,0,0,798574.661,5830259.339,13.40352989,52.54038313,0
4163,213712,bike,11,1,1300732.0,2021,8,18,3,3,0,1,0,1,0,0,1,797232.5877,5832076.241,13.38542571,52.55740316,0
4164,213714,car + pedestrian,11,6,6300629.0,2021,8,12,5,3,6,4,0,0,1,1,0,792556.4171,5819602.683,13.30568687,52.44811345,0
4165,213715,bike,11,1,1401046.0,2021,7,6,5,3,0,1,1,1,0,0,0,795331.964,5830378.769,13.35596217,52.54322089,0
4166,213716,bike,11,1,1100308.0,2021,8,10,5,3,0,1,0,1,0,0,0,796852.2878,5828107.478,13.37628666,52.52203511,0
4167,213717,car,11,2,2200212.0,2021,7,10,6,3,0,5,0,0,1,0,0,799570.8214,5824507.749,13.41299651,52.48828225,0
4168,213719,bike + car,11,3,3400618.0,2021,8,22,6,3,5,2,2,1,1,0,1,795812.0466,5836444.331,13.36843071,52.59733201,0
4169,213722,bike,11,4,4501042.0,2021,8,13,7,2,0,1,0,1,0,0,0,793980.0235,5825547.147,13.33181344,52.5006393,1
4170,213726,car,11,10,10100102.0,2021,8,14,4,3,5,2,0,0,1,0,0,809346.0536,5834284.202,13.56560394,52.57044474,0
4171,213727,bike,11,8,8100311.0,2021,7,9,5,3,3,6,0,1,0,0,0,800504.0242,5824471.695,13.42666657,52.48744623,0
4172,213728,car,11,1,1200517.0,2021,7,13,4,3,0,7,0,0,1,0,0,794876.2039,5829526.906,13.34850504,52.53583145,0
4173,213729,bike,11,1,1200626.0,2021,8,17,4,3,0,1,0,1,0,0,0,794971.0323,5827987.175,13.34853301,52.52197763,0
4174,213730,bike + car,11,7,7200307.0,2021,7,15,1,3,5,2,0,1,1,0,0,794961.5179,5824328.087,13.34515132,52.48918161,0
4175,213731,car + pedestrian,11,7,7601442.0,2021,8,12,6,3,6,2,0,0,1,1,0,798697.6529,5816021.247,13.39258564,52.41268946,0
4176,213732,car,11,5,5200629.0,2021,8,12,2,3,2,6,0,0,1,0,0,784727.238,5828635.305,13.19852011,52.53323469,0
4177,213734,car,11,8,8200623.0,2021,8,11,5,2,5,3,0,0,1,0,0,802673.7243,5820767.607,13.45516295,52.45304788,1
4178,213736,bike + car,11,3,3601141.0,2021,8,20,1,3,0,7,1,1,1,0,1,798990.5676,5831815.793,13.41104537,52.55410633,0
4179,213739,bike + car,11,1,1100103.0,2021,8,17,3,3,5,2,0,1,1,0,1,795335.9489,5826147.945,13.35226349,52.50529284,0
4180,213742,car + pedestrian,11,10,10200423.0,2021,7,19,6,3,6,4,0,0,1,1,0,813222.866,5831123.279,13.61963807,52.53990338,0
4181,213743,bike + car,11,2,2400521.0,2021,7,11,5,3,5,3,0,1,1,0,0,801251.6609,5827850.98,13.44070112,52.5173234,0
4182,213745,car + pedestrian,11,4,4500937.0,2021,7,19,1,3,6,4,0,0,1,1,1,791272.6516,5824998.497,13.29156247,52.49717256,0
4183,213747,bike + pedestrian,11,11,11100206.0,2021,8,12,1,2,6,4,0,1,0,1,0,805214.3315,5834352.082,13.50489309,52.57338549,1
4184,213749,car,11,11,11300721.0,2021,7,15,3,3,3,6,0,0,1,0,0,804350.7906,5829884.669,13.48809465,52.53382988,0
4185,213751,car,11,4,4300517.0,2021,8,13,2,3,5,2,0,0,1,0,0,791469.7196,5828283.586,13.29733433,52.52651781,0
4186,213753,bike + car,11,3,3300514.0,2021,7,10,4,3,2,6,0,1,1,0,0,801614.2393,5836183.221,13.45359851,52.59180476,0
4187,213755,car,11,11,11200513.0,2021,8,17,4,3,5,3,0,0,1,0,0,804670.6005,5830738.263,13.49357754,52.54130154,0
4188,213757,bike + pedestrian,11,2,2500728.0,2021,8,19,5,3,6,7,0,1,0,1,0,803101.245,5827718.009,13.46775461,52.51510684,0
4189,213758,bike + car,11,4,4500938.0,2021,7,16,6,3,5,3,0,1,1,0,0,791591.1519,5825066.576,13.29630048,52.4976128,0
4190,213761,car + pedestrian,11,7,7100101.0,2021,8,21,7,3,6,2,2,0,1,1,1,794965.0962,5824893.375,13.3457043,52.4942471,0
4191,213762,bike + car,11,1,1100308.0,2021,8,12,3,3,1,5,0,1,1,0,0,797114.8487,5829245.328,13.38116186,52.53209163,0
4192,213764,car + pedestrian,11,4,4300518.0,2021,8,18,1,3,6,7,0,0,1,1,0,792574.5559,5828074.223,13.3133894,52.52404915,0
4193,213765,bike + car,11,3,3701556.0,2021,8,14,3,3,5,3,0,1,1,0,0,799695.6264,5829224.722,13.41907613,52.53049413,0
4194,213767,bike,11,1,1100310.0,2021,8,23,5,3,0,1,2,1,0,0,0,799719.9207,5828660.88,13.41892493,52.52542682,0
4195,213770,car,11,1,1401046.0,2021,7,13,6,3,2,6,0,0,1,0,0,794698.2018,5829992.0,13.34630075,52.54009695,0
4196,213772,bike + car,11,1,1300834.0,2021,8,18,7,3,5,2,0,1,1,0,0,797904.744,5831002.94,13.39434811,52.54741519,0
4197,213775,bike + car,11,1,1100205.0,2021,8,8,2,3,1,5,0,1,1,0,0,797421.1114,5826919.789,13.38358407,52.51107888,0
4198,213776,bike + car,11,8,8401244.0,2021,7,8,3,3,5,3,0,1,1,0,0,806093.9948,5816589.358,13.50151421,52.41369586,0
4199,213777,car,11,8,8100209.0,2021,7,12,3,3,5,3,0,0,1,0,0,801367.4181,5821958.636,13.43707284,52.46444516,0
4200,213779,bike + car,11,2,2500836.0,2021,8,10,3,3,5,2,0,1,1,0,0,803615.3134,5825610.68,13.47338524,52.49593344,0
4201,213780,bike + car,11,2,2300419.0,2021,7,10,5,3,3,6,0,1,1,0,0,801367.2517,5825876.977,13.44061232,52.49956625,0
4202,213781,bike + car,11,7,7300515.0,2021,7,12,4,3,5,2,0,1,1,0,0,793898.6713,5822405.714,13.3278483,52.47252163,0
4203,213782,bike + car,11,12,12100205.0,2021,8,17,4,3,0,1,0,1,1,0,0,794958.0233,5833112.53,13.35289323,52.56792934,0
4204,213783,car,11,2,2500832.0,2021,7,14,1,3,2,6,0,0,1,0,0,803653.823,5827412.532,13.47559397,52.51206158,0
4205,213784,bike + car,11,10,10200629.0,2021,8,14,6,3,5,7,0,1,1,0,0,811123.1119,5828638.372,13.58645234,52.51883816,0
4206,213786,bike + car,11,2,2100101.0,2021,8,14,6,3,5,2,0,1,1,0,0,797389.4403,5826181.767,13.38245944,52.50448062,0
4207,213787,bike + car,11,9,9200717.0,2021,7,12,2,3,0,1,0,1,1,0,0,809268.4329,5819602.638,13.5508255,52.43891661,0
4208,213788,car + pedestrian,11,10,10100315.0,2021,7,15,2,3,6,2,0,0,1,1,0,809861.8342,5831140.809,13.57025581,52.54198195,0
4209,213789,bike + car,11,2,2400623.0,2021,8,14,1,3,5,3,0,1,1,0,0,800465.8266,5827611.906,13.42893903,52.51561402,0
4210,213791,car,11,8,8301036.0,2021,8,23,1,2,5,2,2,0,1,0,0,803734.396,5818004.535,13.4682128,52.42769437,1
4211,213792,car,11,4,4100101.0,2021,8,15,3,3,5,2,0,0,1,0,1,793341.4146,5829716.24,13.32610912,52.538357,0
4212,213793,car,11,8,8401242.0,2021,8,16,5,3,5,7,0,0,1,0,0,805209.214,5817320.637,13.48921266,52.42074413,0
4213,213795,bike + car,11,3,3601141.0,2021,7,0,6,3,5,2,2,1,1,0,0,799243.5467,5831771.416,13.41472556,52.55356963,0
4214,213797,bike + car,11,8,8200725.0,2021,8,11,4,3,0,6,0,1,1,0,0,800442.0999,5819482.205,13.42126544,52.44275731,0
4215,213799,car,11,8,8100521.0,2021,7,15,6,3,5,3,0,0,1,0,0,802371.3847,5822703.547,13.452481,52.47056723,0
4216,213800,car,11,8,8100206.0,2021,8,21,7,3,2,2,2,0,1,0,1,800725.2016,5823801.521,13.42930953,52.48131745,0
4217,213804,bike + car,11,11,11200513.0,2021,8,14,2,3,5,2,0,1,1,0,0,804193.4886,5830672.751,13.48650412,52.54098093,0
4218,213805,bike + car,11,11,11300725.0,2021,8,9,4,3,5,3,0,1,1,0,0,805261.6503,5827711.334,13.49948684,52.5138422,0
4219,213806,bike,11,7,7100204.0,2021,8,8,4,3,4,6,0,1,0,0,0,795620.2329,5824501.044,13.35497803,52.49037573,0
4220,213807,bike,11,1,1200520.0,2021,7,19,5,2,0,1,0,1,0,0,0,794574.3345,5828704.155,13.34333819,52.52861931,1
4221,213809,car,11,8,8200832.0,2021,8,1,4,3,1,5,2,0,1,0,0,800386.3716,5816767.35,13.41800929,52.4184532,0
4222,213810,car + pedestrian,11,7,7601341.0,2021,7,11,7,3,6,4,0,0,1,1,0,796654.6029,5815850.49,13.3624845,52.41226974,0
4223,213811,car,11,4,4300518.0,2021,7,17,5,3,2,6,0,0,1,0,1,792208.7892,5828619.323,13.30849256,52.52913198,0
4224,213812,bike,11,1,1300732.0,2021,8,8,5,3,0,1,0,1,0,0,0,797684.2261,5832852.215,13.39276408,52.56411205,0
4225,213813,bike + car,11,10,10200418.0,2021,7,6,3,3,4,5,0,1,1,0,0,810815.0959,5831042.384,13.58417487,52.54055705,0
4226,213815,car,11,9,9200819.0,2021,8,17,2,3,2,6,1,0,1,0,1,810528.178,5820315.65,13.56996103,52.44459263,0
4227,213818,bike + car,11,4,4200311.0,2021,7,18,4,3,5,2,0,1,1,0,0,790515.2979,5826208.741,13.28149357,52.50842618,0
4228,213819,car,11,10,10400837.0,2021,8,22,2,2,4,1,2,0,1,0,0,810218.5054,5824206.643,13.56903551,52.47963822,1
4229,213820,bike + car,11,2,2200208.0,2021,8,13,4,2,5,3,0,1,1,0,0,797542.2168,5824998.87,13.38364689,52.493794,1
4230,213821,bike + car,11,8,8200622.0,2021,8,12,5,3,5,3,0,1,1,0,0,801230.5256,5821683.794,13.43481586,52.46205716,0
4231,213822,car,11,9,9502043.0,2021,7,10,7,3,2,6,0,0,1,0,0,809740.1907,5822045.41,13.56000854,52.46054129,0
4232,213823,bike,11,1,1100310.0,2021,7,15,4,3,0,7,0,1,0,0,0,799678.2428,5828722.299,13.41836779,52.52600026,0
4233,213824,bike + pedestrian,11,9,9501838.0,2021,8,15,4,3,6,7,0,1,0,1,0,820240.6256,5819599.265,13.71169339,52.43257297,0
4234,213825,car + pedestrian,11,12,12100101.0,2021,8,21,3,3,5,3,2,0,1,1,0,796641.4958,5832413.406,13.37703368,52.56074776,0
4235,213826,bike + car,11,8,8200622.0,2021,7,15,6,2,1,5,0,1,1,0,0,801332.9523,5821307.541,13.43597928,52.45862822,1
4236,213828,bike,11,8,8100415.0,2021,8,18,6,2,0,3,0,1,0,0,0,801850.981,5823335.358,13.44541477,52.47651805,1
4237,213829,car,11,5,5200631.0,2021,8,19,2,3,5,3,0,0,1,0,1,785105.774,5827527.563,13.20313565,52.52310486,0
4238,213830,bike,11,2,2500727.0,2021,8,19,6,3,5,3,0,1,0,0,0,802686.4931,5828097.246,13.46200628,52.51873623,0
4239,213831,car,11,8,8200725.0,2021,7,9,2,3,5,3,0,0,1,0,0,800421.727,5819269.435,13.42077533,52.44086134,0
4240,213833,car,11,4,4500937.0,2021,8,14,3,3,5,2,0,0,1,0,0,790957.6668,5824827.808,13.28678656,52.49581035,0
4241,213836,car,11,1,1401045.0,2021,8,18,4,3,2,6,0,0,1,0,0,796491.937,5831909.744,13.37438395,52.55631445,0
4242,213837,bike + car,11,8,8100102.0,2021,7,17,1,3,5,2,0,1,1,0,0,800176.9878,5823657.656,13.42113163,52.48032955,0
4243,213839,car,11,4,4501042.0,2021,8,12,2,3,3,6,0,0,1,0,0,794037.7215,5826118.2,13.33316527,52.5057274,0
4244,213840,bike + car,11,9,9200510.0,2021,8,7,6,3,2,2,0,1,1,0,0,806067.3297,5823415.202,13.50737572,52.4748873,0
4245,213841,bike,11,7,7400721.0,2021,7,21,1,3,0,1,2,1,0,0,1,798737.9702,5823956.308,13.40027285,52.48379568,0
4246,213843,car + pedestrian,11,5,5100316.0,2021,8,5,2,3,6,4,0,0,1,1,1,784035.6121,5829035.851,13.18869355,52.53718691,0
4247,213845,bike + car,11,8,8100521.0,2021,8,13,1,3,5,3,0,1,1,0,0,803954.9449,5822026.434,13.47510543,52.46361964,0
4248,213846,car,11,1,1300836.0,2021,8,11,3,3,5,3,0,0,1,0,0,796438.174,5830101.742,13.37197936,52.54013692,0
4249,213847,bike + car,11,8,8401243.0,2021,8,12,5,3,2,2,0,1,1,0,0,805564.8917,5817120.783,13.49424423,52.41875443,0
4250,213848,car,11,4,4300415.0,2021,8,14,5,2,1,7,0,0,1,0,0,791262.6563,5825878.632,13.29218546,52.50506826,1
4251,213850,car,11,11,11300620.0,2021,8,7,5,3,1,5,0,0,1,0,0,804205.1628,5829318.724,13.48543642,52.52883885,0
4252,213851,car,11,6,6200315.0,2021,7,11,7,3,0,7,0,0,1,0,0,794996.1721,5817317.679,13.33946588,52.42631861,0
4253,213852,bike + car,11,4,4500936.0,2021,7,13,7,3,5,2,0,1,1,0,0,792091.0135,5825297.824,13.30384568,52.49941859,0
4254,213853,car,11,1,1100310.0,2021,8,13,1,3,2,6,0,0,1,0,0,799097.0112,5827598.914,13.40881573,52.51624994,0
4255,213854,bike,11,4,4501153.0,2021,8,18,3,3,5,2,0,1,0,0,0,794187.0039,5823237.094,13.33281439,52.47981933,0
4256,213860,car,11,7,7300619.0,2021,7,9,6,3,5,2,0,0,1,0,0,795415.2093,5820992.572,13.3488596,52.4590357,0
4257,213862,bike + car,11,6,6200311.0,2021,8,16,2,3,2,3,0,1,1,0,0,796241.3386,5818273.471,13.3585719,52.43421386,0
4258,213865,bike + car,11,4,4501043.0,2021,7,16,4,3,5,3,0,1,1,0,0,792912.1243,5824395.826,13.31511408,52.49089234,0
4259,213868,bike + car,11,1,1401047.0,2021,8,13,7,3,1,5,0,1,1,0,0,795555.9475,5830712.304,13.35955218,52.54608928,0
4260,213869,bike + car,11,1,1300730.0,2021,8,14,2,3,2,6,0,1,1,0,0,796217.9461,5832202.364,13.37061549,52.55908657,0
4261,213870,bike + car,11,3,3200308.0,2021,8,13,6,2,5,2,0,1,1,0,0,799873.0238,5836930.401,13.42864826,52.59946464,1
4262,213871,bike + car,11,12,12400618.0,2021,7,16,2,3,5,2,0,1,1,0,0,787285.0743,5837905.432,13.24415746,52.61500337,0
4263,213872,car,11,10,10100313.0,2021,7,12,4,2,9,1,0,0,1,0,0,808508.3799,5831158.717,13.55037846,52.54291039,1
4264,213873,car,11,8,8200623.0,2021,8,23,1,3,1,5,2,0,1,0,1,801803.1797,5821111.17,13.44270149,52.45660864,0
4265,213875,car,11,4,4500939.0,2021,8,19,2,3,5,3,0,0,1,0,1,791968.5986,5824746.139,13.30156389,52.49453833,0
4266,213876,bike,11,4,4300412.0,2021,8,14,3,2,0,7,0,1,0,0,0,791408.0797,5827478.343,13.29572275,52.51933187,1
4267,213878,car,11,4,4400726.0,2021,8,10,2,3,2,6,0,0,1,0,0,790858.5535,5824640.174,13.2851669,52.49418103,0
4268,213879,bike + car,11,2,2500830.0,2021,8,18,6,3,1,5,0,1,1,0,0,802465.0357,5827411.254,13.45812886,52.5127106,0
4269,213881,car,11,8,8100104.0,2021,7,22,6,3,2,6,2,0,1,0,1,800767.5212,5822742.78,13.428976,52.47180428,0
4270,213883,bike + car,11,4,4200310.0,2021,8,11,3,3,5,7,0,1,1,0,0,789908.422,5826703.83,13.273008,52.51318759,0
4271,213885,bike,11,4,4501150.0,2021,8,19,1,3,0,1,0,1,0,0,0,793404.6673,5823926.637,13.32193461,52.48642173,0
4272,213887,car,11,5,5200526.0,2021,8,5,4,3,2,6,1,0,1,0,1,782349.2269,5827040.8,13.16220147,52.52017485,0
4273,213888,car,11,2,2500832.0,2021,7,14,5,3,2,6,0,0,1,0,0,803650.7885,5827406.436,13.47554383,52.51200863,0
4274,213889,bike + car,11,2,2500833.0,2021,7,6,5,3,5,3,0,1,1,0,0,802517.8379,5827266.908,13.45877336,52.51138754,0
4275,213890,bike + car,11,4,4501044.0,2021,8,17,3,3,0,2,0,1,1,0,0,793202.2246,5824545.857,13.3195066,52.49208158,0
4276,213891,bike + car,11,11,11200512.0,2021,8,16,6,3,0,3,0,1,1,0,0,803227.5961,5830239.613,13.47191028,52.53763717,0
4277,213892,car + pedestrian,11,12,12100103.0,2021,8,13,2,3,6,7,0,0,1,1,0,795576.6869,5833237.808,13.36210617,52.56871678,0
4278,213893,bike + car,11,10,10400837.0,2021,8,18,6,3,1,5,0,1,1,0,0,810011.235,5824747.516,13.56649619,52.48460303,0
4279,213894,bike,11,5,5200632.0,2021,7,19,5,3,5,3,0,1,0,0,0,785148.9102,5828325.392,13.20445394,52.53023559,0
4280,213896,bike,11,2,2100102.0,2021,7,9,6,3,2,6,0,1,0,0,0,798250.6802,5825811.637,13.39477901,52.50069278,0
4281,213898,bike + car,11,3,3701554.0,2021,7,22,4,3,1,5,2,1,1,0,0,799065.9578,5830190.53,13.41069053,52.53949696,0
4282,213900,bike + car,11,1,1200628.0,2021,8,17,3,3,5,3,0,1,1,0,0,795530.4836,5828225.788,13.35696671,52.52381366,0
4283,213901,bike + car,11,10,10100205.0,2021,8,12,5,3,5,2,0,1,1,0,0,807991.5945,5832316.071,13.54385545,52.55357476,0
4284,213902,car,11,4,4501148.0,2021,8,13,5,3,5,3,0,0,1,0,0,793020.9868,5823393.322,13.31583151,52.48184678,0
4285,213903,bike + car,11,6,6300634.0,2021,7,8,5,3,5,2,0,1,1,0,0,791394.5449,5817818.159,13.28708317,52.43273553,0
4286,213905,bike + car,11,7,7501032.0,2021,7,15,6,3,5,3,0,1,1,0,0,799319.0467,5819602.931,13.40490001,52.44445534,0
4287,213906,bike + car,11,1,1401047.0,2021,7,8,6,3,1,5,0,1,1,0,0,795657.6208,5830628.824,13.36097286,52.54528579,0
4288,213907,car,11,9,9200510.0,2021,8,19,1,3,2,6,0,0,1,0,0,806402.4756,5823015.152,13.51192725,52.47111401,0
4289,213909,car,11,8,8200624.0,2021,7,17,3,3,5,3,0,0,1,0,0,801179.7485,5820596.796,13.4330902,52.45234202,0
4290,213911,bike + car,11,3,3601450.0,2021,8,7,2,3,2,6,0,1,1,0,0,802323.0667,5829859.76,13.45826896,52.53473511,0
4291,213912,car,11,4,4200311.0,2021,7,9,3,3,3,6,0,0,1,0,0,790277.4871,5826014.014,13.27782962,52.50680703,0
4292,213913,bike,11,1,1400942.0,2021,8,14,4,3,3,6,0,1,0,0,0,794758.7343,5830894.641,13.34799169,52.5481557,0
4293,213914,bike + car,11,1,1100308.0,2021,7,22,6,3,5,3,2,1,1,0,0,797044.6328,5829327.236,13.38020296,52.53286411,0
4294,213917,car + pedestrian,11,3,3300411.0,2021,8,15,4,2,6,4,0,0,1,1,0,803672.0703,5839096.993,13.48655638,52.61677441,1
4295,213918,bike + car,11,11,11300620.0,2021,7,21,5,3,5,2,0,1,1,0,0,803744.3482,5829272.426,13.47862209,52.52868084,0
4296,213919,bike + car,11,1,1100311.0,2021,7,13,4,3,5,2,0,1,1,0,0,799606.792,5827991.155,13.41665912,52.51948597,0
4297,213920,bike + car,11,4,4300412.0,2021,8,16,4,3,5,2,0,1,1,0,0,790797.6792,5827378.319,13.28666463,52.518761,0
4298,213922,bike + car,11,9,9501941.0,2021,8,15,7,3,5,2,0,1,1,0,0,811395.6627,5821164.189,13.58347422,52.45170351,0
4299,213923,bike + car,11,1,1200628.0,2021,8,20,2,3,5,2,1,1,1,0,1,795541.821,5828196.459,13.35710727,52.5235446,0