,ObjectID,vehicle_types,State,District,LOR_ab_2021,AccidentYear,AccidentMonth,AccidentHour,DayOfWeek,AccidentCategory,AccidentType,AccidentTypeDetail,LightingCondition,InvolvingBike,InvolvingCar,InvolvingPedestrian,RoadCondition,GraphicCoord1,GraphicCoord2,LongitudeWGS84,LatitudeWGS84,accident_outcome
4300,213924,bike + car,11,7,7200409.0,2021,8,15,6,3,1,5,0,1,1,0,0,795798.8778,5824312.3,13.35743397,52.48858702,0
4301,213925,car,11,9,9200715.0,2021,7,22,1,3,8,1,2,0,1,0,0,807861.9538,5818113.761,13.52882897,52.42636652,0
4302,213928,bike + pedestrian,11,9,9501939.0,2021,7,16,4,3,6,7,0,1,0,1,0,811025.9991,5821821.089,13.57866378,52.45780079,0
4303,213929,car + pedestrian,11,10,10200524.0,2021,8,18,2,3,6,4,0,0,1,1,0,812605.2084,5830464.949,13.60994124,52.53435872,0
4304,213930,bike,11,1,1100206.0,2021,8,18,4,3,3,6,0,1,0,0,0,797155.7471,5827713.407,13.38039411,52.51833741,0
4305,213932,car + pedestrian,11,1,1100309.0,2021,8,21,5,3,6,2,1,0,1,1,0,798658.55,5828820.48,13.40347026,52.52743985,0
4306,213933,car,11,1,1100310.0,2021,7,23,5,3,5,2,2,0,1,0,0,799248.351,5828469.191,13.41182226,52.52396765,0
4307,213934,bike + car,11,6,6300631.0,2021,7,15,6,3,1,1,0,1,1,0,0,792080.3235,5816497.153,13.29598819,52.42052695,0
4308,213935,car,11,8,8100103.0,2021,8,14,7,3,2,6,0,0,1,0,0,800698.2152,5822922.714,13.42812093,52.47345525,0
4309,213937,bike + car,11,4,4300518.0,2021,7,16,3,3,1,5,0,1,1,0,0,792107.7281,5827787.65,13.30627646,52.5217304,0
4310,213938,car,11,3,3400721.0,2021,8,16,7,3,1,5,0,0,1,0,0,797995.1948,5833054.935,13.39752027,52.56575904,0
4311,213939,bike + car,11,5,5100210.0,2021,8,14,3,3,5,2,0,1,1,0,1,783979.1491,5830107.246,13.1887792,52.54682256,0
4312,213941,bike + car,11,8,8100102.0,2021,8,10,5,3,5,3,0,1,1,0,0,800393.8504,5823322.784,13.42401367,52.4772087,0
4313,213942,bike + car,11,9,9501941.0,2021,7,16,7,3,5,2,0,1,1,0,0,811456.9733,5821168.832,13.58437785,52.45171019,0
4314,213943,car,11,12,12100205.0,2021,7,14,5,3,2,6,0,0,1,0,0,794175.3141,5835403.446,13.34341137,52.5888892,0
4315,213945,car,11,7,7501135.0,2021,7,8,6,3,1,5,0,0,1,0,0,798445.7757,5816906.725,13.38968302,52.4207642,0
4316,213946,car,11,12,12500824.0,2021,7,9,6,3,2,2,0,0,1,0,0,790625.009,5835958.367,13.29163995,52.59577248,0
4317,213948,car,11,12,12500929.0,2021,8,19,2,3,8,1,0,0,1,0,0,794957.4637,5839058.364,13.35818044,52.62122847,0
4318,213951,car,11,5,5200423.0,2021,7,18,2,2,5,2,0,0,1,0,0,780865.8489,5828328.661,13.14148464,52.53248877,1
4319,213952,bike + car,11,8,8100206.0,2021,7,19,6,3,5,3,0,1,1,0,0,801107.8493,5823533.917,13.43468547,52.47870799,0
4320,213953,bike + car,11,1,1200628.0,2021,7,8,4,2,5,2,0,1,1,0,0,795468.3867,5827765.588,13.35564528,52.519722,1
4321,213954,car,11,1,1100310.0,2021,8,20,2,3,3,6,0,0,1,0,0,799277.6377,5828512.442,13.41229157,52.52433926,0
4322,213955,bike + car,11,2,2100102.0,2021,8,20,3,3,5,2,1,1,1,0,1,797958.5536,5826222.137,13.39085553,52.504532,0
4323,213956,car,11,3,3300516.0,2021,7,13,5,3,5,2,0,0,1,0,0,800101.7154,5833875.534,13.42924805,52.57195717,0
4324,213957,car,11,1,1100310.0,2021,7,6,4,3,5,2,0,0,1,0,0,799246.9565,5828469.031,13.41180163,52.52396699,0
4325,213958,bike + car,11,12,12500824.0,2021,8,14,3,3,5,3,0,1,1,0,0,790625.4505,5835955.499,13.29164394,52.59574654,0
4326,213962,bike + car,11,2,2400625.0,2021,7,20,6,3,5,2,1,1,1,0,0,801765.3262,5826249.693,13.44679646,52.50268697,0
4327,213963,car,11,12,12601031.0,2021,7,0,6,3,8,1,2,0,1,0,0,793547.4123,5836903.072,13.33549878,52.60267152,0
4328,213964,bike + car,11,4,4300623.0,2021,8,15,6,3,5,7,0,1,1,0,0,792725.01,5826102.048,13.31386565,52.5062885,0
4329,213965,bike + car,11,8,8100105.0,2021,8,18,2,3,5,2,0,1,1,0,0,800944.4966,5822300.867,13.43117498,52.46774579,0
4330,213966,car,11,10,10200418.0,2021,7,11,2,3,5,2,0,0,1,0,0,811288.6004,5831560.788,13.59161992,52.54493232,0
4331,213967,bike + car,11,1,1100312.0,2021,8,20,7,3,5,2,1,1,1,0,0,799651.2417,5827045.792,13.41646091,52.51098784,0
4332,213971,bike + pedestrian,11,1,1401045.0,2021,8,17,2,3,6,7,0,1,0,1,0,796703.4795,5831647.904,13.37726107,52.55385214,0
4333,213972,bike,11,1,1100101.0,2021,8,0,4,3,0,1,2,1,0,0,0,794655.3333,5826066.733,13.34219295,52.50493283,0
4334,213974,car,11,11,11200513.0,2021,7,22,4,3,5,3,2,0,1,0,0,804575.1476,5831042.677,13.4924535,52.5440832,0
4335,213975,bike + car,11,6,6100210.0,2021,8,9,5,3,1,5,0,1,1,0,0,794800.7346,5821009.597,13.33985706,52.45952013,0
4336,213977,bike + car,11,2,2300316.0,2021,8,15,6,3,5,2,0,1,1,0,0,801470.7316,5826044.79,13.44228402,52.50101322,0
4337,213978,bike + car,11,4,4300416.0,2021,8,15,2,2,5,2,0,1,1,0,0,791789.6026,5826098.099,13.30011941,52.5067542,1
4338,213979,bike + car,11,4,4501148.0,2021,8,22,6,3,5,2,2,1,1,0,0,793346.8252,5823084.35,13.32034405,52.47890201,0
4339,213980,bike,11,10,10400940.0,2021,7,15,1,3,4,1,0,1,0,0,0,812379.3956,5824090.429,13.60064214,52.47736513,0
4340,213981,car + pedestrian,11,2,2300316.0,2021,8,20,1,3,1,7,1,0,1,1,0,801245.4069,5825972.867,13.43890955,52.50049299,0
4341,213982,car + pedestrian,11,9,9100304.0,2021,7,14,4,2,6,4,0,0,1,1,0,804554.5438,5822498.96,13.48433517,52.46752089,1
4342,213983,car,11,6,6100206.0,2021,8,20,2,3,2,6,2,0,1,0,1,794097.9248,5819501.008,13.32821432,52.44637492,0
4343,213984,bike + car,11,2,2200209.0,2021,8,16,4,2,5,2,0,1,1,0,0,796813.2806,5823979.519,13.37203367,52.48505339,1
4344,213985,bike + car,11,9,9401635.0,2021,8,16,5,3,5,3,0,1,1,0,0,816646.7761,5817431.712,13.6569564,52.41524237,0
4345,213987,car + pedestrian,11,7,7501030.0,2021,7,14,6,2,6,4,0,0,1,1,0,797980.096,5819783.295,13.38541915,52.44680342,1
4346,213988,car,11,1,1200629.0,2021,8,14,5,3,5,7,0,0,1,0,0,794558.2689,5827507.997,13.34204264,52.51790525,0
4347,213989,bike,11,5,5100316.0,2021,7,14,1,2,9,1,0,1,0,0,0,785082.3084,5829425.398,13.20441841,52.540133,1
4348,213990,car + pedestrian,11,9,9501737.0,2021,7,12,7,3,6,4,0,0,1,1,0,814274.7015,5821931.971,13.62642438,52.45693615,0
4349,213992,bike + car,11,1,1200626.0,2021,8,18,3,3,3,6,0,1,1,0,0,795498.4946,5828219.487,13.35649098,52.52377451,0
4350,213994,bike + car,11,3,3400618.0,2021,8,10,1,3,0,1,0,1,1,0,0,796127.3753,5836570.617,13.37318555,52.59829241,0
4351,213996,car,11,6,6300528.0,2021,8,16,4,3,5,3,0,0,1,0,0,789298.2011,5816083.361,13.25483337,52.41829494,0
4352,213997,car,11,1,1100308.0,2021,8,15,5,3,2,6,0,0,1,0,0,796775.6115,5828816.313,13.37579245,52.52843079,0
4353,213999,bike + car,11,11,11300722.0,2021,7,12,5,3,1,5,0,1,1,0,0,803806.5179,5827751.317,13.47814638,52.51501299,0
4354,214000,car,11,2,2100106.0,2021,8,3,5,3,5,2,2,0,1,0,0,798598.3849,5825578.664,13.39967723,52.49841434,0
4355,214001,car,11,2,2400623.0,2021,7,17,6,3,2,1,0,0,1,0,0,800560.8188,5827024.98,13.4298046,52.51030089,0
4356,214002,car,11,5,5300737.0,2021,7,15,5,3,5,3,0,0,1,0,0,787940.4067,5830041.989,13.2469791,52.54415822,0
4357,214003,bike,11,1,1100416.0,2021,8,21,6,3,0,1,2,1,0,0,1,798679.7307,5829463.114,13.40435891,52.53318855,0
4358,214005,car,11,3,3400831.0,2021,8,23,6,2,9,1,2,0,1,0,0,799760.4202,5833788.45,13.42414844,52.57136468,1
4359,214008,bike + car,11,11,11200514.0,2021,8,17,2,3,5,3,0,1,1,0,0,805035.3975,5830436.264,13.49866266,52.53839081,0
4360,214009,bike + car,11,7,7200308.0,2021,7,8,5,3,2,2,0,1,1,0,0,795216.2091,5823199.434,13.34789196,52.47892633,0
4361,214010,bike + car,11,3,3601245.0,2021,7,10,4,3,4,5,0,1,1,0,0,800655.4435,5831074.772,13.43485678,52.54654797,0
4362,214012,bike + car,11,7,7100102.0,2021,7,18,2,2,5,7,0,1,1,0,0,795282.4422,5825402.331,13.35081627,52.49863793,1
4363,214013,car,11,1,1100205.0,2021,8,13,6,3,3,2,0,0,1,0,0,796974.044,5827042.638,13.37712543,52.51242367,0
4364,214014,bike + car,11,9,9501737.0,2021,8,13,2,3,5,2,0,1,1,0,0,813766.4822,5821746.257,13.61879482,52.45556393,0
4365,214015,bike + car,11,12,12400720.0,2021,8,8,6,3,2,6,0,1,1,0,0,789100.8885,5840188.662,13.27289891,52.63450958,0
4366,214016,car,11,5,5200633.0,2021,7,11,2,3,2,6,0,0,1,0,0,784053.4997,5827184.802,13.187375,52.52058086,0
4367,214017,bike + car,11,7,7300619.0,2021,7,8,1,3,5,2,0,1,1,0,0,795243.269,5822270.82,13.34746722,52.4705873,0
4368,214020,bike + car,11,10,10100311.0,2021,8,14,7,3,5,2,0,1,1,0,0,807500.9481,5829177.511,13.53373699,52.52572434,0
4369,214023,bike,11,2,2500830.0,2021,8,18,5,2,0,7,0,1,0,0,0,802563.0704,5827389.369,13.45954917,52.51246007,1
4370,214024,bike + car,11,7,7601340.0,2021,7,11,6,3,5,2,0,1,1,0,0,796134.2938,5815933.292,13.35493031,52.41329371,0
4371,214029,car,11,9,9100304.0,2021,7,11,1,3,5,2,0,0,1,0,0,804385.7086,5821738.033,13.48116348,52.46079499,0
4372,214033,bike,11,4,4200203.0,2021,8,16,1,2,8,1,0,1,0,0,1,788286.669,5826920.484,13.24936406,52.51598958,1
4373,214034,car,11,6,6100101.0,2021,7,10,4,2,1,7,0,0,1,0,0,793286.4234,5820759.306,13.31741342,52.45809115,1
4374,214035,bike + pedestrian,11,6,6100103.0,2021,8,16,1,3,6,7,0,1,0,1,0,793804.8092,5821022.576,13.32525259,52.46017283,0
4375,214041,car,11,5,5200418.0,2021,7,17,7,3,0,5,0,0,1,0,0,780689.6329,5829143.035,13.13958152,52.53988177,0
4376,214042,bike + car,11,7,7601341.0,2021,7,16,6,3,5,3,0,1,1,0,0,798071.7948,5814227.608,13.38181477,52.39695237,0
4377,214045,bike + car,11,8,8100102.0,2021,7,17,4,3,1,5,0,1,1,0,0,800464.0737,5823634.33,13.42532524,52.4799626,0
4378,214046,bike,11,1,1100310.0,2021,8,6,7,3,0,1,0,1,0,0,0,799647.2923,5828695.539,13.41788882,52.52577741,0
4379,214048,car + pedestrian,11,12,12200309.0,2021,8,16,4,3,6,2,0,0,1,1,0,793353.0243,5832940.497,13.32912876,52.56725446,0
4380,214049,car,11,4,4500939.0,2021,8,11,5,3,5,3,0,0,1,0,0,792203.8685,5824081.113,13.30443628,52.48845059,0
4381,214051,bike + car,11,5,5100207.0,2021,7,19,5,2,5,3,0,1,1,0,0,779992.1118,5830307.606,13.13030541,52.55068307,1
4382,214053,bike + car,11,11,11501340.0,2021,8,11,4,3,1,5,0,1,1,0,0,808133.96,5825376.044,13.53951939,52.49129849,0
4383,214054,bike + car,11,7,7601545.0,2021,7,16,6,3,1,5,0,1,1,0,0,800060.6259,5813307.16,13.41013389,52.38761585,0
4384,214056,car,11,4,4501041.0,2021,8,10,6,3,2,6,0,0,1,0,0,792931.4997,5825530.487,13.31639644,52.50105383,0
4385,214057,bike + car,11,6,6400736.0,2021,8,10,2,3,5,2,0,1,1,0,0,787513.0785,5816890.419,13.22935029,52.4264716,0
4386,214058,car + pedestrian,11,3,3200310.0,2021,8,22,6,3,6,4,2,0,1,1,0,799442.6121,5838263.817,13.42351874,52.61165355,0
4387,214059,bike + car,11,6,6300633.0,2021,7,9,2,3,2,7,0,1,1,0,0,792446.0689,5818815.296,13.30337861,52.44111364,0
4388,214060,bike + car,11,1,1300733.0,2021,7,7,4,3,5,2,0,1,1,0,0,797576.6408,5831889.949,13.39031873,52.55554541,0
4389,214061,car,11,5,5300737.0,2021,8,11,3,3,2,6,0,0,1,0,0,787788.87,5829403.297,13.24419739,52.53851213,0
4390,214063,bike + car,11,11,11501341.0,2021,7,10,5,3,5,3,0,1,1,0,0,807185.5161,5823813.502,13.52415416,52.47782924,0
4391,214064,bike + car,11,1,1100101.0,2021,8,7,4,3,0,7,0,1,1,0,0,794676.3537,5826179.417,13.34260148,52.50593162,0
4392,214065,car + pedestrian,11,8,8100314.0,2021,7,7,2,3,6,4,0,0,1,1,1,801092.1917,5823811.608,13.43470637,52.48120564,0
4393,214067,bike + car,11,6,6100210.0,2021,8,21,1,3,5,3,2,1,1,0,1,794713.8148,5821563.387,13.33907045,52.46453145,0
4394,214068,bike + car,11,7,7100102.0,2021,8,7,6,3,2,2,0,1,1,0,0,795411.226,5824986.15,13.35233879,52.49483748,0
4395,214069,car + pedestrian,11,12,12400723.0,2021,7,18,1,3,6,7,0,0,1,1,1,791872.2994,5838189.252,13.31196938,52.61510342,0
4396,214070,bike + pedestrian,11,7,7200411.0,2021,8,12,5,3,6,4,0,1,0,1,0,796206.0614,5824231.807,13.36334179,52.48764469,0
4397,214071,car,11,5,5300736.0,2021,7,15,6,3,5,3,0,0,1,0,0,786012.6131,5829295.037,13.21798606,52.5384767,0
4398,214073,car,11,4,4501042.0,2021,7,22,4,3,5,2,2,0,1,0,0,794480.0413,5825855.631,13.3394311,52.50313507,0
4399,214074,car,11,8,8200831.0,2021,8,12,1,3,5,3,0,0,1,0,0,799907.8181,5816245.149,13.41052556,52.4140348,0
4400,214075,car,11,1,1401045.0,2021,7,16,7,3,3,6,0,0,1,0,0,797045.2621,5831893.486,13.38250711,52.55586719,0
4401,214077,bike + car,11,10,10200423.0,2021,8,9,5,3,2,3,0,1,1,0,0,813015.8101,5831217.009,13.61668333,52.54086225,0
4402,214078,bike + car,11,3,3500934.0,2021,8,15,5,3,2,6,0,1,1,0,0,801252.5794,5831813.38,13.4443062,52.5528383,0
4403,214080,bike,11,1,1100308.0,2021,7,17,6,2,0,1,0,1,0,0,0,797136.4792,5827820.236,13.38020641,52.51930551,1
4404,214081,car,11,8,8100416.0,2021,8,9,4,3,2,6,0,0,1,0,0,801996.1559,5823274.566,13.44749074,52.47589291,0
4405,214082,bike,11,1,1200521.0,2021,7,1,6,2,0,1,2,1,0,0,0,793686.4421,5828141.747,13.32979066,52.52405669,1
4406,214083,bike + car,11,1,1200627.0,2021,7,19,5,3,0,2,0,1,1,0,1,795501.6161,5828373.914,13.35667408,52.52515713,0
4407,214084,car + pedestrian,11,3,3300411.0,2021,8,17,1,3,6,4,0,0,1,1,0,803902.1006,5839613.801,13.49041848,52.62127766,0
4408,214086,bike + car,11,11,11300721.0,2021,7,13,3,3,5,2,0,1,1,0,0,805532.163,5830048.844,13.50560819,52.53464035,0
4409,214087,bike + car,11,3,3200310.0,2021,8,17,7,2,5,7,0,1,1,0,0,799222.7674,5838175.452,13.42020169,52.61098258,1
4410,214088,bike + car,11,3,3601346.0,2021,8,13,2,3,1,5,0,1,1,0,0,799466.8513,5831032.364,13.41734281,52.54682249,0
4411,214089,car + pedestrian,11,8,8200623.0,2021,7,12,3,3,6,2,0,0,1,1,0,801563.1961,5820649.607,13.4387635,52.45260398,0
4412,214092,car + pedestrian,11,11,11200410.0,2021,8,17,2,2,6,4,0,0,1,1,0,805848.5237,5832345.584,13.51237249,52.55504688,1
4413,214093,bike + car,11,4,4501040.0,2021,8,19,3,3,1,5,0,1,1,0,0,792550.9886,5825545.066,13.3108196,52.50138866,0
4414,214095,bike + car,11,7,7100205.0,2021,7,18,4,3,5,3,0,1,1,0,0,796414.1173,5824875.605,13.36696963,52.49330284,0
4415,214096,bike,11,1,1100416.0,2021,8,7,4,3,5,2,0,1,0,0,0,798797.3019,5829185.931,13.4058379,52.53063956,0
4416,214098,bike + car,11,1,1100102.0,2021,8,15,7,3,0,2,0,1,1,0,0,796635.3528,5826670.841,13.37181786,52.50927518,0
4417,214101,bike + car,11,2,2100102.0,2021,7,10,7,3,1,5,0,1,1,0,0,797928.8471,5826416.462,13.39059305,52.5062901,0
4418,214102,bike + car,11,12,12500929.0,2021,7,14,7,3,5,3,0,1,1,0,0,794029.325,5838135.29,13.34368894,52.61345695,0
4419,214103,bike + car,11,4,4300619.0,2021,8,9,7,2,5,2,0,1,1,0,0,791905.1561,5827432.304,13.30298745,52.51865328,1
4420,214104,car,11,12,12200412.0,2021,8,22,3,3,5,2,1,0,1,0,1,791167.9437,5834020.894,13.29793028,52.5781131,0
4421,214105,bike + car,11,7,7601442.0,2021,7,11,4,3,5,2,0,1,1,0,0,799275.186,5816272.853,13.4012765,52.41462937,0
4422,214108,bike + car,11,3,3400826.0,2021,8,16,3,3,5,7,0,1,1,0,0,798228.5794,5832288.958,13.40026486,52.55876536,0
4423,214109,bike + car,11,2,2500727.0,2021,8,9,4,3,5,3,0,1,1,0,0,802588.9899,5827779.649,13.46028483,52.51594374,0
4424,214111,car,11,4,4300620.0,2021,8,11,4,3,5,7,0,0,1,0,0,793563.718,5827766.991,13.32765618,52.52076328,0
4425,214112,car + pedestrian,11,4,4100102.0,2021,8,18,4,2,6,4,0,0,1,1,0,791482.4568,5829459.625,13.29855281,52.537054,1
4426,214113,bike + car,11,5,5300736.0,2021,7,17,7,3,5,2,0,1,1,0,0,786086.118,5829145.207,13.21893788,52.53709477,0
4427,214114,car,11,5,5100316.0,2021,7,14,5,3,5,2,0,0,1,0,0,783941.4701,5828984.132,13.18726507,52.53677225,0
4428,214115,bike + car,11,7,7200409.0,2021,8,10,4,3,1,5,0,1,1,0,0,795454.5525,5824070.702,13.35216341,52.48660772,0
4429,214116,bike + car,11,7,7400824.0,2021,7,20,3,2,5,3,1,1,1,0,0,797844.7457,5822041.914,13.38544836,52.46712326,1
4430,214117,car,11,12,12200309.0,2021,8,22,6,3,8,1,2,0,1,0,1,793303.1777,5832563.102,13.32806177,52.56389818,0
4431,214118,bike + car,11,1,1100312.0,2021,8,16,3,3,5,3,0,1,1,0,0,799645.0669,5827049.772,13.41637378,52.5110269,0
4432,214119,bike,11,1,1100311.0,2021,8,20,6,2,3,6,1,1,0,0,0,799723.2902,5827709.321,13.41811702,52.51689576,1
4433,214121,bike + car,11,8,8100417.0,2021,7,13,4,3,5,3,0,1,1,0,0,802276.2266,5822845.251,13.45121277,52.47188999,0
4434,214122,car + pedestrian,11,8,8100417.0,2021,8,13,3,2,6,4,0,0,1,1,0,802409.0644,5823033.72,13.45333334,52.47350574,1
4435,214123,car,11,1,1200520.0,2021,7,17,5,3,4,6,0,0,1,0,0,794210.4224,5828541.592,13.33784538,52.52735856,0
4436,214125,car,11,9,,2021,8,10,2,3,0,1,0,0,1,0,0,808645.9485,5815247.518,13.53768007,52.40023729,0
4437,214126,bike,11,1,1300733.0,2021,8,21,4,3,5,2,2,1,0,0,0,797680.8768,5831315.245,13.39133638,52.55033697,0
4438,214127,car,11,7,7100205.0,2021,7,7,7,3,8,1,0,0,1,0,0,796346.3102,5824888.964,13.36598569,52.49345941,0
4439,214129,car + pedestrian,11,9,9100409.0,2021,8,16,2,3,6,7,0,0,1,1,0,806427.3513,5818737.376,13.50836761,52.43276093,0
4440,214130,car,11,6,6100206.0,2021,8,7,6,3,5,2,0,0,1,0,0,794734.7812,5820068.143,13.33805815,52.45111607,0
4441,214131,bike + car,11,2,2100101.0,2021,7,14,5,3,1,5,0,1,1,0,0,797726.7967,5825775.992,13.38705224,52.50065934,0
4442,214132,car,11,2,2300419.0,2021,8,10,5,3,2,6,0,0,1,0,0,801836.0036,5825746.498,13.4473785,52.49813769,0
4443,214134,car + pedestrian,11,11,11100204.0,2021,8,17,1,2,6,4,0,0,1,1,0,806402.5824,5833724.561,13.52179242,52.567094,1
4444,214135,car,11,1,1401044.0,2021,8,4,2,3,8,1,1,0,1,0,0,796464.4317,5831649.017,13.37374657,52.55399228,0
4445,214136,bike + car,11,11,11200513.0,2021,7,17,4,3,5,3,0,1,1,0,0,804648.1879,5831123.52,13.49360138,52.54476692,0
4446,214137,bike + car,11,11,11200512.0,2021,8,18,1,3,1,5,0,1,1,0,0,803893.9559,5831292.932,13.48266841,52.54670649,0
4447,214138,car,11,11,11300620.0,2021,8,15,3,3,1,5,0,0,1,0,0,804047.7421,5828916.364,13.4827551,52.52532047,0
4448,214139,car + pedestrian,11,11,11501341.0,2021,8,19,5,2,6,4,0,0,1,1,0,807242.6886,5824134.91,13.52528947,52.4806776,1
4449,214140,bike + car,11,7,7100102.0,2021,8,22,5,3,5,3,2,1,1,0,0,794929.5799,5825540.796,13.34575593,52.50006999,0
4450,214141,car,11,8,8401241.0,2021,7,14,4,3,2,6,0,0,1,0,0,804207.217,5818439.976,13.47554151,52.4313345,0
4451,214142,bike + car,11,1,1200623.0,2021,8,12,4,3,0,2,0,1,1,0,0,795476.1379,5829574.914,13.3573671,52.53593687,0
4452,214143,bike + car,11,1,1100308.0,2021,7,14,6,3,5,2,0,1,1,0,0,797257.9484,5829087.605,13.38312422,52.53059981,0
4453,214144,bike + car,11,11,11300724.0,2021,7,17,5,3,0,7,0,1,1,0,1,804455.3098,5828170.673,13.48806154,52.51840974,0
4454,214145,bike + car,11,2,2300314.0,2021,8,10,7,3,3,6,0,1,1,0,0,799955.3243,5826105.077,13.4200806,52.5023887,0
4455,214146,bike + car,11,1,1100310.0,2021,8,18,2,3,1,5,0,1,1,0,0,799146.6156,5828584.256,13.41043071,52.52505487,0
4456,214147,bike + car,11,11,11300826.0,2021,7,17,2,3,5,3,0,1,1,0,0,804256.3389,5827060.241,13.48412298,52.50856839,0
4457,214148,bike + car,11,11,11501340.0,2021,8,10,7,2,5,2,0,1,1,0,0,807323.9619,5824796.993,13.52709282,52.48656555,1
4458,214150,car,11,6,6400737.0,2021,7,15,2,3,2,2,0,0,1,0,0,784861.9393,5817653.862,13.19111591,52.4347036,0
4459,214151,bike + car,11,12,12400618.0,2021,8,11,4,3,5,2,0,1,1,0,0,787205.7466,5837998.731,13.24307003,52.61588175,0
4460,214152,bike + car,11,1,1100415.0,2021,7,19,4,3,1,5,0,1,1,0,0,798354.363,5829301.712,13.39943152,52.53192,0
4461,214153,bike + car,11,6,6300525.0,2021,8,17,2,3,5,2,0,1,1,0,0,790210.211,5815096.697,13.2673509,52.40896629,0
4462,214154,bike + car,11,1,1100205.0,2021,8,16,4,3,5,2,0,1,1,0,0,796968.8041,5826857.684,13.37688341,52.51076861,0
4463,214157,bike + car,11,12,12100102.0,2021,8,10,5,3,5,2,0,1,1,0,0,796723.5319,5833261.719,13.378999,52.56830719,0
4464,214158,bike + car,11,9,9501939.0,2021,7,15,3,3,5,2,0,1,1,0,0,809638.3683,5821500.289,13.55800911,52.45571372,0
4465,214159,bike,11,11,11300826.0,2021,8,8,5,3,5,3,0,1,0,0,0,804141.5207,5826811.577,13.48220923,52.50640373,0
4466,214161,car,11,6,6200313.0,2021,8,12,6,3,2,6,0,0,1,0,0,795337.0046,5818429.273,13.34544577,52.43609956,0
4467,214163,car,11,8,8200832.0,2021,8,12,2,3,2,6,0,0,1,0,0,801493.4911,5817768.641,13.43514201,52.42681941,0
4468,214165,bike,11,2,2100101.0,2021,8,8,2,3,5,2,0,1,0,0,0,797379.7689,5826176.41,13.38231258,52.50443787,0
4469,214166,bike + car,11,9,9200511.0,2021,8,18,4,2,5,2,0,1,1,0,0,806814.1949,5821997.972,13.51703437,52.46176668,1
4470,214167,car,11,1,1100207.0,2021,8,17,4,3,5,3,0,0,1,0,0,797961.1417,5826980.238,13.39157212,52.51132602,0
4471,214168,bike + car,11,7,7100102.0,2021,8,18,5,3,5,2,0,1,1,0,0,794965.8881,5825571.457,13.34631641,52.50032522,0
4472,214169,car,11,6,6300632.0,2021,7,13,6,3,5,3,0,0,1,0,0,791786.661,5817475.713,13.2925357,52.42945647,0
4473,214172,car,11,6,6400735.0,2021,7,18,2,2,9,1,0,0,1,0,0,782952.6126,5815942.345,13.16165707,52.42034825,1
4474,214173,car,11,4,4400835.0,2021,8,22,1,3,1,5,2,0,1,0,1,793004.7658,5822098.227,13.31445549,52.47024531,0
4475,214174,bike + car,11,6,6300525.0,2021,7,20,4,2,5,2,0,1,1,0,0,788979.8289,5816096.141,13.25017596,52.41857772,1
4476,214176,bike + car,11,1,1100207.0,2021,8,14,3,3,5,3,0,1,1,0,0,798480.228,5826665.996,13.39891653,52.50822548,0
4477,214177,car,11,8,8100314.0,2021,8,4,5,3,5,3,1,0,1,0,0,800672.7807,5824167.39,13.42886992,52.48462573,0
4478,214178,car + pedestrian,11,4,4400727.0,2021,8,8,2,3,6,4,0,0,1,1,0,791463.695,5824349.29,13.2938007,52.49125046,0
4479,214180,car,11,2,2500835.0,2021,7,19,6,3,2,6,0,0,1,0,0,802564.4058,5825971.022,13.45827979,52.49974676,0
4480,214181,bike + pedestrian,11,3,3601452.0,2021,8,9,5,3,6,7,0,1,0,1,0,802131.88,5829111.102,13.45477843,52.52813094,0
4481,214182,car + pedestrian,11,12,12601235.0,2021,7,11,6,2,6,4,0,0,1,1,0,794833.6165,5836299.782,13.3538984,52.59656763,1
4482,214184,car,11,11,11300721.0,2021,8,11,3,3,5,3,0,0,1,0,0,804627.0022,5829088.991,13.49142512,52.52654431,0
4483,214185,bike + car,11,8,8200831.0,2021,7,12,3,3,5,2,0,1,1,0,0,799998.2518,5816604.159,13.41217302,52.41720329,0
4484,214187,bike,11,2,2200213.0,2021,8,15,3,3,0,3,0,1,0,0,1,799500.1922,5824932.354,13.41234104,52.49212697,0
4485,214190,bike,11,2,2100104.0,2021,7,7,5,3,0,2,0,1,0,0,0,799116.7849,5826272.677,13.4079144,52.5043513,0
4486,214191,bike + car,11,9,9401534.0,2021,8,13,5,3,1,5,0,1,1,0,0,810880.3913,5820632.398,13.57542124,52.44723107,0
4487,214192,car,11,9,9200717.0,2021,7,12,6,2,4,6,0,0,1,0,0,809743.6007,5819918.3,13.55808604,52.44147663,1
4488,214195,bike + car,11,3,3300411.0,2021,8,17,2,3,5,3,0,1,1,0,0,803750.7631,5839280.864,13.487884,52.61837836,0
4489,214197,bike + car,11,1,1200517.0,2021,8,20,7,3,5,3,1,1,1,0,0,792953.4227,5828564.682,13.31938985,52.52824248,0
4490,214199,bike + car,11,1,1300836.0,2021,7,7,3,3,5,2,0,1,1,0,0,796638.0989,5829799.978,13.37464919,52.53732314,0
4491,214200,car + pedestrian,11,8,8200831.0,2021,7,14,3,3,6,7,0,0,1,1,0,799826.056,5816520.306,13.4095735,52.41654601,0
4492,214201,car + pedestrian,11,2,2500726.0,2021,8,14,3,3,6,4,0,0,1,1,0,802055.1668,5828609.209,13.45319516,52.52367499,0
4493,214202,bike + car,11,1,1100308.0,2021,8,10,4,3,5,7,0,1,1,0,0,797100.2606,5828836.709,13.38058225,52.52843678,0