,ObjectID,vehicle_types,State,District,LOR_ab_2021,AccidentYear,AccidentMonth,AccidentHour,DayOfWeek,AccidentCategory,AccidentType,AccidentTypeDetail,LightingCondition,InvolvingBike,InvolvingCar,InvolvingPedestrian,RoadCondition,GraphicCoord1,GraphicCoord2,LongitudeWGS84,LatitudeWGS84,accident_outcome
4494,214205,car,11,12,12200309.0,2021,8,8,5,2,3,6,0,0,1,0,0,793354.9054,5832953.952,13.32916833,52.56737406,1
4495,214207,car,11,1,1100102.0,2021,8,17,5,3,2,6,0,0,1,0,1,795182.0531,5826944.205,13.35070881,52.51251401,0
4496,214208,bike + car,11,6,6400844.0,2021,8,7,2,3,5,7,0,1,1,0,0,790316.02,5820303.203,13.27342284,52.4555881,0
4497,214209,bike + car,11,6,6200311.0,2021,8,12,6,3,1,5,0,1,1,0,0,796234.3514,5818262.528,13.35845972,52.43411954,0
4498,214210,car,11,5,5200423.0,2021,7,7,7,3,5,3,0,0,1,0,0,782012.9512,5828344.409,13.15836418,52.53203765,0
4499,214212,bike + car,11,6,6100209.0,2021,8,13,1,3,5,2,0,1,1,0,0,794768.0813,5820916.051,13.33929526,52.45869916,0
4500,214214,car,11,7,7601442.0,2021,8,20,1,3,5,2,1,0,1,0,0,799258.5525,5816264.106,13.40102484,52.41456007,0
4501,214216,bike,11,4,4300622.0,2021,8,2,4,2,0,7,2,1,0,0,0,792854.7004,5827007.451,13.31656766,52.51433553,1
4502,214218,bike + car,11,2,2300418.0,2021,7,22,5,2,3,6,2,1,1,0,0,801378.7647,5825248.382,13.44021269,52.49392567,1
4503,214220,bike,11,2,2300315.0,2021,7,6,7,3,0,1,0,1,0,0,0,800461.3396,5825792.757,13.42723119,52.49931088,0
4504,214221,bike + car,11,5,5300840.0,2021,7,13,6,2,5,2,0,1,1,0,0,789209.6915,5829268.977,13.26497126,52.53655571,1
4505,214222,car,11,12,12400619.0,2021,8,21,7,3,9,1,2,0,1,0,1,787376.8016,5837646.903,13.24528393,52.61263707,0
4506,214223,bike + car,11,5,5100313.0,2021,8,11,3,3,5,2,0,1,1,0,0,785395.2705,5830309.692,13.20978027,52.54789762,0
4507,214225,bike,11,1,1100309.0,2021,8,19,7,3,0,5,0,1,0,0,0,798181.1632,5828426.209,13.39610058,52.52416705,0
4508,214226,bike + car,11,5,5100209.0,2021,8,7,2,2,5,3,0,1,1,0,0,782816.6565,5830408.063,13.17193779,52.55012454,1
4509,214228,car,11,5,5300735.0,2021,8,13,5,3,5,2,0,0,1,0,0,786568.5353,5830554.28,13.22724673,52.54947457,0
4510,214229,bike + car,11,7,7100205.0,2021,7,14,7,3,5,2,0,1,1,0,0,796040.9672,5825375.048,13.36193331,52.49798242,0
4511,214231,bike + car,11,10,10100311.0,2021,8,5,3,3,5,3,0,1,1,0,0,806466.5574,5830188.041,13.5194693,52.53536329,0
4512,214234,bike + car,11,4,4200207.0,2021,7,18,5,3,3,6,0,1,1,0,0,789228.5636,5824032.88,13.26069772,52.48960264,0
4513,214236,bike + car,11,11,11401034.0,2021,8,14,2,3,5,3,0,1,1,0,0,806861.3519,5827222.298,13.52253559,52.5085618,0
4514,214237,bike + car,11,11,11100102.0,2021,8,14,6,3,5,2,0,1,1,0,0,808717.565,5834239.762,13.5563187,52.57040328,0
4515,214238,car,11,2,2400624.0,2021,8,2,7,3,5,3,1,0,1,0,0,801614.3807,5827358.899,13.4455844,52.51271236,0
4516,214239,bike,11,6,6100207.0,2021,8,17,3,3,3,6,0,1,0,0,0,793463.0372,5820237.281,13.31954648,52.45331654,0
4517,214240,bike + car,11,4,4501042.0,2021,7,15,3,3,1,5,0,1,1,0,0,794002.2636,5826056.336,13.33258972,52.50519193,0
4518,214241,bike + car,11,7,7601544.0,2021,8,16,1,3,5,2,0,1,1,0,0,799796.6288,5813977.808,13.4068661,52.39377189,0
4519,214246,car,11,11,11400930.0,2021,7,14,5,3,2,6,0,0,1,0,0,806117.1814,5826681.959,13.51110813,52.50413718,0
4520,214247,car + pedestrian,11,10,10300734.0,2021,8,7,5,3,6,4,0,0,1,1,0,809586.1254,5824154.253,13.55970497,52.47952755,0
4521,214248,bike + pedestrian,11,11,11501340.0,2021,7,17,6,3,6,4,0,1,0,1,0,807472.0539,5824977.148,13.5294331,52.48809675,0
4522,214249,bike,11,1,1200517.0,2021,7,14,5,3,0,1,0,1,0,0,0,793537.5527,5828160.087,13.32761859,52.52430128,0
4523,214251,bike,11,6,6400735.0,2021,8,19,3,3,0,1,1,1,0,0,0,784164.4956,5816189.417,13.17963988,52.42193565,0
4524,214252,bike,11,2,2500728.0,2021,8,12,7,3,0,1,0,1,0,0,0,803093.1163,5828294.118,13.46816003,52.52027492,0
4525,214253,bike + car,11,10,10100315.0,2021,8,14,2,3,5,2,0,1,1,0,0,809893.5119,5831578.572,13.57112979,52.54588695,0
4526,214254,bike + car,11,11,11300722.0,2021,7,15,2,3,5,2,0,1,1,0,0,804278.7829,5828519.515,13.48578706,52.52163479,0
4527,214255,bike + car,11,2,2500831.0,2021,7,13,3,3,5,3,0,1,1,0,0,802813.4223,5827294.136,13.46314036,52.51146759,0
4528,214256,bike + car,11,11,11400929.0,2021,8,7,3,3,5,3,0,1,1,0,0,804467.6141,5826398.957,13.48662164,52.5025237,0
4529,214257,bike + car,11,2,2500833.0,2021,8,17,4,3,5,3,0,1,1,0,0,802837.0159,5826935.085,13.46316028,52.50823636,0
4530,214259,car,11,8,8100209.0,2021,7,15,4,3,1,5,0,0,1,0,0,801276.6221,5821936.534,13.43572044,52.46429713,0
4531,214260,bike + car,11,8,8100520.0,2021,8,20,4,3,5,3,1,1,1,0,0,803157.67,5823054.984,13.46434047,52.47328137,0
4532,214262,bike + pedestrian,11,1,1100309.0,2021,8,19,6,3,6,4,0,1,0,1,1,798472.6848,5828386.367,13.40034897,52.52365042,0
4533,214263,bike + car,11,11,11300724.0,2021,8,8,2,3,5,3,0,1,1,0,0,804634.7026,5827820.665,13.49037673,52.51517259,0
4534,214264,bike + car,11,8,8100418.0,2021,8,7,6,3,5,3,0,1,1,0,0,802521.7358,5823710.178,13.45560072,52.47950646,0
4535,214265,bike + car,11,10,10300733.0,2021,7,13,2,3,5,3,0,1,1,0,0,809226.1951,5827213.861,13.55726158,52.50715097,0
4536,214267,car,11,1,1400938.0,2021,8,22,1,3,5,3,2,0,1,0,0,794728.2486,5831210.441,13.3478237,52.55100309,0
4537,214270,bike + pedestrian,11,6,6300633.0,2021,8,7,3,3,6,6,0,1,0,1,1,793255.1308,5819251.504,13.31563025,52.44459088,0
4538,214271,bike + car + pedestrian,11,1,1100308.0,2021,8,20,4,3,6,4,1,1,1,1,0,797110.04,5829250.939,13.38109619,52.53214455,0
4539,214272,car,11,12,12200412.0,2021,8,11,6,3,2,6,0,0,1,0,0,788358.3296,5832116.949,13.25492712,52.56253986,0
4540,214273,bike + car,11,11,11100206.0,2021,7,18,6,3,5,2,0,1,1,0,0,805435.816,5834599.784,13.50837931,52.57548121,0
4541,214274,bike + car,11,12,12500930.0,2021,7,12,6,3,5,2,0,1,1,0,0,792847.6517,5835134.047,13.32363154,52.58719058,0
4542,214276,car,11,10,10200524.0,2021,7,12,7,3,2,6,0,0,1,0,0,813626.2085,5830012.896,13.62451808,52.52972144,0
4543,214277,car,11,7,7601545.0,2021,7,9,7,3,5,3,0,0,1,0,0,800099.6417,5813340.618,13.41073543,52.3878944,0
4544,214279,bike + car,11,12,12200515.0,2021,8,20,3,3,5,3,1,1,1,0,0,790460.8144,5834707.677,13.28812605,52.58464795,0
4545,214282,car,11,8,8100207.0,2021,8,14,2,3,2,6,0,0,1,0,0,801310.4464,5823553.554,13.43767732,52.47877226,0
4546,214283,car,11,9,9200715.0,2021,8,15,4,3,5,2,0,0,1,0,0,808469.5788,5819056.255,13.53860644,52.43447103,0
4547,214284,car + pedestrian,11,6,6200422.0,2021,8,16,4,3,6,2,0,0,1,1,0,794728.7739,5816710.047,13.33500928,52.42101556,0
4548,214287,bike + car + pedestrian,11,1,1100312.0,2021,8,10,4,3,6,4,0,1,1,1,0,799695.7659,5827210.04,13.41726292,52.5124356,0
4549,214288,bike + car,11,8,8100312.0,2021,8,11,4,3,2,6,0,1,1,0,0,801299.3048,5824638.496,13.43849435,52.488503,0
4550,214289,bike + car,11,2,2100104.0,2021,7,15,6,3,5,3,0,1,1,0,0,799344.3317,5826191.915,13.41118423,52.5035026,0
4551,214290,bike + car,11,8,8200624.0,2021,7,12,5,3,5,3,0,1,1,0,0,800951.6669,5820982.06,13.43009115,52.45592091,0
4552,214291,bike + car,11,5,5300839.0,2021,7,15,3,3,5,3,0,1,1,0,0,788846.1821,5830212.96,13.26044744,52.54521157,0
4553,214292,bike + car,11,8,8100521.0,2021,8,8,6,3,5,3,0,1,1,0,0,802482.612,5822558.477,13.45398195,52.46920539,0
4554,214294,car,11,1,1300733.0,2021,8,14,6,3,2,6,0,0,1,0,0,797287.477,5831276.549,13.38551686,52.55020495,0
4555,214295,bike + car,11,7,7200308.0,2021,7,15,1,3,3,6,0,1,1,0,0,794981.5085,5823812.022,13.34498814,52.48454462,0
4556,214297,bike,11,9,9502043.0,2021,7,15,4,3,0,6,0,1,0,0,0,811198.4185,5822134.236,13.58148508,52.46050891,0
4557,214298,bike + car,11,9,9100304.0,2021,8,20,2,3,5,2,1,1,1,0,0,804746.8525,5822302.241,13.48697769,52.46565053,0
4558,214300,bike + car,11,3,3501037.0,2021,7,16,5,3,0,5,0,1,1,0,1,803040.6991,5832189.176,13.47094188,52.55521458,0
4559,214301,bike + car,11,12,12500824.0,2021,8,13,3,3,5,2,0,1,1,0,0,790704.8987,5835385.354,13.29231314,52.59059283,0
4560,214302,car,11,6,6400844.0,2021,8,4,5,2,1,5,2,0,1,0,0,790578.8604,5821660.447,13.2784617,52.46761637,1
4561,214304,bike + car,11,1,1200522.0,2021,8,8,5,3,5,3,0,1,1,0,0,793670.817,5828113.466,13.32953604,52.52381158,0
4562,214306,bike + car,11,7,7501031.0,2021,7,13,6,2,1,5,0,1,1,0,0,798160.2855,5820500.729,13.388703,52.45313619,1
4563,214307,car,11,9,9200715.0,2021,8,14,2,3,2,2,0,0,1,0,0,807866.7646,5818113.711,13.52889945,52.42636337,0
4564,214310,bike + car,11,1,1200624.0,2021,8,17,3,3,0,2,0,1,1,0,0,795668.7765,5829732.528,13.36033922,52.53724527,0
4565,214311,car,11,2,2200208.0,2021,7,0,5,3,5,3,2,0,1,0,0,797840.363,5824927.062,13.38796125,52.49298772,0
4566,214315,bike + car,11,8,8100102.0,2021,8,19,6,3,0,2,0,1,1,0,1,800587.0769,5823219.662,13.42675722,52.47617807,0
4567,214317,car,11,10,10100314.0,2021,8,19,5,3,5,3,0,0,1,0,0,808467.8368,5830162.901,13.54885813,52.53400906,0
4568,214318,car + pedestrian,11,11,11300619.0,2021,7,11,1,2,6,4,0,0,1,1,0,803835.0464,5828677.186,13.47941111,52.52329536,1
4569,214319,bike + car,11,2,2100104.0,2021,8,22,5,3,5,3,2,1,1,0,0,799418.3243,5826149.051,13.41223253,52.50307779,0
4570,214320,bike,11,1,1100311.0,2021,7,19,2,3,0,6,0,1,0,0,0,799723.4538,5827707.294,13.41811759,52.51687749,0
4571,214322,bike + car,11,2,2100104.0,2021,7,7,4,3,5,3,0,1,1,0,0,799343.492,5826192.25,13.41117219,52.50350606,0
4572,214326,bike + car,11,2,2100102.0,2021,8,17,5,2,5,2,0,1,1,0,0,798448.9756,5826534.786,13.39833978,52.50706645,1
4573,214327,car,11,6,6100101.0,2021,7,18,5,3,1,5,0,0,1,0,0,793027.9893,5821485.18,13.31425802,52.46473706,0
4574,214329,bike + car,11,2,2200207.0,2021,7,20,7,3,5,2,0,1,1,0,0,797090.4104,5824707.864,13.37675212,52.49143154,0
4575,214330,car + pedestrian,11,4,4501150.0,2021,7,13,7,3,6,7,0,0,1,1,0,793373.1963,5823924.071,13.32147021,52.48641564,0
4576,214331,bike + car,11,8,8100415.0,2021,8,22,1,3,4,6,2,1,1,0,1,801204.8942,5823702.914,13.43626274,52.48016924,0
4577,214332,bike + car,11,4,4501041.0,2021,8,11,3,3,1,5,0,1,1,0,0,793116.5145,5825606.95,13.31918156,52.50163993,0
4578,214334,bike + car,11,12,12200309.0,2021,8,18,7,3,5,2,0,1,1,0,0,792857.7934,5832732.755,13.32165966,52.5656588,0
4579,214335,bike,11,8,8200624.0,2021,8,12,2,3,0,7,0,1,0,0,0,801380.7547,5820278.106,13.43575164,52.44937472,0
4580,214336,bike + car,11,11,11300723.0,2021,8,17,3,2,5,3,1,1,1,0,0,805198.7001,5828433.153,13.4992242,52.52034669,1
4581,214337,car,11,6,6100103.0,2021,8,15,4,3,5,3,0,0,1,0,0,793460.1949,5821478.121,13.32059555,52.46444181,0
4582,214341,car,11,4,4300517.0,2021,7,16,7,3,5,2,0,0,1,0,0,791475.3363,5828280.304,13.29741401,52.52648539,0
4583,214342,bike + car,11,9,9100101.0,2021,7,20,5,2,5,2,0,1,1,0,0,802315.9187,5824783.382,13.45355265,52.48923963,1
4584,214345,car + pedestrian,11,2,2100101.0,2021,8,14,6,3,6,4,0,0,1,1,0,797398.2337,5826192.282,13.382598,52.50457008,0
4585,214347,car + pedestrian,11,10,10400939.0,2021,8,16,6,3,6,2,0,0,1,1,0,813016.4278,5827638.44,13.61332431,52.50879441,0
4586,214349,bike + car,11,2,2100104.0,2021,8,9,2,3,5,2,0,1,1,0,0,799292.6943,5826222.056,13.41045283,52.50380109,0
4587,214350,bike + car,11,6,6300634.0,2021,7,17,4,3,0,6,0,1,1,0,0,791941.5767,5819046.021,13.2961792,52.44345165,0
4588,214351,car + pedestrian,11,2,2500728.0,2021,8,16,2,3,6,4,0,0,1,1,0,802897.3715,5827852.305,13.46488166,52.51642377,0
4589,214353,bike,11,9,9200819.0,2021,8,19,6,3,0,5,0,1,0,0,1,810491.0318,5820154.455,13.56926647,52.44316915,0
4590,214354,bike + car,11,8,8100419.0,2021,8,15,2,3,5,2,0,1,1,0,0,802028.444,5824302.069,13.44889544,52.48508469,0
4591,214355,car + pedestrian,11,11,11200513.0,2021,8,10,6,3,6,4,0,0,1,1,0,804502.1303,5830971.829,13.49131516,52.54348903,0
4592,214356,car,11,8,8300934.0,2021,7,6,5,3,5,2,0,0,1,0,0,803148.616,5818434.682,13.46001373,52.43187468,0
4593,214358,car,11,3,3400725.0,2021,7,7,6,3,0,1,0,0,1,0,0,799885.9774,5835613.736,13.4276468,52.58765598,0
4594,214359,car,11,1,1401048.0,2021,8,22,7,3,0,7,2,0,1,0,1,795639.1744,5831132.052,13.36114961,52.54980677,0
4595,214360,bike + pedestrian,11,4,4300620.0,2021,7,9,3,3,6,4,0,1,0,1,0,793540.1041,5827710.182,13.32725901,52.52026673,0
4596,214361,car + pedestrian,11,5,5200632.0,2021,8,10,3,3,6,7,0,0,1,1,0,785389.8169,5828073.951,13.2077798,52.52785511,0
4597,214362,bike + pedestrian,11,2,2200213.0,2021,7,17,3,3,6,3,0,1,0,1,0,799995.7453,5824726.386,13.41943269,52.49000867,0
4598,214363,car,11,12,12400619.0,2021,8,21,1,3,8,1,2,0,1,0,0,788619.9039,5836143.978,13.26228189,52.59850441,0
4599,214365,car + pedestrian,11,11,11100204.0,2021,8,15,5,2,6,4,0,0,1,1,0,806309.2209,5833911.072,13.52059151,52.56881806,1
4600,214368,bike,11,3,3400723.0,2021,8,7,5,3,0,7,0,1,0,0,0,799592.6423,5833989.189,13.42186159,52.57325634,0
4601,214370,bike + car,11,1,1401045.0,2021,7,19,5,3,5,3,0,1,1,0,0,796871.4018,5831556.118,13.37964849,52.55293788,0
4602,214371,bike + car,11,7,7100205.0,2021,8,10,7,3,5,3,0,1,1,0,0,796018.3537,5824976.164,13.36124669,52.49441903,0
4603,214372,car,11,4,4501045.0,2021,8,13,2,3,5,3,0,0,1,0,0,793965.6272,5824957.71,13.33108173,52.49536305,0
4604,214373,bike,11,4,4501042.0,2021,7,17,2,3,2,2,0,1,0,0,0,793932.1671,5825811.445,13.33134375,52.50303438,0
4605,214375,car,11,7,7100102.0,2021,8,11,2,3,2,6,0,0,1,0,0,795390.2188,5825514.815,13.35249909,52.49958794,0
4606,214377,bike + car,11,1,1300836.0,2021,7,8,4,3,5,2,0,1,1,0,0,796571.2339,5830501.323,13.37429227,52.54364632,0
4607,214379,bike + car,11,5,5100211.0,2021,8,15,3,3,5,2,0,1,1,0,1,781914.9502,5829568.03,13.15796142,52.54305989,0
4608,214380,car,11,9,9502043.0,2021,8,13,4,3,2,6,0,0,1,0,0,811328.433,5822415.78,13.58365509,52.46295791,0
4609,214381,car,11,5,5200631.0,2021,8,14,5,3,1,5,0,0,1,0,0,784747.4535,5827417.927,13.1977747,52.52230911,0
4610,214382,car,11,5,5100211.0,2021,7,9,5,3,5,2,0,0,1,0,0,781907.167,5829570.412,13.15784898,52.54308527,0
4611,214383,bike + car,11,1,1300733.0,2021,8,7,4,3,5,2,0,1,1,0,0,797574.5753,5831890.099,13.39028849,52.55554788,0
4612,214384,bike + car,11,2,2100104.0,2021,7,11,6,3,5,2,0,1,1,0,0,799282.7575,5826219.287,13.41030438,52.50378172,0
4613,214385,car,11,1,1200623.0,2021,7,20,5,3,2,2,1,0,1,0,0,795443.1252,5829543.892,13.35685422,52.53567669,0
4614,214386,bike + pedestrian,11,1,1100416.0,2021,8,20,7,3,0,4,0,1,0,1,0,798622.4806,5829351.822,13.40341742,52.53222234,0
4615,214387,car,11,2,2400522.0,2021,8,18,3,3,3,6,0,0,1,0,0,802102.6051,5827736.504,13.4530997,52.51582666,0
4616,214389,bike,11,11,11501238.0,2021,8,0,7,3,0,1,2,1,0,0,0,803698.111,5826235.688,13.47517101,52.50148917,0
4617,214390,car,11,2,2100105.0,2021,8,23,2,3,5,3,2,0,1,0,1,799551.5815,5825854.405,13.41392484,52.50036359,0
4618,214391,car,11,7,7400721.0,2021,7,9,3,3,2,2,0,0,1,0,0,797911.7195,5823961.101,13.38814566,52.48429007,0
4619,214392,bike + car,11,9,9200715.0,2021,8,16,4,2,5,2,0,1,1,0,0,808657.5509,5819171.531,13.54146912,52.43539811,1
4620,214393,car,11,4,4200206.0,2021,7,1,4,3,0,7,2,0,1,0,0,787901.1876,5825833.535,13.24275868,52.50644817,0
4621,214398,bike + car,11,9,9100407.0,2021,8,9,5,3,1,5,0,1,1,0,0,806230.0582,5820480.839,13.50707213,52.44849713,0
4622,214399,car,11,2,2200209.0,2021,7,21,3,3,5,2,2,0,1,0,0,797753.1502,5824034.352,13.38588286,52.48503318,0
4623,214402,bike + car,11,3,3300517.0,2021,8,15,6,3,5,2,0,1,1,0,0,803365.6195,5833523.618,13.47693962,52.56699383,0
4624,214403,car,11,7,7400823.0,2021,7,22,1,3,5,3,2,0,1,0,0,796910.0833,5822293.222,13.37195366,52.46988473,0
4625,214404,car,11,11,11400930.0,2021,8,18,1,3,5,3,0,0,1,0,0,806045.0358,5826605.534,13.50997829,52.5034927,0
4626,214405,car,11,1,1300836.0,2021,7,17,5,3,2,6,0,0,1,0,0,796462.0807,5829949.566,13.37219505,52.53875982,0
4627,214406,bike + car,11,3,3400721.0,2021,8,9,2,3,1,5,0,1,1,0,0,797960.1991,5833176.144,13.39711436,52.56686466,0
4628,214407,bike + car,11,2,2400521.0,2021,8,10,4,3,0,2,0,1,1,0,0,800684.7934,5828487.465,13.43294756,52.5233412,0
4629,214408,car,11,5,5300735.0,2021,8,17,6,3,5,2,0,0,1,0,0,786568.6339,5830554.345,13.22724823,52.5494751,0
4630,214409,bike + car,11,6,6300631.0,2021,8,11,2,2,5,3,0,1,1,0,0,791641.0261,5816249.042,13.28933031,52.4185369,1
4631,214410,bike + car,11,2,2500835.0,2021,8,9,6,3,5,2,0,1,1,0,0,803017.1695,5825753.806,13.46473165,52.49754867,0
4632,214412,bike + car,11,11,11300725.0,2021,8,18,5,3,4,5,0,1,1,0,0,805205.1431,5828075.723,13.49899096,52.51713964,0
4633,214415,car,11,8,8401241.0,2021,8,7,3,3,5,3,0,0,1,0,0,804754.2717,5818468.459,13.48358908,52.43128531,0
4634,214416,bike + car,11,7,7601340.0,2021,7,21,3,2,3,2,1,1,1,0,0,796637.7923,5815848.109,13.36223596,52.4122575,1
4635,214417,bike + car,11,6,6100209.0,2021,8,18,1,3,5,2,0,1,1,0,0,794765.5828,5820909.168,13.33925251,52.45863881,0
4636,214418,bike + car,11,1,1100102.0,2021,7,20,7,2,5,3,0,1,1,0,0,795040.5381,5827226.715,13.34888003,52.51512306,1
4637,214419,bike + car,11,10,10300734.0,2021,8,15,3,3,3,6,0,1,1,0,1,809729.3592,5826098.531,13.56361415,52.49687036,0
4638,214420,car,11,11,11200411.0,2021,8,17,3,3,5,2,0,0,1,0,0,805722.1407,5831818.197,13.51002855,52.55039125,0
4639,214421,bike + car,11,4,4501045.0,2021,8,17,5,3,5,2,0,1,1,0,0,794385.6878,5824881.634,13.33718413,52.49445467,0
4640,214422,bike,11,10,10200629.0,2021,7,3,5,2,0,1,2,1,0,0,0,810870.3158,5828597.999,13.58270096,52.51862051,1
4641,214425,bike + car,11,1,1200520.0,2021,7,11,6,3,5,2,0,1,1,0,0,794414.6657,5829093.988,13.34133656,52.53220016,0
4642,214427,bike + car,11,9,9200511.0,2021,8,16,3,3,5,2,0,1,1,0,0,807078.8845,5822532.972,13.5214103,52.46641281,0
4643,214428,bike,11,1,1100415.0,2021,7,18,2,3,3,6,0,1,0,0,0,798202.14,5829355.32,13.39724217,52.53248382,0
4644,214429,bike + car,11,7,7300516.0,2021,8,0,6,3,5,7,2,1,1,0,0,793951.374,5822015.033,13.32827774,52.46899098,0
4645,214433,car,11,9,9200614.0,2021,8,11,3,3,2,1,0,0,1,0,0,808429.9819,5820873.873,13.53970339,52.45078295,0
4646,214437,car,11,1,1300730.0,2021,8,21,4,3,5,2,2,0,1,0,0,796164.545,5832275.128,13.36989499,52.55976787,0
4647,214439,car,11,5,5400942.0,2021,8,12,2,3,1,5,0,0,1,0,0,783765.3847,5823866.125,13.1803112,52.49097486,0
4648,214440,bike + car,11,4,4100101.0,2021,8,8,6,3,0,3,0,1,1,0,0,790966.852,5829720.672,13.29120086,52.5396698,0
4649,214441,bike + car,11,3,3200308.0,2021,7,9,1,3,2,6,0,1,1,0,0,800186.2116,5836565.627,13.43292781,52.59602231,0
4650,214442,bike,11,2,2500728.0,2021,7,13,7,3,0,1,0,1,0,0,0,802899.4904,5827647.034,13.46472593,52.51458278,0
4651,214445,bike + car,11,4,4500937.0,2021,8,15,1,2,2,6,0,1,1,0,0,790892.7401,5824753.122,13.28576766,52.49517539,1
4652,214446,bike + car,11,8,8300934.0,2021,8,16,3,3,5,3,0,1,1,0,0,803997.8398,5818437.925,13.47246945,52.4314325,0
4653,214448,bike + car,11,7,7400823.0,2021,8,19,2,3,5,2,0,1,1,0,0,797351.362,5821922.428,13.37810039,52.46632094,0
4654,214449,bike + car,11,3,3400620.0,2021,8,10,3,2,5,3,0,1,1,0,1,797412.2295,5833971.557,13.38976687,52.57429414,1
4655,214451,bike + car,11,2,2200207.0,2021,7,17,4,3,5,2,0,1,1,0,0,797089.366,5824711.85,13.37674034,52.49146784,0
4656,214452,bike,11,5,5300736.0,2021,8,12,4,3,0,7,0,1,0,0,0,785942.775,5829214.827,13.21689012,52.5377942,0
4657,214453,car,11,6,6100204.0,2021,7,18,2,3,2,6,0,0,1,0,0,795341.0832,5820001.972,13.34689564,52.45019566,0
4658,214454,car + pedestrian,11,1,1401045.0,2021,8,21,5,3,6,4,2,0,1,1,0,796403.9516,5831937.836,13.37311502,52.55661415,0
4659,214455,bike + car,11,2,2300315.0,2021,8,5,2,3,2,6,0,1,1,0,0,800162.7743,5825745.641,13.42280368,52.49905285,0
4660,214456,car,11,9,9501736.0,2021,8,22,6,3,4,5,2,0,1,0,0,813313.9689,5820891.169,13.61135494,52.44816094,0
4661,214459,bike,11,1,1200520.0,2021,7,17,4,3,3,6,0,1,0,0,0,794564.49,5829157.656,13.34359534,52.53268995,0
4662,214460,bike + car,11,2,2200210.0,2021,8,6,2,3,5,2,0,1,1,0,0,798341.8459,5825498.698,13.39583774,52.49783785,0
4663,214462,bike + car,11,9,9100407.0,2021,8,15,5,3,5,3,0,1,1,0,0,806271.1494,5820979.232,13.50813187,52.45294093,0
4664,214463,bike + car,11,2,2300417.0,2021,7,16,3,3,5,3,0,1,1,0,0,800293.6693,5825547.357,13.42454737,52.49720355,0
4665,214465,bike + car,11,1,1100309.0,2021,7,13,6,3,1,5,0,1,1,0,0,798963.0228,5828947.594,13.40805932,52.52841236,0
4666,214468,car,11,1,1100309.0,2021,8,20,7,2,1,7,1,0,1,0,1,798582.8085,5828911.913,13.4024392,52.52830091,1
4667,214469,bike + car,11,9,9200717.0,2021,8,7,3,3,5,3,0,1,1,0,0,809544.4352,5819798.764,13.55505453,52.44051813,0
4668,214471,car,11,6,6400843.0,2021,8,12,1,3,5,3,0,0,1,0,0,791204.402,5819702.079,13.28593589,52.44972637,0
4669,214472,car,11,7,7601236.0,2021,7,11,7,3,2,2,0,0,1,0,0,797200.8871,5817146.33,13.37164343,52.42358953,0
4670,214473,bike + car,11,7,7400928.0,2021,8,7,3,3,5,2,0,1,1,0,1,800259.2952,5821588.251,13.42047743,52.46173528,0
4671,214474,bike + car,11,6,6400844.0,2021,8,17,4,2,5,2,0,1,1,0,0,792381.1402,5820930.835,13.30427805,52.46011395,1
4672,214476,car,11,3,3100103.0,2021,7,13,5,3,5,3,0,0,1,0,0,804255.1964,5840479.651,13.49641515,52.62884008,0
4673,214477,bike + car,11,2,2400623.0,2021,8,5,5,3,5,3,0,1,1,0,0,800357.801,5827846.593,13.42756374,52.51777709,0
4674,214478,car + pedestrian,11,9,9100305.0,2021,7,8,6,3,6,2,0,0,1,1,0,805020.4799,5822709.495,13.49136531,52.46914792,0
4675,214479,bike + car,11,1,2100104.0,2021,7,16,5,3,5,3,0,1,1,0,1,799366.1489,5826336.252,13.41163447,52.5047844,0
4676,214480,car,11,10,10100209.0,2021,8,14,7,3,2,6,0,0,1,0,0,810001.5346,5832237.118,13.5733324,52.55172704,0
4677,214482,bike + car,11,2,2500833.0,2021,8,14,7,3,5,2,0,1,1,0,0,802523.1333,5827271.42,13.45885525,52.51142505,0
4678,214483,bike + car,11,2,2400520.0,2021,8,7,2,3,5,2,0,1,1,0,0,800327.2834,5828827.183,13.42800076,52.52658323,0
4679,214486,bike + car,11,6,6200313.0,2021,8,19,3,3,5,3,0,1,1,0,0,794988.2699,5818425.367,13.3403272,52.43625274,0
4680,214487,bike + pedestrian,11,1,1300834.0,2021,8,17,4,3,6,7,0,1,0,1,0,797534.7214,5830997.827,13.3889028,52.54757158,0
4681,214488,bike + car,11,1,1100312.0,2021,7,8,5,3,5,2,0,1,1,0,0,799517.7026,5826714.166,13.41420065,52.50808865,0
4682,214491,bike,11,1,1100416.0,2021,7,16,2,3,5,3,0,1,0,0,0,798573.7064,5829253.97,13.40261263,52.53137195,0
4683,214492,bike,11,7,7601341.0,2021,8,18,6,3,0,1,0,1,0,0,1,798091.2792,5814994.03,13.38278229,52.403812,0
4684,214493,bike + car,11,12,12500825.0,2021,8,9,2,3,1,5,0,1,1,0,0,791828.5708,5834818.999,13.30835459,52.58491395,0
4685,214494,bike + car,11,8,8100521.0,2021,8,18,6,3,5,3,0,1,1,0,0,802952.9866,5822470.626,13.46080555,52.46815734,0
4686,214495,bike + car,11,7,7400826.0,2021,7,7,2,3,2,6,0,1,1,0,0,796375.887,5819730.898,13.36183777,52.44720568,0
4687,214496,car,11,10,10300734.0,2021,7,13,7,3,2,6,0,0,1,0,0,809659.7085,5826344.182,13.56281981,52.49911133,0