,ObjectID,vehicle_types,State,District,LOR_ab_2021,AccidentYear,AccidentMonth,AccidentHour,DayOfWeek,AccidentCategory,AccidentType,AccidentTypeDetail,LightingCondition,InvolvingBike,InvolvingCar,InvolvingPedestrian,RoadCondition,GraphicCoord1,GraphicCoord2,LongitudeWGS84,LatitudeWGS84,accident_outcome
4688,214497,car,11,9,9401329.0,2021,8,22,1,2,5,3,2,0,1,0,1,812185.173,5818670.125,13.59272507,52.428903,1
4689,214500,bike + car,11,11,11300722.0,2021,8,14,3,3,5,2,0,1,1,0,0,804254.8493,5827660.041,13.4846494,52.51394501,0
4690,214501,bike + car,11,3,3601142.0,2021,8,8,5,3,5,2,0,1,1,0,0,798877.4168,5831047.155,13.40868956,52.54727876,0
4691,214502,car,11,5,5200630.0,2021,7,13,7,2,2,2,0,0,1,0,0,783395.9214,5827681.737,13.17813281,52.52537866,1
4692,214503,bike + car,11,4,4300412.0,2021,8,16,5,2,2,7,0,1,1,0,0,790790.5272,5827406.769,13.28658439,52.51901987,1
4693,214504,car,11,8,8300934.0,2021,7,11,6,3,5,3,0,0,1,0,0,803272.7936,5818323.337,13.46173367,52.43080786,0
4694,214505,bike + car,11,4,4500938.0,2021,8,17,5,3,5,2,0,1,1,0,0,791572.9432,5824602.589,13.29562688,52.49346292,0
4695,214506,bike + car,11,2,2500830.0,2021,7,18,7,3,5,2,0,1,1,0,0,802544.634,5827393.275,13.45928188,52.5125053,0
4696,214508,bike + pedestrian,11,5,5200528.0,2021,8,14,1,3,6,7,0,1,0,1,0,782638.962,5826825.329,13.16627721,52.51809275,0
4697,214510,car,11,10,10100312.0,2021,8,11,3,2,0,7,0,0,1,0,0,807681.8508,5830166.332,13.53731021,52.53448405,1
4698,214511,bike + car,11,1,1300733.0,2021,7,15,3,3,2,6,0,1,1,0,0,797396.9831,5831239.294,13.38709376,52.54981124,0
4699,214514,car + pedestrian,11,9,9501737.0,2021,8,8,4,2,6,4,0,0,1,1,0,814172.9906,5821924.747,13.6249256,52.45692989,1
4700,214515,bike + car,11,3,3300516.0,2021,8,15,4,3,5,3,0,1,1,0,0,801165.8157,5833191.795,13.44428119,52.56524109,0
4701,214518,bike + car,11,12,12400617.0,2021,8,11,4,3,1,5,0,1,1,0,0,785873.0017,5838582.631,13.22394365,52.62181951,0
4702,214519,car,11,7,7200307.0,2021,8,12,5,3,5,2,0,0,1,0,0,794947.35,5824323.662,13.34493935,52.48914959,0
4703,214521,car,11,4,4300622.0,2021,7,15,5,3,3,6,0,0,1,0,0,793414.5141,5826573.041,13.32441058,52.51014036,0
4704,214522,bike + car,11,1,1100308.0,2021,8,8,4,3,1,5,0,1,1,0,0,797553.8366,5828698.749,13.38712523,52.52695276,0
4705,214523,car,11,3,3601450.0,2021,7,5,7,3,0,1,1,0,1,0,0,802387.3813,5829247.76,13.45865756,52.52921413,0
4706,214525,car,11,1,1200625.0,2021,8,14,7,3,5,2,0,0,1,0,0,794717.4491,5828443.15,13.3452104,52.52620224,0
4707,214526,bike + car,11,6,6300634.0,2021,8,11,3,3,3,6,0,1,1,0,0,792925.3759,5817732.448,13.30946113,52.43114954,0
4708,214527,bike + car,11,3,3601142.0,2021,7,18,4,3,5,2,0,1,1,0,0,799170.5119,5830744.165,13.41272611,52.54440205,0
4709,214528,bike + car,11,10,10100311.0,2021,8,11,7,3,5,2,0,1,1,0,0,806351.5754,5830182.35,13.51777415,52.53537692,0
4710,214529,car + pedestrian,11,10,10400940.0,2021,8,13,2,3,6,4,0,0,1,1,0,813075.6572,5826560.434,13.61318062,52.49910038,0
4711,214530,car,11,3,3601452.0,2021,8,11,4,2,5,2,0,0,1,0,0,801602.3657,5829351.909,13.44721505,52.53058251,1
4712,214531,bike + car,11,10,10200627.0,2021,8,15,5,3,5,3,0,1,1,0,0,811307.1471,5829839.997,13.5902806,52.52950126,0
4713,214532,bike + car,11,8,8100105.0,2021,7,13,5,2,5,3,0,1,1,0,0,801173.8241,5821800.452,13.43408906,52.46313405,1
4714,214533,car,11,4,4300622.0,2021,8,16,3,3,5,3,0,0,1,0,0,793900.9527,5826241.139,13.33126453,52.50690318,0
4715,214534,bike,11,1,1100310.0,2021,8,9,3,3,0,3,0,1,0,0,0,799097.8864,5828925.685,13.4100217,52.528142,0
4716,214535,bike + car,11,1,1100416.0,2021,7,11,6,3,5,3,0,1,1,0,0,798528.2501,5830051.652,13.402661,52.53854694,0
4717,214536,car,11,4,4200311.0,2021,7,22,5,2,5,2,2,0,1,0,0,790449.35,5825976.206,13.28032171,52.5063766,1
4718,214537,car,11,2,2100106.0,2021,8,23,6,3,5,7,2,0,1,0,1,798589.104,5825565.765,13.39952936,52.4983038,0
4719,214538,bike + car,11,1,1100310.0,2021,8,7,2,3,1,7,0,1,1,0,0,799113.2614,5828861.606,13.41019002,52.52755919,0
4720,214539,bike + car,11,5,5100316.0,2021,8,16,6,2,5,2,0,1,1,0,0,783781.1294,5829110.653,13.18501545,52.53799017,1
4721,214541,car,11,4,4200308.0,2021,7,22,6,3,5,2,2,0,1,0,0,790354.7108,5827306.385,13.28009184,52.51835215,0
4722,214542,car + pedestrian,11,2,2200209.0,2021,8,23,3,3,6,2,2,0,1,1,0,797771.93,5824035.095,13.38615926,52.4850296,0
4723,214543,car,11,9,9502042.0,2021,7,15,6,3,0,7,0,0,1,0,0,811341.9464,5821981.044,13.5834479,52.45905434,0
4724,214544,bike,11,2,2400625.0,2021,7,10,4,3,3,6,0,1,0,0,0,801731.9069,5826196.335,13.44625726,52.50222719,0
4725,214547,car,11,5,5300840.0,2021,8,13,6,3,2,6,0,0,1,0,0,789409.1821,5828668.419,13.26738134,52.5310657,0
4726,214550,car,11,12,12100205.0,2021,7,8,2,3,2,6,0,0,1,0,1,794195.3132,5835426.23,13.34372597,52.58908262,0
4727,214553,car,11,7,7200414.0,2021,8,22,1,3,0,1,2,0,1,0,1,796533.8227,5823968.698,13.36792065,52.48510824,0
4728,214554,bike + car,11,6,6300632.0,2021,7,19,4,3,1,5,0,1,1,0,0,792081.9048,5817140.574,13.29657315,52.42629439,0
4729,214555,bike + car,11,9,9200717.0,2021,8,12,1,3,2,6,0,1,1,0,0,809448.3304,5818695.194,13.55262369,52.43068244,0
4730,214556,bike + car,11,1,1100415.0,2021,8,10,3,3,5,3,0,1,1,0,0,798296.6679,5829369.914,13.39864469,52.53256291,0
4731,214558,bike + car,11,2,2400624.0,2021,7,22,7,2,1,5,2,1,1,0,0,802004.979,5827175.473,13.45115623,52.51085219,1
4732,214559,bike + car,11,1,1100309.0,2021,8,17,5,3,1,5,0,1,1,0,0,798904.9961,5828632.617,13.40692335,52.52562087,0
4733,214562,car,11,10,10400938.0,2021,7,20,6,3,2,2,1,0,1,0,0,813228.1847,5828956.591,13.61767496,52.52048479,0
4734,214563,bike + car,11,5,5100104.0,2021,7,12,5,3,5,2,0,1,1,0,0,785669.4179,5831760.654,13.21506089,52.56076293,0
4735,214564,bike + car,11,8,8100312.0,2021,8,12,1,3,1,5,0,1,1,0,0,801522.2144,5823981.407,13.44117297,52.48249032,0
4736,214565,bike + car,11,4,4300412.0,2021,8,10,3,3,5,2,0,1,1,0,0,791666.0043,5827509.944,13.29954096,52.51947728,0
4737,214567,bike + car,11,1,1100102.0,2021,8,9,7,3,5,3,0,1,1,0,0,796560.4901,5826867.607,13.37089335,52.51107969,0
4738,214568,bike + car,11,1,1300836.0,2021,8,14,2,3,5,3,0,1,1,0,0,796541.0812,5830342.351,13.37370703,52.54223773,0
4739,214569,bike + car,11,2,2100104.0,2021,8,21,3,3,5,3,2,1,1,0,0,799284.2209,5826218.753,13.4103254,52.50377613,0
4740,214570,bike + car,11,4,4500936.0,2021,8,16,4,2,5,3,0,1,1,0,0,792086.7129,5825777.003,13.30420282,52.50371665,1
4741,214571,bike + car,11,4,4300412.0,2021,7,20,5,3,1,5,0,1,1,0,0,791622.9054,5827530.844,13.29892589,52.51968769,0
4742,214577,bike,11,12,12500927.0,2021,7,12,2,3,5,3,0,1,0,0,0,792754.1405,5836274.443,13.32326315,52.59746395,0
4743,214578,car,11,11,11200512.0,2021,8,6,7,3,5,2,0,0,1,0,0,802881.4656,5831209.155,13.46770645,52.54651945,0
4744,214579,car + pedestrian,11,5,5100208.0,2021,8,16,3,2,6,4,0,0,1,1,0,781278.5792,5830763.763,13.14961525,52.55411039,1
4745,214580,bike + car,11,8,8200623.0,2021,8,15,6,3,5,2,0,1,1,0,0,802800.5922,5820810.83,13.45706342,52.45336502,0
4746,214581,car,11,4,4300517.0,2021,7,18,7,3,5,2,0,0,1,0,0,791792.1853,5828226.49,13.302024,52.52583347,0
4747,214583,bike + car,11,7,7200413.0,2021,7,16,4,3,0,3,0,1,1,0,0,795942.8561,5823774.308,13.35907057,52.48368633,0
4748,214584,car,11,5,5200528.0,2021,8,18,2,3,5,2,0,0,1,0,1,783895.4082,5826614.63,13.18456466,52.51555093,0
4749,214586,bike + car,11,10,10300734.0,2021,8,12,6,3,5,3,0,1,1,0,0,809576.8768,5825608.93,13.56092024,52.49256921,0
4750,214587,car,11,9,9200715.0,2021,8,15,2,3,5,2,0,0,1,0,0,808469.3995,5819056.425,13.53860396,52.43447265,0
4751,214589,bike + car,11,4,4501148.0,2021,7,8,6,3,0,2,0,1,1,0,0,793328.4986,5823397.967,13.32035088,52.48172332,0
4752,214590,bike + car,11,12,12500825.0,2021,7,17,5,3,5,2,0,1,1,0,1,792156.3111,5834913.11,13.3132612,52.58558172,0
4753,214591,car,11,4,4300620.0,2021,8,10,4,3,5,2,0,0,1,0,0,793410.4781,5827392.602,13.32507392,52.51748954,0
4754,214593,bike + car,11,10,10100208.0,2021,8,13,7,3,5,3,0,1,1,0,0,809230.8588,5831992.501,13.56177434,52.54997292,0
4755,214594,bike,11,3,3601243.0,2021,8,20,2,3,0,1,0,1,0,0,0,799862.895,5831584.993,13.42366483,52.55155803,0
4756,214595,car,11,8,8100314.0,2021,8,13,6,3,2,6,0,0,1,0,0,800666.8152,5824322.328,13.42892209,52.48601778,0
4757,214598,bike + car,11,4,4400727.0,2021,8,13,3,2,5,2,0,1,1,0,0,791122.5998,5823173.218,13.28776378,52.48088897,1
4758,214601,car,11,7,7501029.0,2021,8,14,3,3,2,6,0,0,1,0,0,797755.0079,5819064.478,13.38147647,52.44048259,0
4759,214604,bike,11,12,12200515.0,2021,8,7,6,3,0,7,0,1,0,0,0,790609.8927,5834443.477,13.29008853,52.58219982,0
4760,214611,car,11,1,1200517.0,2021,8,12,3,3,2,6,0,0,1,0,1,793520.6146,5829272.243,13.32835155,52.53428031,0
4761,214612,bike + car,11,1,1100309.0,2021,8,13,5,3,5,2,0,1,1,0,0,798867.767,5828555.395,13.40630682,52.5249491,0
4762,214613,bike + car,11,1,1100102.0,2021,8,11,5,3,1,6,0,1,1,0,0,796111.109,5826639.456,13.364088,52.50927865,0
4763,214615,bike + car,11,6,6400844.0,2021,8,8,4,2,5,2,0,1,1,0,0,791835.2215,5821376.206,13.29665531,52.46439849,1
4764,214616,car,11,7,7501135.0,2021,7,15,6,3,1,7,0,0,1,0,0,798651.9687,5816979.958,13.3927715,52.42130816,0
4765,214618,car,11,3,3400620.0,2021,8,14,7,3,0,7,0,0,1,0,0,797727.776,5833788.402,13.39424496,52.57247988,0
4766,214619,car + pedestrian,11,7,7601544.0,2021,8,16,3,3,6,4,0,0,1,1,0,799883.4008,5813190.846,13.40743345,52.38667027,0
4767,214620,bike + car,11,1,1100313.0,2021,7,21,3,3,0,2,2,1,1,0,0,800472.6856,5826682.945,13.42820112,52.50728368,0
4768,214622,car,11,2,2100103.0,2021,8,21,2,3,5,3,2,0,1,0,1,798549.3843,5826264.219,13.39957216,52.50458624,0
4769,214623,bike + car,11,3,3400828.0,2021,7,8,2,3,5,2,0,1,1,0,0,799722.881,5832510.41,13.42244157,52.55992991,0
4770,214624,bike,11,6,6400737.0,2021,8,7,4,3,5,3,0,1,0,0,0,784241.8703,5815910.034,13.1805373,52.41939041,0
4771,214625,car,11,5,5100208.0,2021,7,11,4,3,5,2,0,0,1,0,0,782367.0195,5830503.443,13.16540521,52.55121303,0
4772,214626,car,11,2,2100104.0,2021,8,8,3,3,2,6,0,0,1,0,0,799283.4469,5825964.919,13.41008589,52.50150131,0
4773,214627,car,11,6,6300528.0,2021,8,19,4,3,8,1,1,0,1,0,0,790516.8093,5815559.318,13.2722471,52.41295123,0
4774,214628,car,11,4,4501042.0,2021,7,13,5,3,1,5,0,0,1,0,0,794303.7172,5825806.498,13.33679746,52.50278975,0
4775,214632,car,11,4,4300623.0,2021,8,16,6,3,5,3,0,0,1,0,0,792270.5892,5826005.539,13.30710473,52.50566695,0
4776,214633,bike + car,11,8,8100415.0,2021,8,9,2,3,1,5,0,1,1,0,0,801246.3099,5823693.87,13.43686257,52.48006533,0
4777,214634,car,11,6,6100204.0,2021,8,16,6,3,2,6,0,0,1,0,0,795424.2798,5820707.819,13.34874075,52.45647818,0
4778,214635,bike + car,11,2,2500835.0,2021,7,20,7,3,5,2,0,1,1,0,0,802473.0508,5826374.695,13.45730475,52.50341551,0
4779,214640,bike + car,11,1,1100205.0,2021,8,17,4,3,5,2,0,1,1,0,0,797050.7992,5826550.944,13.37781432,52.50797437,0
4780,214641,car,11,4,4300517.0,2021,8,15,5,3,5,2,0,0,1,0,0,791470.1404,5828283.692,13.29734061,52.52651854,0
4781,214642,car,11,1,1400937.0,2021,7,10,6,3,5,2,0,0,1,0,0,793970.2564,5832017.357,13.33739126,52.55864618,0
4782,214643,bike + car,11,4,4300518.0,2021,8,9,5,3,5,7,0,1,1,0,0,792671.2954,5827808.767,13.31457762,52.52161751,0
4783,214644,car,11,5,5200423.0,2021,7,12,6,3,5,7,0,0,1,0,0,781831.5822,5828436.051,13.1557752,52.53295317,0
4784,214646,bike + car,11,5,5100211.0,2021,8,16,3,2,0,7,0,1,1,0,0,781900.9682,5829548.242,13.157739,52.5428897,1
4785,214647,car,11,4,4500937.0,2021,7,19,4,3,2,6,0,0,1,0,0,790917.9548,5824785.743,13.28616651,52.4954544,0
4786,214650,car,11,6,6200421.0,2021,8,18,3,3,2,6,0,0,1,0,0,793450.3865,5817171.502,13.316669,52.42583941,0
4787,214651,bike + car,11,1,1100207.0,2021,8,13,5,3,5,3,0,1,1,0,0,798898.209,5827349.037,13.40567026,52.51411913,0
4788,214652,bike + car,11,9,9200715.0,2021,7,14,5,3,5,2,0,1,1,0,0,808983.2062,5818111.209,13.54526465,52.42571165,0
4789,214653,car,11,5,5300737.0,2021,8,8,5,3,1,7,0,0,1,0,0,787204.4819,5829405.277,13.2356064,52.5388382,0
4790,214654,car,11,1,1100207.0,2021,7,19,6,2,5,3,0,0,1,0,0,797865.6633,5826764.596,13.38997639,52.5094452,1
4791,214655,car,11,7,7501029.0,2021,7,14,6,3,5,3,0,0,1,0,0,797568.25,5818731.722,13.37844079,52.43760141,0
4792,214656,car,11,5,5100315.0,2021,8,18,6,2,2,6,0,0,1,0,0,784200.0359,5830054.64,13.19198285,52.5462357,1
4793,214660,car,11,9,9501941.0,2021,8,8,3,3,2,2,0,0,1,0,0,812053.6326,5821204.0,13.5931624,52.4516851,0
4794,214661,car,11,1,1100207.0,2021,7,14,3,3,5,3,0,0,1,0,0,798524.8271,5826770.808,13.39966571,52.50914057,0
4795,214662,car,11,12,12500927.0,2021,8,19,1,2,1,6,1,0,1,0,0,792686.8444,5835989.498,13.32202058,52.5949458,1
4796,214664,bike + car,11,6,6400841.0,2021,8,12,4,3,5,3,0,1,1,0,0,790010.4401,5819155.033,13.26794133,52.44545663,0
4797,214665,car,11,4,4400727.0,2021,8,11,5,3,2,6,0,0,1,0,0,790956.4464,5823002.247,13.28517485,52.47944476,0
4798,214666,bike,11,2,2400521.0,2021,7,12,4,3,5,3,0,1,0,0,0,800770.0287,5828490.77,13.43420307,52.52332382,0
4799,214667,bike + car,11,3,3400830.0,2021,8,7,4,3,1,5,0,1,1,0,0,799541.3954,5833247.183,13.42043753,52.56663371,0
4800,214668,bike + car,11,4,4501042.0,2021,7,13,6,2,2,6,0,1,1,0,0,794148.0592,5825851.471,13.33455058,52.50327685,1
4801,214669,bike + car,11,12,12200310.0,2021,7,11,5,3,0,2,0,1,1,0,0,792192.4199,5832949.413,13.31206194,52.56795857,0
4802,214670,car,11,12,12500928.0,2021,8,10,7,3,2,6,0,0,1,0,0,792060.2383,5837093.241,13.3137699,52.60517723,0
4803,214672,car,11,4,4300619.0,2021,7,18,2,2,5,3,0,0,1,0,0,792430.3504,5827178.002,13.31048204,52.51609216,1
4804,214676,car,11,5,5300736.0,2021,7,14,3,3,3,6,0,0,1,0,0,785741.6011,5829269.586,13.21397916,52.53839069,0
4805,214678,bike + car,11,1,1100309.0,2021,8,13,4,3,3,6,0,1,1,0,0,797808.7788,5828429.484,13.39063096,52.52439993,0
4806,214679,bike + car,11,4,4300619.0,2021,7,15,5,3,1,5,0,1,1,0,0,792862.8166,5827403.97,13.31703594,52.51788582,0
4807,214680,bike + car,11,1,1100205.0,2021,7,11,4,3,5,2,0,1,1,0,0,796957.709,5826730.693,13.3766071,52.50963631,0
4808,214681,car,11,4,4300517.0,2021,8,8,5,3,5,3,0,0,1,0,0,791910.5598,5828199.156,13.3037399,52.52552505,0
4809,214682,bike + car,11,12,12601236.0,2021,7,12,2,2,5,3,0,1,1,0,0,794169.2838,5836201.028,13.34403097,52.59604216,1
4810,214683,bike + car,11,2,2200209.0,2021,8,14,6,3,5,2,0,1,1,0,0,797016.7033,5823990.284,13.37503017,52.48503927,0
4811,214684,bike + pedestrian,11,11,11400929.0,2021,8,16,2,3,6,4,0,1,0,1,0,805121.0662,5826992.037,13.49676221,52.50747419,0
4812,214686,bike + car,11,5,5100206.0,2021,7,12,1,3,5,3,0,1,1,0,0,781900.4016,5831955.904,13.15977524,52.56447809,0
4813,214688,car,11,3,3400618.0,2021,8,0,1,3,8,1,2,0,1,0,0,796324.2622,5836460.774,13.37598564,52.59720054,0
4814,214689,bike,11,6,6100209.0,2021,7,18,5,2,3,6,0,1,0,0,0,794256.4767,5821459.696,13.33226656,52.46384839,1
4815,214690,bike + car,11,3,3500933.0,2021,8,16,2,3,2,1,0,1,1,0,0,801620.1672,5831816.38,13.44971409,52.55266176,0
4816,214692,bike + car,11,8,8100206.0,2021,8,18,4,3,5,2,0,1,1,0,0,800436.4689,5823707.391,13.42498582,52.48063265,0
4817,214694,bike + car,11,5,5400942.0,2021,8,12,6,3,5,3,0,1,1,0,0,782489.483,5820626.738,13.15882492,52.46259064,0
4818,214695,bike,11,2,2100106.0,2021,7,15,5,3,0,7,0,1,0,0,0,798922.7265,5825587.141,13.4044485,52.49831277,0
4819,214696,bike + car,11,2,2400522.0,2021,8,9,5,3,5,2,0,1,1,0,0,801632.1305,5827909.542,13.44634432,52.51763801,0
4820,214697,car + pedestrian,11,8,8301036.0,2021,7,19,7,2,2,4,1,0,1,1,0,803860.0374,5817893.873,13.46995447,52.42663276,1
4821,214698,bike + car,11,2,2500830.0,2021,7,15,7,3,5,2,0,1,1,0,0,802145.725,5827550.494,13.45356431,52.51413556,0
4822,214699,bike + car,11,6,6400844.0,2021,8,21,7,3,5,2,2,1,1,0,1,791444.979,5820645.556,13.29028936,52.45805649,0
4823,214701,bike,11,6,6100209.0,2021,7,19,3,2,0,1,0,1,0,0,0,794735.172,5821357.251,13.33920187,52.46267204,1
4824,214702,bike + car,11,2,2200213.0,2021,8,16,7,3,5,2,0,1,1,0,0,799514.9924,5824907.613,13.41253614,52.49189708,0
4825,214704,bike + car,11,12,12200515.0,2021,8,17,3,3,1,5,0,1,1,0,0,789676.2529,5835211.762,13.27701929,52.58958538,0
4826,214706,bike + pedestrian,11,3,3300516.0,2021,7,15,7,3,6,4,0,1,0,1,0,800475.1117,5832369.901,13.43337752,52.55825595,0
4827,214708,bike + car,11,2,2500833.0,2021,8,9,4,2,5,2,0,1,1,0,0,802469.1577,5827053.415,13.45786422,52.50950102,1
4828,214709,bike + car,11,12,12100101.0,2021,7,17,6,3,5,3,0,1,1,0,0,796683.4053,5833002.302,13.37817668,52.56600369,0
4829,214710,car,11,6,6400844.0,2021,7,13,5,3,2,6,0,0,1,0,0,792378.5798,5821172.98,13.30445258,52.46228612,0
4830,214711,bike,11,1,1400937.0,2021,8,18,6,3,3,6,0,1,0,0,0,792149.0993,5831134.843,13.30982716,52.55171485,0
4831,214712,car,11,12,12400722.0,2021,8,19,3,3,5,2,0,0,1,0,0,790411.071,5839296.422,13.29142034,52.62581181,0
4832,214713,bike + car,11,1,1100309.0,2021,8,14,6,3,5,3,0,1,1,0,0,798252.4922,5829020.169,13.39768158,52.52945209,0
4833,214714,car,11,9,9200715.0,2021,7,15,2,3,5,2,0,0,1,0,0,808643.2432,5819165.427,13.54125369,52.43535147,0
4834,214715,bike + car,11,9,9401432.0,2021,8,11,2,3,0,3,0,1,1,0,0,812357.3913,5820086.344,13.59657295,52.44149595,0
4835,214719,car,11,4,4300622.0,2021,7,15,2,3,2,6,0,0,1,0,0,793834.6215,5826258.087,13.33030499,52.50709083,0
4836,214721,car,11,5,5300736.0,2021,8,7,2,3,2,6,0,0,1,0,0,785457.2455,5829266.716,13.20979546,52.53851399,0
4837,214722,bike + car,11,2,2200210.0,2021,8,9,6,3,5,3,0,1,1,0,0,798538.0411,5825351.279,13.39858715,52.49640915,0
4838,214725,car + pedestrian,11,7,7200409.0,2021,8,15,3,2,6,4,0,0,1,1,0,795160.984,5823907.931,13.34770842,52.48530739,1
4839,214726,car,11,1,1300834.0,2021,8,18,7,3,5,3,0,0,1,0,0,797835.9966,5830459.337,13.39284984,52.5425801,0
4840,214727,car,11,12,12200412.0,2021,8,23,2,3,1,1,2,0,1,0,0,791076.9592,5833586.377,13.29620988,52.57426643,0
4841,214730,bike + car,11,1,1100313.0,2021,7,22,4,2,5,2,2,1,1,0,0,799884.1766,5826481.38,13.41937449,52.50580077,1
4842,214732,car,11,8,8100314.0,2021,8,23,3,3,5,3,2,0,1,0,0,801081.7988,5823993.529,13.43471808,52.48284198,0
4843,214735,car,11,4,4300622.0,2021,8,14,3,3,3,6,0,0,1,0,0,793331.8257,5826657.961,13.32327051,52.51094611,0
4844,214736,car,11,9,9300920.0,2021,8,15,5,3,5,2,0,0,1,0,0,807685.7156,5817728.977,13.52589128,52.42301711,0
4845,214737,bike,11,12,12200411.0,2021,8,17,1,2,0,7,0,1,0,0,1,793044.6888,5832193.79,13.32393309,52.56072668,1
4846,214738,bike,11,9,9200614.0,2021,8,17,6,3,7,7,0,1,0,0,0,807396.8215,5820682.829,13.52437232,52.44965267,0
4847,214739,bike + car,11,1,1100308.0,2021,7,11,2,3,2,6,0,1,1,0,0,797574.1935,5828584.204,13.38732191,52.52591489,0
4848,214740,bike,11,1,1200628.0,2021,7,15,2,3,0,1,0,1,0,0,0,796322.2394,5828075.798,13.368469,52.52203943,0
4849,214744,bike,11,2,2500833.0,2021,8,19,2,2,0,1,0,1,0,0,1,802385.0489,5827081.402,13.4566541,52.50979849,1
4850,214746,bike + car,11,5,5200630.0,2021,8,13,5,3,5,2,0,1,1,0,0,783351.623,5827673.65,13.17747471,52.52532918,0
4851,214747,bike + car,11,9,9200510.0,2021,7,15,3,3,5,2,0,1,1,0,0,806229.3141,5822177.306,13.50861704,52.463702,0
4852,214748,car,11,6,6300528.0,2021,8,11,6,3,2,2,0,0,1,0,0,790157.9492,5815456.087,13.26689623,52.41221606,0
4853,214750,car,11,4,4400728.0,2021,8,13,5,3,5,3,0,0,1,0,0,790030.6216,5823219.601,13.27176971,52.48188588,0
4854,214753,car,11,9,9200819.0,2021,8,20,1,3,5,3,0,0,1,0,0,810304.46,5819728.742,13.56613503,52.43945993,0
4855,214754,car,11,8,8401243.0,2021,8,8,3,3,1,5,0,0,1,0,0,806453.5906,5818000.038,13.50807671,52.42613787,0
4856,214757,bike + car,11,11,11100204.0,2021,8,7,2,3,3,6,0,1,1,0,0,806883.7981,5832600.773,13.52783069,52.55675155,0
4857,214758,bike,11,2,2400625.0,2021,8,12,4,3,3,6,0,1,0,0,0,801530.7417,5827226.335,13.44423554,52.51157041,0
4858,214760,bike + car,11,8,8100313.0,2021,7,20,4,3,1,5,0,1,1,0,0,801834.6903,5824422.394,13.44615973,52.48627032,0
4859,214762,bike + car,11,1,1400942.0,2021,8,21,4,2,1,5,2,1,1,0,0,794693.229,5830792.712,13.346938,52.54727743,1
4860,214763,car,11,11,2500729.0,2021,7,12,7,3,2,6,0,0,1,0,0,803768.8878,5827709.515,13.47755539,52.51465929,0
4861,214764,bike + car,11,11,11300620.0,2021,7,16,5,3,5,2,0,1,1,0,1,803556.2679,5829757.193,13.47630075,52.53313042,0
4862,214765,bike + car,11,1,1100308.0,2021,7,17,2,3,1,5,0,1,1,0,0,797534.5084,5828334.467,13.38651523,52.52369796,0
4863,214768,bike,11,1,1100310.0,2021,8,21,6,3,0,1,2,1,0,0,0,799202.5751,5828255.35,13.41095719,52.52207601,0
4864,214769,bike + car,11,4,4300621.0,2021,7,19,7,3,5,3,0,1,1,0,0,792382.7152,5826902.768,13.30954019,52.5136503,0
4865,214770,car + pedestrian,11,1,1401045.0,2021,7,23,3,3,6,7,2,0,1,1,0,796846.5576,5831561.0,13.3792875,52.55299519,0
4866,214773,bike + car,11,3,3300412.0,2021,7,16,4,3,0,3,0,1,1,0,0,802758.3297,5839056.652,13.47306435,52.61692268,0
4867,214774,car,11,4,4501045.0,2021,8,16,4,3,2,6,0,0,1,0,0,794178.4094,5825442.434,13.33463508,52.49959369,0
4868,214776,bike + car,11,1,1100309.0,2021,8,19,6,3,0,3,0,1,1,0,0,798651.3968,5828813.734,13.40335907,52.5273833,0
4869,214778,car,11,8,8401244.0,2021,8,11,2,3,5,3,0,0,1,0,0,806244.1903,5816361.202,13.50350691,52.411567,0
4870,214779,bike + car,11,9,9100203.0,2021,8,6,6,3,5,2,1,1,1,0,0,803786.4292,5823284.969,13.47377849,52.47499338,0
4871,214780,bike + car,11,2,2300314.0,2021,7,19,2,3,1,5,0,1,1,0,0,799931.1208,5825970.203,13.41960362,52.50119306,0
4872,214781,bike + car,11,11,11400928.0,2021,7,17,6,3,0,2,0,1,1,0,0,804460.8961,5826383.059,13.48650844,52.50238496,0
4873,214782,bike + car + pedestrian,11,8,8100206.0,2021,7,0,6,2,1,6,2,1,1,1,0,800373.783,5824153.99,13.42446792,52.48467019,1
4874,214783,bike + car,11,11,11501341.0,2021,8,15,2,2,5,2,0,1,1,0,0,807180.0434,5823769.567,13.52403337,52.47743857,1
4875,214785,bike + car,11,9,9501940.0,2021,8,12,1,2,3,6,0,1,1,0,0,811993.4113,5821531.453,13.59258499,52.4546539,1
4876,214786,car,11,12,12200309.0,2021,8,9,3,3,2,6,0,0,1,0,0,793296.5749,5832608.966,13.32800519,52.56431289,0
4877,214789,bike + car,11,4,4300415.0,2021,7,18,6,3,5,3,0,1,1,0,0,791187.2685,5826044.288,13.29122279,52.5065936,0
4878,214790,bike + car,11,12,12100103.0,2021,7,5,4,3,5,3,1,1,1,0,0,795574.0225,5833235.859,13.36206523,52.56870076,0
4879,214791,bike + car,11,9,9200715.0,2021,8,13,4,3,0,2,0,1,1,0,0,809337.736,5818509.287,13.55083023,52.42907889,0
4880,214792,bike + car,11,8,8100102.0,2021,7,21,6,3,5,2,2,1,1,0,0,800392.0847,5823330.056,13.4239943,52.47727486,0
4881,214794,bike + car,11,1,1100416.0,2021,8,22,7,3,5,2,2,1,1,0,1,798586.4258,5829511.122,13.40303057,52.53366999,0
4882,214795,bike + car,11,1,1100103.0,2021,8,21,3,2,5,3,1,1,1,0,0,795408.2282,5825817.631,13.35303224,52.50229271,1
4883,214796,car,11,5,5100103.0,2021,7,13,1,3,2,5,0,0,1,0,0,785631.7344,5832198.092,13.21488309,52.56470466,0