,ObjectID,vehicle_types,State,District,LOR_ab_2021,AccidentYear,AccidentMonth,AccidentHour,DayOfWeek,AccidentCategory,AccidentType,AccidentTypeDetail,LightingCondition,InvolvingBike,InvolvingCar,InvolvingPedestrian,RoadCondition,GraphicCoord1,GraphicCoord2,LongitudeWGS84,LatitudeWGS84,accident_outcome
4884,214798,car,11,5,5100104.0,2021,8,18,1,2,5,3,0,0,1,0,0,785812.3965,5831736.012,13.21714311,52.56046696,1
4885,214804,bike + car,11,11,11200410.0,2021,7,5,6,3,5,3,0,1,1,0,0,805138.8363,5832559.169,13.50213355,52.55735916,0
4886,214805,bike + car,11,4,4500937.0,2021,7,14,6,3,5,2,0,1,1,0,0,791455.5803,5825075.093,13.29431652,52.49776158,0
4887,214809,car + pedestrian,11,1,1300733.0,2021,8,22,1,3,6,2,2,0,1,1,1,796984.4965,5831506.948,13.38126765,52.55243548,0
4888,214810,car,11,1,1401045.0,2021,8,8,3,3,2,6,0,0,1,0,0,796496.3713,5831965.246,13.37449874,52.55680954,0
4889,214811,bike + car,11,11,11300725.0,2021,7,17,3,3,5,3,0,1,1,0,0,805770.5876,5827900.358,13.50713695,52.51525125,0
4890,214814,bike + car,11,9,9501941.0,2021,8,13,4,3,2,3,0,1,1,0,0,812053.7818,5821340.552,13.59329217,52.45290871,0
4891,214816,bike + car,11,8,8100102.0,2021,7,15,4,3,5,2,0,1,1,0,0,800485.6611,5823552.391,13.42556831,52.47921627,0
4892,214817,bike + car,11,1,1100206.0,2021,8,9,4,3,5,3,0,1,1,0,0,797146.9243,5827764.823,13.38031039,52.5188031,0
4893,214818,car,11,12,12400619.0,2021,8,11,4,3,5,3,0,0,1,0,0,786947.237,5836345.141,13.23782833,52.60119319,0
4894,214820,bike + car,11,10,10100311.0,2021,7,22,5,3,5,3,2,1,1,0,0,806466.7141,5830187.254,13.51947088,52.53535614,0
4895,214821,bike + car,11,8,8200832.0,2021,8,16,4,2,2,2,0,1,1,0,0,800304.2035,5816752.992,13.4167918,52.41836959,1
4896,214822,bike + car,11,9,9200613.0,2021,7,18,3,3,5,2,0,1,1,0,0,807019.3687,5821152.938,13.51926775,52.45407803,0
4897,214824,car,11,7,7400720.0,2021,7,8,3,3,5,3,0,0,1,0,0,797027.4848,5823564.218,13.37480886,52.48121415,0
4898,214825,bike + car,11,2,2200208.0,2021,8,15,2,3,1,5,0,1,1,0,0,797606.4449,5825468.817,13.38500999,52.49797153,0
4899,214826,car,11,5,5100104.0,2021,8,14,6,3,2,6,0,0,1,0,0,785217.2239,5831693.916,13.20835098,52.56040163,0
4900,214827,car,11,2,2500835.0,2021,7,12,7,3,2,6,0,0,1,0,0,802963.4107,5826072.872,13.46423239,52.50043826,0
4901,214828,bike + car,11,1,1300836.0,2021,7,14,3,3,5,2,0,1,1,0,0,796634.7004,5831062.69,13.37572677,52.54864381,0
4902,214829,bike + car,11,4,4400832.0,2021,8,11,3,3,1,5,0,1,1,0,0,791351.4385,5822468.686,13.29050839,52.47445079,0
4903,214830,car,11,4,4100101.0,2021,7,22,5,3,5,2,2,0,1,0,0,793340.975,5829718.481,13.32610463,52.53837732,0
4904,214833,bike + pedestrian,11,11,11401032.0,2021,8,11,3,2,6,7,0,1,0,1,0,806600.4583,5827769.559,13.51920765,52.51361314,1
4905,214834,car + pedestrian,11,3,3601243.0,2021,8,20,6,2,9,1,1,0,1,1,1,799882.5164,5831727.081,13.42408169,52.55282082,1
4906,214839,car,11,3,3400725.0,2021,8,8,7,3,0,7,0,0,1,0,0,798561.0221,5834880.988,13.4074875,52.58181683,0
4907,214840,car,11,8,8200624.0,2021,8,17,3,3,4,6,0,0,1,0,0,800751.7749,5821324.497,13.4274667,52.45910033,0
4908,214841,car,11,5,5100313.0,2021,7,15,3,3,2,6,0,0,1,0,0,785395.6018,5830543.584,13.20998616,52.54999449,0
4909,214844,bike + car,11,11,11100309.0,2021,8,13,5,3,5,2,0,1,1,0,0,805454.2007,5833347.162,13.5074962,52.56424458,0
4910,214845,car,11,4,4501045.0,2021,8,19,5,3,0,7,1,0,1,0,0,794291.2747,5824927.876,13.33583832,52.49492012,0
4911,214847,bike,11,2,2300418.0,2021,8,13,4,3,4,6,0,1,0,0,0,801052.9692,5825475.431,13.43563356,52.49614056,0
4912,214848,car,11,6,6200312.0,2021,7,18,6,3,5,2,0,0,1,0,0,794829.2968,5819322.546,13.33878691,52.44438122,0
4913,214849,bike + car,11,7,7200308.0,2021,7,15,6,2,5,3,0,1,1,0,0,794901.3196,5823938.149,13.34392226,52.48571858,1
4914,214850,bike + pedestrian,11,8,8200623.0,2021,8,7,6,3,6,7,0,1,0,1,0,801733.9536,5821224.942,13.44178859,52.45766663,0
4915,214851,bike + car,11,7,7400720.0,2021,8,6,2,3,5,3,0,1,1,0,0,796927.1002,5823749.218,13.37349978,52.48292709,0
4916,214852,bike + car,11,12,12200309.0,2021,7,11,2,3,5,2,0,1,1,0,0,793270.2092,5832583.048,13.32759442,52.56409475,0
4917,214853,bike,11,11,11501238.0,2021,8,18,7,3,3,6,0,1,0,0,0,805509.4692,5824399.062,13.50008921,52.48401744,0
4918,214854,bike + car,11,5,5100316.0,2021,8,10,2,3,0,5,0,1,1,0,0,784947.4729,5829186.614,13.20223087,52.5380626,0
4919,214855,car,11,4,4500937.0,2021,7,10,2,3,2,2,0,0,1,0,0,791017.4689,5824870.57,13.28770233,52.49616182,0
4920,214857,bike + car,11,2,2100104.0,2021,8,15,4,3,5,3,0,1,1,0,0,799282.395,5826219.419,13.41029918,52.50378311,0
4921,214858,bike + car,11,3,3601346.0,2021,7,23,5,3,1,5,2,1,1,0,0,799548.0438,5831035.335,13.41853926,52.54680449,0
4922,214859,bike + car,11,2,2100104.0,2021,7,22,4,3,5,3,2,1,1,0,0,799282.4992,5826219.381,13.41030067,52.50378271,0
4923,214860,car,11,3,3200204.0,2021,8,14,4,3,2,6,0,0,1,0,0,796995.0173,5838822.625,13.38797914,52.61800547,0
4924,214861,car,11,8,8100105.0,2021,7,15,2,3,1,1,0,0,1,0,0,800480.4069,5822022.113,13.42411276,52.46550264,0
4925,214862,bike + car,11,5,5300737.0,2021,8,8,5,2,5,2,0,1,1,0,0,787974.983,5830384.863,13.24778485,52.54721395,1
4926,214863,bike + car,11,7,7400823.0,2021,8,6,2,2,5,2,0,1,1,0,0,796846.9437,5822343.485,13.37107161,52.47036961,1
4927,214864,bike + car,11,9,9200511.0,2021,8,10,6,3,1,5,0,1,1,0,0,807171.6738,5822033.979,13.52231265,52.46188857,0
4928,214865,bike + pedestrian,11,2,2200211.0,2021,9,15,6,3,6,4,0,1,0,1,0,798078.3717,5824551.469,13.39112056,52.48949106,0
4929,214866,bike + car,11,2,2100101.0,2021,8,15,3,3,2,2,0,1,1,0,0,797693.8061,5825817.705,13.38660495,52.50105126,0
4930,214867,bike + car,11,2,2200213.0,2021,8,12,5,3,5,3,0,1,1,0,0,799522.9691,5824927.98,13.41267159,52.49207527,0
4931,214868,bike + car,11,2,2500836.0,2021,9,7,4,3,5,3,0,1,1,0,0,803120.1279,5825688.378,13.46618412,52.49690507,0
4932,214871,bike + car,11,7,7200307.0,2021,9,12,4,3,5,3,0,1,1,0,0,794486.7191,5824815.88,13.33860987,52.49381072,0
4933,214873,car + pedestrian,11,11,11300620.0,2021,9,12,7,2,6,4,0,0,1,1,1,803816.2545,5829074.115,13.47949761,52.52686338,1
4934,214874,bike + car,11,2,2300316.0,2021,9,22,5,3,5,7,2,1,1,0,0,801640.3257,5826064.616,13.44479284,52.50109721,0
4935,214875,bike,11,12,12400618.0,2021,8,15,3,3,2,6,0,1,0,0,0,786255.0941,5838962.304,13.2299013,52.62502228,0
4936,214876,car + pedestrian,11,12,12200309.0,2021,9,20,6,2,6,4,2,0,1,1,1,793274.6009,5832570.725,13.32764813,52.56398191,1
4937,214878,car,11,6,6400841.0,2021,8,16,6,3,4,6,0,0,1,0,0,789662.6072,5818733.888,13.26247273,52.44186529,0
4938,214884,bike + car,11,1,1100309.0,2021,9,10,3,3,3,6,0,1,1,0,0,798534.4131,5829058.016,13.40185912,52.52963702,0
4939,214886,car,11,4,4200308.0,2021,9,17,6,3,2,6,0,0,1,0,1,790400.3609,5827309.419,13.28076537,52.51835504,0
4940,214887,car,11,1,1100102.0,2021,9,18,5,3,2,6,0,0,1,0,0,795229.7547,5826723.73,13.35121411,52.5105118,0
4941,214888,car,11,6,6400737.0,2021,9,12,1,3,5,3,0,0,1,0,0,785882.034,5816569.939,13.20515388,52.42445284,0
4942,214889,bike,11,10,10100312.0,2021,8,9,4,3,3,6,0,1,0,0,0,808336.3879,5829269.521,13.54609779,52.52607711,0
4943,214890,car,11,4,4300518.0,2021,8,22,6,3,5,3,2,0,1,0,0,791989.6316,5829154.108,13.30574085,52.53404362,0
4944,214891,car,11,10,10100312.0,2021,9,19,5,3,5,3,2,0,1,0,0,807830.1537,5829086.274,13.53848974,52.52472092,0
4945,214892,car,11,6,6100102.0,2021,9,12,5,3,1,5,0,0,1,0,1,793439.077,5821031.532,13.31989296,52.46044962,0
4946,214893,car,11,1,1100103.0,2021,9,22,6,3,5,3,2,0,1,0,0,795327.6188,5826172.777,13.35216314,52.50551996,0
4947,214894,bike,11,3,3500936.0,2021,9,23,5,3,0,1,2,1,0,0,0,802751.644,5831642.73,13.46619308,52.55047765,0
4948,214896,bike + car,11,1,1100102.0,2021,9,15,2,2,5,2,0,1,1,0,0,796641.6493,5826646.555,13.37188873,52.50905405,1
4949,214897,bike + pedestrian,11,12,12100103.0,2021,9,8,2,2,6,4,0,1,0,1,0,795729.7395,5833606.516,13.36468655,52.57193875,1
4950,214898,bike,11,1,1200522.0,2021,9,21,4,3,0,7,2,1,0,0,0,794285.9057,5827927.134,13.33841109,52.52180959,0
4951,214899,car,11,2,2100105.0,2021,9,11,2,3,5,3,0,0,1,0,0,799595.2354,5825833.793,13.41454747,52.50015487,0
4952,214900,car,11,5,5100103.0,2021,9,16,3,2,1,5,0,0,1,0,0,785421.8458,5832223.213,13.21181661,52.56503997,1
4953,214901,bike + pedestrian,11,4,4400835.0,2021,9,14,5,2,6,3,0,1,0,1,0,793356.8531,5822659.553,13.32011759,52.47508846,1
4954,214902,car,11,5,5300736.0,2021,9,13,7,3,2,6,0,0,1,0,0,785755.1167,5829284.624,13.21419083,52.53851843,0
4955,214903,bike + car,11,1,1100102.0,2021,8,14,4,3,0,2,0,1,1,0,0,794307.432,5827036.337,13.3379394,52.51381253,0
4956,214904,car + pedestrian,11,3,3400721.0,2021,8,8,6,3,6,2,0,0,1,1,1,798383.9753,5832742.205,13.40295786,52.56274293,0
4957,214905,bike + car,11,2,2300418.0,2021,9,19,4,3,2,7,1,1,1,0,1,801270.558,5825371.105,13.43873466,52.49508539,0
4958,214906,bike,11,7,7400825.0,2021,9,8,4,3,7,7,0,1,0,0,0,797287.4011,5820741.613,13.37610998,52.4557709,0
4959,214908,car + pedestrian,11,2,2500831.0,2021,9,19,5,3,6,4,1,0,1,1,0,803019.5757,5827018.748,13.4659181,52.50888484,0
4960,214909,car,11,4,4501043.0,2021,8,14,7,3,2,6,0,0,1,0,0,792375.0638,5825090.001,13.30783577,52.49740339,0
4961,214910,car,11,6,6100103.0,2021,9,21,7,3,2,6,2,0,1,0,0,793598.405,5821258.429,13.32243085,52.4623981,0
4962,214916,car,11,11,11300721.0,2021,8,10,3,3,2,6,0,0,1,0,0,804621.3507,5829927.766,13.49211062,52.534065,0
4963,214917,car,11,7,7601442.0,2021,8,10,5,2,5,2,0,0,1,0,0,798708.726,5816017.768,13.39274485,52.41265223,1
4964,214918,car + pedestrian,11,3,3500934.0,2021,9,22,3,2,6,4,2,0,1,1,0,800582.9281,5831846.747,13.4344894,52.55350733,1
4965,214919,car + pedestrian,11,5,5100316.0,2021,9,21,4,2,6,4,2,0,1,1,0,784802.7755,5828816.372,13.19978588,52.53481867,1
4966,214921,bike + car,11,10,10400837.0,2021,10,9,6,3,5,3,0,1,1,0,0,810232.5501,5825015.473,13.56999431,52.48687866,0
4967,214923,car + pedestrian,11,1,1200522.0,2021,9,17,7,3,6,4,1,0,1,1,0,794566.1127,5828409.486,13.34295629,52.52598225,0
4968,214924,bike + car,11,12,12400723.0,2021,9,10,2,3,5,2,0,1,1,0,0,791512.2026,5838832.675,13.30723299,52.62106473,0
4969,214927,car,11,8,8100312.0,2021,9,18,4,2,1,5,0,0,1,0,0,801372.5457,5823958.285,13.43895476,52.48236569,1
4970,214928,bike + car,11,9,9401329.0,2021,9,15,6,2,3,6,0,1,1,0,0,812324.5747,5818399.532,13.59451605,52.42639855,1
4971,214930,car,11,11,11300617.0,2021,9,13,3,3,2,6,0,0,1,0,0,803521.409,5829724.447,13.47575852,52.53285635,0
4972,214931,bike + car,11,5,5100207.0,2021,9,8,3,3,5,3,0,1,1,0,0,780168.3525,5830151.945,13.13276653,52.54919668,0
4973,214932,bike,11,11,11200512.0,2021,9,7,3,3,0,1,0,1,0,0,0,804712.3394,5831259.287,13.49466901,52.54594785,0
4974,214935,car,11,12,12200515.0,2021,9,15,7,3,5,2,0,0,1,0,0,790135.382,5835786.8,13.28428136,52.59449584,0
4975,214936,bike + car,11,4,4300623.0,2021,8,17,4,3,1,5,0,1,1,0,0,792313.6468,5826016.92,13.3077473,52.50574591,0
4976,214937,car,11,5,5100211.0,2021,8,10,6,3,5,2,0,0,1,0,1,781907.8355,5829572.155,13.15786029,52.54310055,0
4977,214938,car,11,8,8100209.0,2021,9,21,5,3,2,6,2,0,1,0,0,801745.0512,5822063.949,13.44270986,52.4651807,0
4978,214940,car + pedestrian,11,12,12200515.0,2021,9,9,6,3,6,4,0,0,1,1,0,790376.8848,5835169.3,13.28729532,52.58883114,0
4979,214941,bike + car,11,1,1100207.0,2021,9,5,5,3,5,3,1,1,1,0,0,798481.3109,5826666.178,13.3989326,52.50822652,0
4980,214942,bike + car,11,3,3400723.0,2021,8,12,2,3,0,5,0,1,1,0,1,798899.9003,5833268.07,13.41102011,52.56717351,0
4981,214944,car,11,9,9200511.0,2021,9,15,5,3,5,2,0,0,1,0,0,806812.6237,5822631.465,13.51759369,52.46744511,0
4982,214945,bike + car,11,4,4501045.0,2021,9,15,2,3,2,2,0,1,1,0,0,793476.4499,5824898.818,13.32384497,52.49509836,0
4983,214946,bike + car,11,8,8100314.0,2021,9,15,5,3,5,3,0,1,1,0,0,801163.5511,5823916.593,13.43584882,52.4821073,0
4984,214948,bike + car,11,1,1100206.0,2021,9,14,3,3,5,3,0,1,1,0,0,797172.6538,5827699.978,13.38063055,52.51820782,0
4985,214949,bike + car,11,2,2500836.0,2021,9,16,5,3,5,2,0,1,1,0,0,803362.6412,5825446.208,13.46952498,52.4945998,0
4986,214950,bike,11,1,1100102.0,2021,9,23,6,3,0,1,2,1,0,0,0,796740.8116,5826915.068,13.37358494,52.51140706,0
4987,214953,car,11,1,1400940.0,2021,9,12,4,3,5,7,0,0,1,0,1,795385.6331,5831872.961,13.35808045,52.5565859,0
4988,214954,bike + car,11,8,8100102.0,2021,9,18,6,3,5,2,0,1,1,0,0,800549.7075,5823370.172,13.4263443,52.47754772,0
4989,214956,bike + car,11,8,8100521.0,2021,8,16,4,3,5,3,0,1,1,0,0,802496.1083,5822117.219,13.45378002,52.46524289,0
4990,214957,car,11,11,11300725.0,2021,8,18,7,3,5,3,0,0,1,0,0,805049.9906,5827915.931,13.49656503,52.51579431,0
4991,214959,bike + car,11,6,6200312.0,2021,9,12,5,3,3,6,0,1,1,0,0,795084.4842,5818978.9,13.34222714,52.44116296,0
4992,214961,bike + car,11,1,1100416.0,2021,9,8,5,3,5,7,0,1,1,0,0,798800.005,5829238.534,13.40592491,52.53110959,0
4993,214962,bike + car,11,7,7100103.0,2021,8,14,1,3,1,5,0,1,1,0,1,795727.2379,5825538.066,13.35747003,52.49961384,0
4994,214964,bike + car,11,6,6200313.0,2021,9,16,1,3,5,2,0,1,1,0,0,795725.5402,5818907.613,13.35156782,52.44017763,0
4995,214965,bike + car,11,12,12200310.0,2021,9,17,4,3,5,2,0,1,1,0,0,792186.5067,5832963.279,13.31198716,52.56808605,0
4996,214966,car,11,6,6200316.0,2021,9,9,7,2,2,6,0,0,1,0,1,795984.9298,5817796.252,13.35438877,52.43007472,1
4997,214967,car,11,8,8100419.0,2021,9,9,3,3,1,5,0,0,1,0,0,801841.1117,5824217.386,13.44606837,52.48442925,0
4998,214968,car,11,7,7601544.0,2021,9,20,5,3,5,2,2,0,1,0,1,799790.5461,5813977.033,13.40677628,52.39376827,0
4999,214970,bike + car,11,3,3601142.0,2021,8,16,4,2,5,2,0,1,1,0,0,798646.2824,5830287.526,13.40460814,52.54059655,1
5000,214974,car + pedestrian,11,1,1100309.0,2021,9,10,6,3,6,7,0,0,1,1,0,798455.671,5829049.32,13.40069399,52.52960219,0
5001,214976,bike + car,11,1,1300834.0,2021,8,21,7,2,5,3,2,1,1,0,0,797971.6518,5830863.604,13.39520689,52.54612964,1
5002,214978,car,11,1,1100206.0,2021,9,13,4,3,2,6,0,0,1,0,0,798554.0677,5827797.544,13.40101644,52.51832787,0
5003,214979,bike + car,11,4,4200206.0,2021,9,14,6,3,5,2,0,1,1,0,0,786241.2159,5826006.144,13.2185166,52.50886923,0
5004,214982,car,11,12,12100102.0,2021,9,17,6,3,1,5,0,0,1,0,0,796185.7709,5833376.505,13.37119044,52.56962898,0
5005,214983,bike + car,11,8,8200726.0,2021,8,10,3,3,5,2,0,1,1,0,0,801588.8948,5820150.782,13.43869014,52.44811871,0
5006,214984,car,11,10,10200421.0,2021,8,9,5,3,5,3,0,0,1,0,0,812073.4169,5830620.568,13.60227263,52.53605797,0
5007,214985,bike + car,11,4,4500937.0,2021,9,7,3,3,5,2,0,1,1,0,0,791425.3674,5825046.835,13.29384799,52.49752437,0
5008,214987,car,11,11,11300724.0,2021,9,12,3,3,5,3,0,0,1,0,0,804489.4884,5828170.502,13.48856354,52.51838912,0
5009,214990,car,11,11,11300724.0,2021,8,20,3,3,5,3,2,0,1,0,0,804747.2744,5827955.785,13.49215428,52.51632073,0
5010,214991,car,11,1,1100101.0,2021,9,13,1,3,8,1,0,0,1,0,0,794609.088,5826166.731,13.34160207,52.50585422,0
5011,214992,bike + car,11,8,8100520.0,2021,9,12,2,3,5,2,0,1,1,0,0,803179.6749,5822712.627,13.46435231,52.47020064,0
5012,214994,bike + car,11,9,9501838.0,2021,8,7,2,3,5,3,0,1,1,0,1,819383.86,5819917.483,13.69943788,52.43592505,0
5013,214995,bike + car,11,9,9200715.0,2021,9,11,5,3,5,2,0,1,1,0,0,809054.4362,5818195.552,13.54638681,52.42642731,0
5014,214997,bike + car,11,3,3601451.0,2021,8,15,2,3,5,2,0,1,1,0,0,801198.0381,5829478.245,13.44138706,52.53193843,0
5015,214998,car + pedestrian,11,2,2100104.0,2021,9,16,3,3,6,2,0,0,1,1,0,799216.4361,5825992.659,13.40912655,52.5017867,0
5016,214999,bike,11,6,6100103.0,2021,9,0,3,2,0,1,2,1,0,0,0,793780.2985,5821141.554,13.32499758,52.4612526,1
5017,215000,car,11,12,12601236.0,2021,8,20,1,3,2,6,2,0,1,0,1,793877.7344,5836161.478,13.33970397,52.59584524,0
5018,215002,car,11,6,6100207.0,2021,9,16,4,3,8,1,0,0,1,0,0,794162.0257,5820048.133,13.32963658,52.45124519,0
5019,215004,car,11,9,9501737.0,2021,9,14,1,3,2,6,0,0,1,0,0,813737.4522,5821733.434,13.61835695,52.45546569,0
5020,215006,car,11,4,4200205.0,2021,8,8,6,3,2,6,0,0,1,0,1,788126.8146,5826665.541,13.24679407,52.51378838,0
5021,215009,car + pedestrian,11,9,9100306.0,2021,9,17,6,3,6,7,1,0,1,1,0,803873.1452,5820445.546,13.47246635,52.44949587,0
5022,215010,car,11,3,3601141.0,2021,9,13,5,3,2,6,0,0,1,0,0,799233.588,5831685.908,13.41450204,52.55280866,0
5023,215012,car,11,5,5100315.0,2021,9,11,2,2,2,6,0,0,1,0,0,784695.6767,5829688.05,13.19895807,52.54269007,1
5024,215013,car,11,1,1200522.0,2021,9,9,5,2,5,3,0,0,1,0,0,793684.3104,5828105.484,13.32972731,52.52373276,1
5025,215016,bike + car,11,7,7100205.0,2021,9,19,7,3,5,2,1,1,1,0,0,796058.9973,5825370.418,13.36219402,52.49793114,0
5026,215017,bike + car,11,6,6400735.0,2021,9,16,3,2,5,2,0,1,1,0,0,783324.2525,5815986.224,13.16714461,52.42054941,1
5027,215018,car + pedestrian,11,8,8100105.0,2021,9,4,5,3,2,2,2,0,1,1,0,801005.58,5822157.954,13.43194255,52.46643116,0
5028,215019,bike,11,1,1100308.0,2021,9,14,7,2,0,1,0,1,0,0,0,797559.7585,5828665.233,13.38718228,52.52664909,1
5029,215021,car + pedestrian,11,2,2100105.0,2021,8,12,5,2,6,7,0,0,1,1,0,799245.5622,5825751.517,13.40933768,52.49960925,1
5030,215022,bike + car,11,12,12500824.0,2021,9,10,4,3,5,7,0,1,1,0,1,790974.772,5835855.137,13.29669839,52.59466002,0
5031,215025,car,11,3,3601452.0,2021,9,17,5,3,2,6,0,0,1,0,0,802129.6741,5829110.1,13.4547451,52.52812318,0
5032,215026,car,11,4,4100101.0,2021,8,8,6,3,5,2,0,0,1,0,1,793353.5301,5829677.588,13.32625312,52.53800398,0
5033,215028,bike + car,11,10,10300734.0,2021,8,14,3,3,2,7,0,1,1,0,0,809722.4895,5826858.319,13.56421985,52.50368322,0
5034,215029,car,11,9,9200716.0,2021,9,17,6,3,5,3,0,0,1,0,1,809455.5843,5819067.056,13.55307418,52.43401092,0
5035,215031,bike + car,11,10,10400941.0,2021,8,16,5,3,5,2,0,1,1,0,0,812575.5261,5824278.059,13.60369644,52.47893431,0
5036,215032,car,11,10,10400836.0,2021,8,11,2,3,5,3,0,0,1,0,1,811406.1105,5827578.791,13.58961814,52.50918141,0
5037,215033,car,11,1,1300835.0,2021,9,8,6,3,5,3,0,0,1,0,0,797403.7388,5830013.41,13.38609552,52.53881901,0
5038,215034,car + pedestrian,11,1,1100310.0,2021,8,15,2,3,6,2,0,0,1,1,0,799236.5282,5828467.839,13.41164731,52.52396202,0
5039,215035,car,11,9,9200715.0,2021,9,10,4,3,2,6,0,0,1,0,0,809078.4387,5818203.839,13.54674635,52.42648802,0
5040,215036,bike + car,11,9,9200510.0,2021,9,9,4,3,5,3,0,1,1,0,0,806129.6525,5822119.665,13.50710179,52.46324125,0
5041,215039,car,11,2,2400625.0,2021,9,23,6,2,2,6,2,0,1,0,0,801424.348,5826406.163,13.44192989,52.50427789,1
5042,215041,bike + car,11,2,2400625.0,2021,9,15,4,3,5,3,0,1,1,0,1,801176.7761,5827298.212,13.43910054,52.51241021,0
5043,215042,car,11,5,5100211.0,2021,9,13,6,3,5,3,0,0,1,0,0,783157.398,5830296.67,13.1768547,52.54894874,0
5044,215043,bike + car,11,4,4300623.0,2021,9,18,5,3,5,2,0,1,1,0,0,792636.7331,5826112.626,13.31257802,52.50643069,0
5045,215045,car,11,4,4200207.0,2021,9,10,7,3,1,7,0,0,1,0,0,789572.3728,5824958.074,13.26655139,52.49771499,0
5046,215048,car,11,5,5300736.0,2021,9,10,7,3,2,2,0,0,1,0,1,786281.7714,5829136.483,13.22180717,52.53691381,0
5047,215050,bike + car,11,2,2500835.0,2021,9,15,6,3,5,7,0,1,1,0,0,803100.9842,5825692.732,13.46590694,52.49695473,0
5048,215051,bike + car,11,4,4300412.0,2021,8,14,3,3,5,7,0,1,1,0,0,791404.9084,5827495.745,13.29569138,52.51948956,0
5049,215053,bike + car,11,2,2200212.0,2021,9,7,3,3,5,2,0,1,1,0,0,799079.7007,5824615.114,13.40588139,52.4895139,0
5050,215058,car,11,8,8100103.0,2021,9,15,7,3,1,5,0,0,1,0,0,800676.8175,5822975.465,13.4278544,52.47393985,0
5051,215060,car + pedestrian,11,1,1300733.0,2021,8,10,7,3,6,2,0,0,1,1,0,797519.5392,5831860.299,13.38945239,52.55531083,0
5052,215062,car,11,7,7501134.0,2021,8,6,2,2,5,3,0,0,1,0,1,798957.4995,5817281.906,13.39752091,52.42384795,1
5053,215063,bike + car,11,4,4501045.0,2021,9,11,5,3,5,3,0,1,1,0,0,793967.5361,5824934.109,13.33108894,52.49515045,0
5054,215065,bike + car,11,3,3200206.0,2021,9,9,6,3,5,2,0,1,1,0,0,798346.168,5834831.038,13.40428096,52.58148695,0
5055,215067,bike,11,1,1200624.0,2021,9,6,3,3,4,6,2,1,0,0,0,795555.0943,5829643.522,13.35858882,52.53650907,0
5056,215069,bike,11,2,2500830.0,2021,8,4,1,2,0,1,2,1,0,0,1,802602.0634,5827381.222,13.4601146,52.51236542,1
5057,215072,car + pedestrian,11,7,7400824.0,2021,9,9,6,2,6,2,0,0,1,1,0,797833.076,5821172.878,13.38450159,52.45933966,1
5058,215073,bike + car,11,10,10300731.0,2021,9,15,1,3,5,2,0,1,1,0,0,809102.6148,5829464.436,13.5575374,52.52739003,0
5059,215074,bike + car,11,2,2300315.0,2021,8,21,4,3,5,3,2,1,1,0,1,800678.5307,5825794.086,13.43042227,52.49920317,0
5060,215075,bike,11,9,9401534.0,2021,8,17,6,2,0,1,0,1,0,0,1,810875.8149,5820660.766,13.57538052,52.4474879,1
5061,215076,bike + car,11,3,3601245.0,2021,9,18,5,3,5,2,0,1,1,0,0,800562.0716,5831406.247,13.43378396,52.54957056,0
5062,215078,car,11,1,1200624.0,2021,9,21,6,3,5,7,2,0,1,0,0,795595.9229,5829678.807,13.35922042,52.53680323,0
5063,215079,bike + pedestrian,11,1,1400942.0,2021,9,20,5,3,6,4,2,1,0,1,0,794956.876,5831087.985,13.35107706,52.54978162,0
5064,215080,bike + car,11,4,4501041.0,2021,8,14,7,3,1,5,0,1,1,0,0,793356.4666,5825423.971,13.32254522,52.49987065,0
5065,215082,car,11,10,10100102.0,2021,9,20,1,3,5,2,2,0,1,0,0,809348.1137,5834283.242,13.56563334,52.57043496,0
5066,215083,car,11,11,11501340.0,2021,9,12,5,3,5,2,0,0,1,0,0,807314.6234,5824798.225,13.52695686,52.48658186,0
5067,215085,bike + car,11,9,9200715.0,2021,9,7,3,3,2,2,0,1,1,0,0,808626.3249,5819182.653,13.54102151,52.43551539,0
5068,215086,car + pedestrian,11,7,7400824.0,2021,9,23,5,2,6,2,2,0,1,1,1,797876.6516,5821888.308,13.38577953,52.46572896,1
5069,215087,bike + car,11,4,4500937.0,2021,9,17,6,3,0,2,0,1,1,0,0,791254.1563,5824992.608,13.29128565,52.49712963,0
5070,215089,bike + car,11,12,12200515.0,2021,8,9,5,3,0,1,0,1,1,0,0,790404.5422,5835314.248,13.28782949,52.59011582,0
5071,215092,bike + car,11,2,2100104.0,2021,9,23,5,2,5,2,2,1,1,0,0,799292.2673,5826221.528,13.41044608,52.5037966,1
5072,215093,car,11,7,7400720.0,2021,9,15,5,3,5,2,0,0,1,0,0,797200.423,5823674.011,13.3774458,52.48210424,0
5073,215095,bike + car,11,1,1100311.0,2021,9,9,1,3,5,2,0,1,1,0,0,799739.2697,5827544.377,13.41820321,52.51540851,0
5074,215100,car,11,5,5300737.0,2021,8,6,6,3,5,3,1,0,1,0,1,787686.8302,5829986.431,13.24320201,52.54379408,0
5075,215101,car,11,7,7501032.0,2021,8,11,2,3,5,3,0,0,1,0,1,799718.1212,5819657.976,13.41080345,52.44473015,0
5076,215103,car,11,7,7400927.0,2021,9,15,6,3,5,2,0,0,1,0,1,798894.9731,5821215.242,13.40012209,52.45913967,0
5077,215104,car,11,4,4100102.0,2021,8,8,2,3,0,6,0,0,1,0,1,791215.7708,5828999.846,13.29422906,52.53307472,0