,ObjectID,vehicle_types,State,District,LOR_ab_2021,AccidentYear,AccidentMonth,AccidentHour,DayOfWeek,AccidentCategory,AccidentType,AccidentTypeDetail,LightingCondition,InvolvingBike,InvolvingCar,InvolvingPedestrian,RoadCondition,GraphicCoord1,GraphicCoord2,LongitudeWGS84,LatitudeWGS84,accident_outcome
5078,215105,car,11,4,4400728.0,2021,9,13,2,3,0,7,0,0,1,0,0,789703.2463,5823409.963,13.26712787,52.48376632,0
5079,215106,car,11,2,2200211.0,2021,9,7,3,3,5,2,0,0,1,0,0,798165.5303,5824250.814,13.39213145,52.48674846,0
5080,215111,bike + car,11,1,1300733.0,2021,8,7,4,3,5,2,0,1,1,0,0,797576.5529,5831889.956,13.39031744,52.55554551,0
5081,215112,car + pedestrian,11,1,1401048.0,2021,8,17,7,3,6,4,0,0,1,1,0,795200.579,5831328.483,13.35487459,52.55180547,0
5082,215113,bike + car,11,1,1200628.0,2021,9,18,5,3,5,2,0,1,1,0,0,796130.4926,5828414.3,13.36595255,52.52517794,0
5083,215114,car,11,3,3501038.0,2021,9,21,4,3,5,2,2,0,1,0,1,803654.4963,5832012.078,13.47980555,52.55328545,0
5084,215115,bike + car,11,2,2500726.0,2021,9,12,7,3,1,5,0,1,1,0,1,802145.4249,5828424.091,13.4543533,52.52196577,0
5085,215116,bike + car,11,6,6200311.0,2021,9,8,6,3,5,2,0,1,1,0,0,796556.864,5818356.333,13.36327309,52.43478567,0
5086,215117,car,11,2,2100101.0,2021,8,9,1,3,5,3,0,0,1,0,0,797621.028,5825569.312,13.38531398,52.49886439,0
5087,215120,bike + car,11,5,5300736.0,2021,9,18,4,3,5,2,0,1,1,0,0,785980.4417,5829215.19,13.21744428,52.53777769,0
5088,215121,car,11,1,1300834.0,2021,9,9,2,3,2,6,0,0,1,0,0,797698.0076,5830698.313,13.39103527,52.54479761,0
5089,215122,bike + car,11,4,4400834.0,2021,9,7,3,3,5,2,0,1,1,0,0,792642.762,5823046.236,13.30997322,52.47893806,0
5090,215123,car + pedestrian,11,12,12500926.0,2021,9,21,5,3,6,2,2,0,1,1,1,793531.5483,5835457.421,13.33398379,52.58972083,0
5091,215124,bike + car,11,1,1100207.0,2021,9,17,7,3,5,2,0,1,1,0,0,797984.6106,5826882.693,13.39182959,52.51043883,0
5092,215125,car + pedestrian,11,1,1100310.0,2021,8,22,4,2,6,4,2,0,1,1,1,799330.2016,5827566.472,13.4122128,52.51583122,1
5093,215126,bike + car,11,2,2500833.0,2021,8,9,6,3,5,3,0,1,1,0,1,802478.9677,5827048.911,13.45800423,52.5094552,0
5094,215127,bike + car,11,1,1100312.0,2021,9,18,4,2,5,3,0,1,1,0,0,799636.7683,5827052.485,13.4162543,52.51105578,1
5095,215128,car,11,12,12400722.0,2021,9,8,4,3,5,3,0,0,1,0,0,790554.1454,5837103.034,13.29160134,52.60607208,0
5096,215130,bike + car,11,1,1300834.0,2021,9,17,1,3,2,6,0,1,1,0,0,798045.2836,5830043.26,13.39555353,52.53873608,0
5097,215131,car + pedestrian,11,11,11100205.0,2021,9,15,1,3,6,4,0,0,1,1,0,806106.1188,5834209.249,13.5178794,52.5716046,0
5098,215132,car + pedestrian,11,9,9100304.0,2021,8,11,7,3,6,4,0,0,1,1,0,804910.5583,5822538.694,13.48959605,52.46767845,0
5099,215133,bike + car,11,9,9200715.0,2021,9,7,5,3,5,2,1,1,1,0,0,809399.3081,5818451.094,13.55167911,52.42852256,0
5100,215134,bike + car,11,10,10200629.0,2021,9,14,5,3,5,2,0,1,1,0,0,810538.8894,5827966.974,13.57724327,52.51315442,0
5101,215136,bike + car,11,6,6400844.0,2021,9,17,6,3,5,2,0,1,1,0,1,791416.8739,5820644.813,13.28987624,52.45806482,0
5102,215137,car,11,8,8200623.0,2021,8,19,2,3,5,2,0,0,1,0,0,801547.1339,5820647.309,13.43852578,52.45259225,0
5103,215138,car + pedestrian,11,7,7100206.0,2021,9,17,3,3,6,4,0,0,1,1,0,796730.6153,5824808.591,13.37155807,52.49253016,0
5104,215139,bike + car,11,8,8200831.0,2021,9,8,3,3,5,3,0,1,1,0,0,799666.8082,5816422.358,13.40715125,52.41575524,0
5105,215140,bike + car,11,10,10200417.0,2021,9,12,5,3,5,2,0,1,1,0,0,811305.0629,5831663.736,13.59195838,52.54584546,0
5106,215142,car + pedestrian,11,10,10200417.0,2021,9,13,4,3,6,4,0,0,1,1,0,810941.5846,5831989.389,13.58692039,52.54897129,0
5107,215143,bike + car,11,2,2200208.0,2021,9,15,6,3,5,2,0,1,1,0,0,797562.1051,5825158.059,13.38408115,52.49521011,0
5108,215145,car,11,12,12200309.0,2021,9,12,6,3,2,6,0,0,1,0,0,792206.0149,5832945.691,13.31225868,52.56791791,0
5109,215148,car,11,4,4100101.0,2021,9,17,4,3,2,2,0,0,1,0,1,790179.4974,5829492.004,13.27942445,52.53803964,0
5110,215149,bike + car,11,12,12200309.0,2021,9,8,5,3,5,7,0,1,1,0,0,792533.1974,5833079.839,13.31719052,52.56894477,0
5111,215153,car,11,8,8401244.0,2021,9,18,1,3,5,3,0,0,1,0,0,805917.4915,5816208.899,13.49857952,52.41038462,0
5112,215155,bike + pedestrian,11,12,12200307.0,2021,8,15,3,2,6,4,0,1,0,1,0,793512.4176,5834012.51,13.3324225,52.57677846,1
5113,215157,car + pedestrian,11,4,4300619.0,2021,9,16,3,2,6,4,0,0,1,1,0,792521.4518,5827374.907,13.31199389,52.5178085,1
5114,215158,bike + car,11,8,8100209.0,2021,9,21,5,3,1,5,2,1,1,0,1,801813.9054,5821962.258,13.44362836,52.46423119,0
5115,215159,bike + pedestrian,11,1,1100104.0,2021,9,16,6,3,6,7,0,1,0,1,0,796236.6251,5825547.796,13.36496074,52.49942478,0
5116,215162,bike,11,3,3100102.0,2021,9,11,4,1,0,7,0,1,0,0,1,804591.6408,5841473.57,13.50228673,52.63755925,1
5117,215164,bike + car,11,10,10200627.0,2021,9,15,6,3,5,2,0,1,1,0,0,811308.4191,5829845.209,13.59030417,52.52954725,0
5118,215165,bike + car,11,6,6100209.0,2021,9,16,4,3,5,2,0,1,1,0,0,794708.16,5821562.259,13.33898646,52.46452439,0
5119,215168,bike,11,2,2300418.0,2021,9,16,5,2,5,2,0,1,0,0,0,801086.0597,5824978.972,13.43567086,52.49167242,1
5120,215170,bike + car,11,2,2100104.0,2021,9,21,7,3,0,3,2,1,1,0,0,798909.288,5826303.24,13.40489389,52.50473896,0
5121,215171,bike + car,11,8,8100313.0,2021,9,12,2,3,1,5,0,1,1,0,0,801740.0556,5824514.004,13.44485321,52.48714374,0
5122,215172,bike + car,11,10,10200417.0,2021,8,11,6,3,5,2,0,1,1,0,0,811301.7778,5831643.282,13.59189092,52.54566404,0
5123,215173,car,11,3,3601348.0,2021,8,14,2,3,2,6,0,0,1,0,1,799706.7812,5830520.868,13.42040899,52.54210583,0
5124,215174,bike,11,11,11300724.0,2021,9,16,4,3,4,6,0,1,0,0,0,804603.699,5827475.729,13.48960553,52.5120984,0
5125,215175,car + pedestrian,11,1,1100101.0,2021,9,15,6,3,6,4,0,0,1,1,1,794714.5156,5826060.13,13.34305652,52.50484167,0
5126,215180,bike,11,7,7100102.0,2021,9,17,4,2,0,7,0,1,0,0,0,794984.5462,5825698.064,13.34670263,52.50145008,1
5127,215181,car,11,6,6200317.0,2021,9,10,7,3,2,6,0,0,1,0,0,796704.4385,5817645.546,13.36480683,52.42833401,0
5128,215182,bike + car,11,2,2400623.0,2021,9,16,5,3,5,3,0,1,1,0,0,800595.108,5827146.449,13.43041803,52.51137076,0
5129,215183,car,11,4,4400728.0,2021,9,23,7,3,8,1,2,0,1,0,0,790673.554,5823382.015,13.28135219,52.48300007,0
5130,215187,car,11,4,4200203.0,2021,9,17,4,3,5,3,0,0,1,0,1,787712.8124,5826433.164,13.24050922,52.51192355,0
5131,215189,car,11,12,12500824.0,2021,9,7,6,3,1,5,0,0,1,0,0,791099.3522,5836304.983,13.29892784,52.59862609,0
5132,215195,car,11,6,6200421.0,2021,9,13,3,3,2,6,0,0,1,0,0,793670.9177,5817642.995,13.32031703,52.4299479,0
5133,215196,bike + car,11,6,6200314.0,2021,9,9,5,3,3,2,0,1,1,0,0,794563.5597,5817695.544,13.33345463,52.42993908,0
5134,215200,bike + car,11,1,1100309.0,2021,9,17,4,3,5,2,0,1,1,0,1,797944.5066,5828783.909,13.39294318,52.52750274,0
5135,215201,bike + car,11,9,9100304.0,2021,9,10,4,3,5,3,0,1,1,0,0,804562.6487,5822021.658,13.48401852,52.46323846,0
5136,215202,bike + car,11,3,3601347.0,2021,9,23,5,3,1,7,2,1,1,0,0,799547.5541,5830763.452,13.41828686,52.54436777,0
5137,215203,bike + car,11,3,3400722.0,2021,9,17,5,3,0,3,0,1,1,0,0,798626.3551,5834002.885,13.40765788,52.57391013,0
5138,215204,bike + car,11,10,10200629.0,2021,8,13,7,3,5,2,0,1,1,0,0,810911.9057,5829241.003,13.58391293,52.52435901,0
5139,215206,bike + car,11,1,2400623.0,2021,9,23,5,2,5,3,2,1,1,0,0,800274.8756,5827632.203,13.42615181,52.51590111,1
5140,215207,car,11,5,5300736.0,2021,9,14,4,3,5,2,0,0,1,0,0,786753.3995,5829276.351,13.22886241,52.53791985,0
5141,215208,car + pedestrian,11,1,1200623.0,2021,9,21,7,3,6,7,2,0,1,1,0,795524.2898,5829510.73,13.35801789,52.53533541,0
5142,215209,car + pedestrian,11,11,11300618.0,2021,9,16,3,3,6,2,0,0,1,1,0,802434.0196,5828906.212,13.45903231,52.526127,0
5143,215211,bike + car,11,10,10100311.0,2021,9,18,6,3,5,2,0,1,1,0,0,806569.3767,5829131.269,13.52000596,52.52583451,0
5144,215212,bike + car,11,1,1100207.0,2021,8,19,3,3,5,3,1,1,1,0,0,798483.274,5826666.508,13.39896173,52.5082284,0
5145,215214,car,11,11,11400928.0,2021,9,7,3,3,2,6,0,0,1,0,0,804471.3881,5826361.116,13.48664247,52.50218244,0
5146,215215,bike + car,11,1,1100309.0,2021,9,11,4,3,5,3,0,1,1,0,0,797943.2785,5828779.813,13.39292146,52.5274667,0
5147,215216,car + pedestrian,11,1,1100308.0,2021,9,10,3,3,6,4,0,0,1,1,0,796758.6936,5829659.101,13.37629621,52.53599467,0
5148,215217,car,11,6,6300631.0,2021,10,11,6,2,2,6,0,0,1,0,0,792409.9457,5816538.525,13.30085769,52.42072182,1
5149,215218,bike + car,11,7,7200411.0,2021,9,16,6,3,5,2,0,1,1,0,0,795987.906,5824524.272,13.36039807,52.49038472,0
5150,215219,bike,11,10,10100312.0,2021,9,17,5,3,0,1,0,1,0,0,0,808290.6751,5829242.103,13.54540069,52.52585725,0
5151,215221,car,11,8,8100419.0,2021,9,21,1,3,5,3,2,0,1,0,0,802288.5521,5823895.133,13.45234529,52.48129335,0
5152,215222,bike + car,11,6,6400843.0,2021,9,11,2,2,5,2,0,1,1,0,0,791865.8446,5819886.211,13.2958022,52.45102438,1
5153,215223,bike + car,11,3,3701658.0,2021,8,13,6,3,5,2,0,1,1,0,0,800223.2243,5829890.634,13.42743193,52.53617257,0
5154,215224,car,11,12,12400720.0,2021,9,13,5,3,2,6,0,0,1,0,0,789534.0192,5839712.947,13.27886433,52.63001409,0
5155,215225,bike + car,11,6,6300527.0,2021,8,11,7,3,5,3,0,1,1,0,0,790859.0538,5818559.233,13.27987357,52.43966441,0
5156,215226,bike + car,11,2,2200208.0,2021,9,13,1,3,5,2,0,1,1,0,0,797938.672,5825259.618,13.38970239,52.49591504,0
5157,215228,bike + car,11,1,1100103.0,2021,9,0,1,3,2,6,2,1,1,0,1,795783.361,5825692.474,13.35843153,52.50096756,0
5158,215229,bike + car,11,6,6100204.0,2021,9,7,3,3,1,5,0,1,1,0,0,795433.6171,5820410.809,13.34861498,52.45381062,0
5159,215230,car,11,12,12200414.0,2021,9,19,4,3,5,2,2,0,1,0,0,791935.0096,5831497.212,13.30699723,52.55507817,0
5160,215231,bike + car,11,8,8401139.0,2021,9,18,6,3,5,3,0,1,1,0,0,803027.9492,5819382.278,13.45910324,52.44043489,0
5161,215234,bike,11,5,5400942.0,2021,9,19,3,3,0,1,1,1,0,0,0,783975.2896,5823289.07,13.18290274,52.48569168,0
5162,215235,bike + car,11,2,2500830.0,2021,9,12,4,3,1,5,0,1,1,0,0,802652.5246,5827370.627,13.46084627,52.51224246,0
5163,215237,bike + car,11,1,1200624.0,2021,9,20,6,3,5,2,2,1,1,0,0,795668.661,5829732.691,13.36033767,52.53724679,0
5164,215238,car,11,7,7400823.0,2021,9,16,5,3,5,3,0,0,1,0,0,797015.7715,5820706.469,13.37209294,52.45560354,0
5165,215239,car,11,10,10300733.0,2021,9,13,7,3,2,6,0,0,1,0,0,809522.3368,5827546.383,13.56192017,52.50996299,0
5166,215240,bike + car,11,2,2100104.0,2021,9,13,2,3,5,2,0,1,1,0,0,799334.6625,5826190.594,13.41104101,52.50349606,0
5167,215242,car,11,3,3601140.0,2021,8,19,2,2,8,1,2,0,1,0,1,798512.5354,5831485.584,13.40371866,52.5514087,1
5168,215243,car,11,4,4300619.0,2021,9,0,4,3,1,7,2,0,1,0,0,792696.3267,5827077.456,13.31430206,52.51504812,0
5169,215245,car,11,7,7300517.0,2021,8,8,3,3,2,6,0,0,1,0,0,793934.3499,5822611.856,13.32855372,52.4743504,0
5170,215247,car,11,3,3500934.0,2021,9,14,3,3,2,2,0,0,1,0,0,801153.7498,5831608.631,13.44266724,52.55105777,0
5171,215249,car,11,3,3500932.0,2021,9,10,4,3,2,6,0,0,1,0,0,801427.161,5833148.514,13.4480859,52.56470853,0
5172,215250,bike + car,11,9,8100521.0,2021,9,14,5,3,5,3,0,1,1,0,0,804107.2908,5821880.153,13.47720769,52.46222378,0
5173,215253,car,11,5,5300735.0,2021,8,19,6,3,5,2,0,0,1,0,0,786567.827,5830553.815,13.22723591,52.54947077,0
5174,215254,bike + car + pedestrian,11,6,6400840.0,2021,9,12,5,2,6,7,0,1,1,1,0,789273.6321,5819768.781,13.25766214,52.45134948,1
5175,215256,bike + pedestrian,11,4,4300622.0,2021,9,9,6,3,6,4,0,1,0,1,0,793493.6309,5826491.772,13.32550135,52.50936927,0
5176,215260,car,11,1,1200520.0,2021,9,17,2,3,2,6,0,0,1,0,0,794233.6681,5828442.068,13.33809898,52.52645384,0
5177,215261,bike + pedestrian,11,1,1401045.0,2021,9,13,5,3,6,7,0,1,0,1,0,796879.124,5831554.601,13.37976069,52.55292007,0
5178,215264,car + pedestrian,11,11,11400929.0,2021,9,19,4,3,6,4,2,0,1,1,0,804783.925,5826427.79,13.49129363,52.50260554,0
5179,215267,car + pedestrian,11,5,5200423.0,2021,8,7,6,3,6,2,0,0,1,1,1,780870.5496,5828313.119,13.14154062,52.53234699,0
5180,215268,car,11,6,6200420.0,2021,9,13,4,3,1,5,0,0,1,0,1,792605.5765,5815627.845,13.30293005,52.41245306,0
5181,215269,bike + car,11,8,8300935.0,2021,9,7,4,3,0,2,0,1,1,0,0,802306.8278,5817840.181,13.44713225,52.42701187,0
5182,215270,bike + car,11,7,7100102.0,2021,9,23,5,3,1,5,2,1,1,0,0,795288.529,5825172.99,13.35070236,52.49657876,0
5183,215271,bike + car,11,4,4501043.0,2021,9,16,5,3,5,2,0,1,1,0,0,792588.358,5824842.484,13.31075136,52.49507015,0
5184,215273,car + pedestrian,11,8,8100521.0,2021,9,20,7,3,6,2,2,0,1,1,0,803391.7194,5822545.73,13.46731262,52.46858704,0
5185,215274,car + pedestrian,11,4,4501042.0,2021,9,11,5,3,6,7,0,0,1,1,0,794195.9075,5825938.178,13.33533009,52.50402833,0
5186,215276,bike + car,11,6,6200313.0,2021,9,14,6,2,5,3,0,1,1,0,1,794984.656,5818414.391,13.34026451,52.43615629,1
5187,215277,bike + car,11,1,1300835.0,2021,9,6,3,3,0,2,0,1,1,0,0,797764.0978,5829743.991,13.3911517,52.53620723,0
5188,215279,car,11,7,7501029.0,2021,9,10,6,2,1,5,0,0,1,0,0,797629.8584,5819185.832,13.37974882,52.44163853,1
5189,215280,bike + car,11,8,8100520.0,2021,8,17,2,3,5,3,0,1,1,0,0,803151.4103,5822964.606,13.46416645,52.47247479,0
5190,215281,car + pedestrian,11,9,9100101.0,2021,9,10,4,3,6,4,0,0,1,1,1,802261.4509,5824838.949,13.45280329,52.48976783,0
5191,215283,bike + car,11,5,5100211.0,2021,9,17,3,3,5,2,0,1,1,0,0,781904.4675,5829560.757,13.15780108,52.5430001,0
5192,215284,car + pedestrian,11,3,3200310.0,2021,9,6,5,3,6,4,1,0,1,1,0,799904.332,5838067.948,13.43013981,52.60964338,0
5193,215285,bike + car,11,4,4501149.0,2021,9,10,6,3,5,2,0,1,1,0,0,793483.0773,5824039.788,13.32318568,52.48739394,0
5194,215288,bike + car,11,9,9300920.0,2021,9,16,2,3,5,2,0,1,1,0,0,807697.6704,5817815.323,13.52614594,52.42378425,0
5195,215289,car,11,1,1401045.0,2021,8,3,1,3,9,1,2,0,1,0,1,796828.2094,5831551.426,13.37900911,52.55291936,0
5196,215290,car + pedestrian,11,9,9100407.0,2021,10,12,6,2,6,4,0,0,1,1,0,805798.5601,5819535.418,13.49987743,52.44026528,1
5197,215291,car + pedestrian,11,4,4501042.0,2021,8,20,1,3,6,2,2,0,1,1,1,794487.3023,5825868.481,13.33954912,52.50324634,0
5198,215292,bike,11,2,2200210.0,2021,9,2,5,2,0,7,2,1,0,0,1,798583.7839,5825147.584,13.39907638,52.49455826,1
5199,215294,bike + car,11,1,1200628.0,2021,9,12,6,2,5,2,0,1,1,0,0,795704.2147,5828178.002,13.35947746,52.5232911,1
5200,215295,car,11,11,11501238.0,2021,8,5,2,3,2,6,1,0,1,0,1,804071.7518,5825992.036,13.48043609,52.49909733,0
5201,215296,bike + car,11,3,3400721.0,2021,9,18,2,3,1,5,1,1,1,0,0,798026.0671,5833398.159,13.39828275,52.56881866,0
5202,215297,bike + car,11,8,8100417.0,2021,9,8,3,3,5,2,0,1,1,0,0,802489.755,5823165.467,13.45463718,52.47464192,0
5203,215298,car,11,10,10200630.0,2021,8,19,1,3,5,3,2,0,1,0,1,811776.1478,5829322.219,13.59668647,52.52459333,0
5204,215304,bike,11,11,11300722.0,2021,8,17,5,3,0,1,0,1,0,0,1,803852.2022,5828356.063,13.47936984,52.52040768,0
5205,215305,bike + car,11,1,1100308.0,2021,9,14,5,3,5,2,0,1,1,0,0,796372.6547,5829441.851,13.37042758,52.53425731,0
5206,215306,bike + car,11,8,8100312.0,2021,9,20,4,3,1,5,2,1,1,0,1,801397.9843,5823939.718,13.43931144,52.48218523,0
5207,215307,car,11,10,10200417.0,2021,9,17,6,3,2,6,0,0,1,0,0,811588.6709,5831904.222,13.59635276,52.54783838,0
5208,215308,bike + car,11,4,4300518.0,2021,9,9,6,3,5,3,0,1,1,0,0,792459.6341,5827986.008,13.31162276,52.52331999,0
5209,215309,car,11,11,11100101.0,2021,8,10,7,2,5,3,0,0,1,0,0,806180.8935,5834994.749,13.5197046,52.57860227,1
5210,215310,car,11,10,10100104.0,2021,9,15,1,3,2,6,0,0,1,0,0,810318.8872,5833577.713,13.57925124,52.56355994,0
5211,215311,car,11,4,4501146.0,2021,9,12,2,3,5,7,0,0,1,0,0,792628.8496,5824184.567,13.31076826,52.48915039,0
5212,215312,bike + car,11,3,3601142.0,2021,9,9,4,3,0,2,0,1,1,0,0,799136.325,5830601.517,13.41209503,52.5431422,0
5213,215313,car,11,2,2100102.0,2021,8,13,1,2,3,6,0,0,1,0,1,798187.161,5825519.986,13.39358492,52.49811321,1
5214,215315,car,11,7,7400826.0,2021,9,17,6,3,5,3,1,0,1,0,1,797023.8172,5820694.722,13.37220055,52.45549387,0
5215,215316,bike + car,11,1,1100206.0,2021,8,8,3,3,5,2,0,1,1,0,0,797760.3637,5827453.055,13.38904542,52.51567389,0
5216,215318,car,11,11,11200513.0,2021,9,22,3,2,8,1,2,0,1,0,1,803944.5692,5830458.211,13.48264881,52.53919699,1
5217,215319,car,11,1,1100103.0,2021,8,16,1,3,3,6,0,0,1,0,1,795261.9852,5826012.613,13.35105691,52.50411973,0
5218,215320,bike + car,11,2,2200209.0,2021,9,16,2,3,0,2,0,1,1,0,0,797749.362,5824034.295,13.38582718,52.48503473,0
5219,215324,car + pedestrian,11,8,8100417.0,2021,8,18,2,3,6,4,1,0,1,1,0,801721.0773,5822743.109,13.44297218,52.47128139,0
5220,215325,bike + car,11,5,5200528.0,2021,9,7,2,3,5,2,0,1,1,0,0,783645.4151,5825890.001,13.18027282,52.50918382,0
5221,215333,bike + car,11,4,4300518.0,2021,9,8,1,2,5,3,0,1,1,0,0,792682.3417,5828137.691,13.31502943,52.52456027,1
5222,215334,car,11,5,5100316.0,2021,9,19,2,3,5,2,1,0,1,0,0,784793.1719,5828794.47,13.1996259,52.53462731,0
5223,215335,bike + car,11,8,8100206.0,2021,9,23,4,3,1,5,2,1,1,0,0,800549.5947,5823758.515,13.42669268,52.48102865,0
5224,215336,bike + car,11,9,9200510.0,2021,9,18,7,3,5,2,0,1,1,0,1,806606.7131,5822046.621,13.51403473,52.46231914,0
5225,215339,bike + car,11,12,12100205.0,2021,9,20,7,3,2,6,2,1,1,0,0,794832.9081,5833523.993,13.35141838,52.57168553,0
5226,215341,car + pedestrian,11,12,12200308.0,2021,8,14,5,3,6,4,0,0,1,1,1,793043.8521,5833649.975,13.32520721,52.57378107,0
5227,215343,bike + car,11,12,12100205.0,2021,9,14,3,3,5,3,0,1,1,0,0,794528.06,5833159.316,13.34660939,52.56858154,0
5228,215344,bike + car,11,1,1100103.0,2021,9,7,5,3,5,3,0,1,1,0,0,795782.6566,5825768.986,13.35848914,52.50165381,0
5229,215347,bike + car,11,11,11100206.0,2021,9,12,7,3,1,5,0,1,1,0,0,805530.7961,5834367.188,13.50956223,52.57334332,0
5230,215349,bike + car,11,1,1100416.0,2021,9,9,4,3,5,2,0,1,1,0,0,798676.818,5829457.174,13.40431076,52.5331369,0
5231,215350,car,11,1,1100207.0,2021,9,22,6,3,5,3,2,0,1,0,1,797902.3678,5826577.723,13.39034838,52.50775008,0
5232,215351,bike + car,11,6,6300633.0,2021,9,8,3,3,5,2,0,1,1,0,0,793263.4669,5819084.918,13.31560634,52.443093,0
5233,215352,bike + car,11,8,8401139.0,2021,9,18,6,3,3,6,0,1,1,0,0,803466.6678,5818614.696,13.46484097,52.43331181,0
5234,215354,bike,11,1,1100416.0,2021,9,12,3,2,0,1,0,1,0,0,1,798775.0263,5829656.913,13.40593384,52.53487344,1
5235,215355,car,11,11,11100102.0,2021,9,10,3,3,2,6,0,0,1,0,0,807314.8237,5834165.01,13.53561726,52.57052708,0
5236,215356,bike + car,11,6,6300632.0,2021,9,15,3,3,5,2,0,1,1,0,0,792232.5529,5816671.323,13.2983725,52.42200711,0
5237,215357,car,11,11,11300620.0,2021,10,19,6,3,5,3,2,0,1,0,0,804044.459,5829064.505,13.4828423,52.52665003,0
5238,215358,bike + car,11,7,7300619.0,2021,9,15,6,3,3,6,0,1,1,0,0,795906.1726,5820836.333,13.35592602,52.45736953,0
5239,215359,bike + car,11,8,8200831.0,2021,8,9,3,3,0,2,0,1,1,0,1,799610.1448,5816426.278,13.40632409,52.4158214,0
5240,215360,bike + car,11,9,9401329.0,2021,9,10,1,3,5,3,0,1,1,0,0,816404.338,5817588.216,13.65355155,52.41678492,0
5241,215361,bike + car,11,3,3400725.0,2021,9,7,2,3,2,3,0,1,1,0,0,798830.5249,5834933.544,13.41150058,52.58213996,0
5242,215362,bike + pedestrian,11,1,1100309.0,2021,8,18,7,2,6,2,0,1,0,1,1,798616.7386,5828406.353,13.40248388,52.52375068,1
5243,215363,car,11,11,11400931.0,2021,8,16,2,3,2,7,0,0,1,0,1,806627.4558,5827184.416,13.51906518,52.5083538,0
5244,215366,car,11,8,8301037.0,2021,9,16,6,3,1,5,1,0,1,0,1,804278.2913,5817811.332,13.47601176,52.42566052,0
5245,215368,car,11,7,7400927.0,2021,9,10,3,3,5,3,0,0,1,0,1,798636.136,5820660.484,13.39582767,52.45430844,0
5246,215369,car,11,10,10100313.0,2021,9,19,2,3,2,6,2,0,1,0,0,808722.8003,5831296.827,13.55365858,52.54402666,0
5247,215372,car + pedestrian,11,3,3601140.0,2021,9,12,3,3,2,4,0,0,1,1,0,798654.8389,5831794.049,13.40608869,52.55409562,0
5248,215373,car,11,3,3500932.0,2021,9,11,6,2,0,1,0,0,1,0,0,801220.6139,5832369.58,13.44434085,52.55784122,1
5249,215377,bike + car,11,1,1300733.0,2021,8,17,6,3,5,2,0,1,1,0,0,797080.2853,5831450.461,13.38262574,52.5518769,0
5250,215378,car,11,5,5200525.0,2021,9,19,4,3,2,6,2,0,1,0,1,781795.1658,5827198.016,13.15419043,52.52187116,0
5251,215383,bike + car,11,8,8100208.0,2021,9,11,1,3,1,5,0,1,1,0,0,801192.1182,5822660.217,13.43513356,52.4708303,0
5252,215386,bike + car,11,9,9100408.0,2021,9,15,5,3,5,2,0,1,1,0,0,806254.8273,5819253.499,13.50631064,52.43748328,0
5253,215387,bike + car,11,3,3601243.0,2021,9,6,2,3,5,3,0,1,1,0,0,799824.8966,5831539.347,13.42306486,52.55116982,0
5254,215389,car + pedestrian,11,8,8100520.0,2021,9,22,5,3,6,4,2,0,1,1,1,802758.4443,5823071.481,13.45849573,52.47365066,0
5255,215390,car,11,1,1100309.0,2021,9,11,6,3,5,3,0,0,1,0,0,797892.77,5828186.453,13.39164762,52.52217558,0
5256,215391,bike + car,11,3,3400725.0,2021,8,13,3,3,5,2,0,1,1,0,0,798825.9107,5834942.454,13.41144072,52.58222236,0
5257,215392,car,11,7,7400824.0,2021,8,22,4,3,5,2,2,0,1,0,1,797866.7118,5821888.051,13.38563342,52.46573207,0
5258,215395,bike + car,11,2,2400625.0,2021,9,16,5,3,5,2,0,1,1,0,0,801750.0383,5826253.006,13.44657492,52.50272511,0
5259,215396,bike + car,11,1,1400938.0,2021,9,17,5,3,1,5,0,1,1,0,0,794692.872,5831440.553,13.3475077,52.55308501,0
5260,215398,car,11,12,12400720.0,2021,9,19,1,3,5,3,2,0,1,0,0,789632.4471,5839732.463,13.28033163,52.63013657,0
5261,215399,car,11,1,1401047.0,2021,8,16,3,3,2,7,0,0,1,0,0,795476.0504,5830677.573,13.35834648,52.54582129,0
5262,215400,bike + car,11,1,1200625.0,2021,9,10,7,3,5,2,0,1,1,0,1,794775.1383,5828918.037,13.34647932,52.53042807,0
5263,215401,car + pedestrian,11,12,12200308.0,2021,9,14,2,2,6,4,0,0,1,1,0,792401.9134,5833690.285,13.31579726,52.57448769,1
5264,215402,bike + car,11,9,9301025.0,2021,8,15,6,3,5,3,0,1,1,0,0,810981.654,5814213.408,13.57094157,52.38964869,0
5265,215403,car,11,8,8100105.0,2021,8,10,2,3,2,6,0,0,1,0,1,800960.9996,5822262.501,13.43138258,52.46739282,0
5266,215405,bike + car,11,6,6200313.0,2021,9,15,3,3,1,5,0,1,1,0,0,795441.5991,5818538.65,13.34707658,52.43702357,0
5267,215408,car,11,4,4300620.0,2021,8,16,3,3,2,6,0,0,1,0,0,793284.0558,5827815.293,13.32358881,52.52134677,0
5268,215409,car,11,10,10200524.0,2021,8,17,5,3,2,6,0,0,1,0,1,812329.6486,5830563.621,13.6059846,52.5354009,0
5269,215410,bike + car,11,3,3300516.0,2021,9,15,4,3,5,3,0,1,1,0,1,801037.4979,5833767.268,13.44291606,52.57047005,0
5270,215411,bike + car,11,8,8301037.0,2021,9,15,4,3,5,3,0,1,1,0,1,804710.5436,5817746.817,13.48229043,52.42484176,0
5271,215413,bike + car,11,2,2100103.0,2021,9,15,4,3,5,3,0,1,1,0,0,798418.3425,5825770.503,13.39720479,52.50023241,0