,ObjectID,vehicle_types,State,District,LOR_ab_2021,AccidentYear,AccidentMonth,AccidentHour,DayOfWeek,AccidentCategory,AccidentType,AccidentTypeDetail,LightingCondition,InvolvingBike,InvolvingCar,InvolvingPedestrian,RoadCondition,GraphicCoord1,GraphicCoord2,LongitudeWGS84,LatitudeWGS84,accident_outcome
5272,215416,bike + car,11,11,11300722.0,2021,9,10,4,3,1,5,0,1,1,0,0,803692.8655,5828331.037,13.47700586,52.52027214,0
5273,215419,bike + car,11,12,12100204.0,2021,8,7,6,3,5,3,0,1,1,0,1,795068.1269,5832799.665,13.35423472,52.56506512,0
5274,215420,car,11,11,11100204.0,2021,8,13,2,3,5,3,0,0,1,0,1,806318.7628,5833904.919,13.52072617,52.56875755,0
5275,215421,bike + car,11,5,5100210.0,2021,9,7,6,3,5,2,0,1,1,0,0,783977.359,5830083.677,13.18873272,52.54661218,0
5276,215423,car + pedestrian,11,5,5200629.0,2021,9,20,3,3,6,2,2,0,1,1,0,784704.8317,5828584.924,13.19814752,52.53279468,0
5277,215424,bike + car,11,1,1100308.0,2021,9,8,4,3,5,3,0,1,1,0,0,796973.9569,5828731.015,13.37863148,52.52755817,0
5278,215425,bike + car,11,4,4501152.0,2021,9,14,3,3,5,2,0,1,1,0,0,793981.2214,5824712.988,13.33109482,52.49316084,0
5279,215431,bike,11,11,11300721.0,2021,8,7,4,2,0,1,0,1,0,0,0,805162.1898,5829815.865,13.49995669,52.53275957,1
5280,215432,bike + car,11,9,9200512.0,2021,8,15,7,3,1,5,0,1,1,0,0,808858.8161,5821625.19,13.54668859,52.45727412,0
5281,215436,car,11,1,1400938.0,2021,9,5,1,2,5,3,2,0,1,0,0,794533.1242,5831577.422,13.3452798,52.55439835,1
5282,215437,car,11,12,12500824.0,2021,9,17,6,3,2,6,0,0,1,0,1,790205.367,5835860.579,13.2853763,52.59511993,0
5283,215438,bike,11,2,2400625.0,2021,8,12,1,3,3,6,0,1,0,0,0,801682.1551,5826124.234,13.44546121,52.50160845,0
5284,215439,bike + car,11,3,3200309.0,2021,9,10,3,3,1,5,0,1,1,0,1,800080.5522,5837505.652,13.43222459,52.6045062,0
5285,215440,car,11,4,4200309.0,2021,9,15,3,3,5,3,0,0,1,0,0,789067.8705,5827003.545,13.26091664,52.51632075,0
5286,215443,bike + car,11,4,4400830.0,2021,9,12,3,3,5,3,0,1,1,0,0,791425.6762,5822994.053,13.29205741,52.47912109,0
5287,215444,bike + pedestrian,11,6,6100205.0,2021,9,12,6,3,6,4,0,1,0,1,0,795527.5911,5819724.093,13.34938628,52.44760386,0
5288,215445,car,11,3,3100101.0,2021,9,16,6,3,2,1,0,0,1,0,0,803014.4093,5842070.752,13.47959863,52.6437939,0
5289,215446,bike + car,11,8,8401242.0,2021,8,14,4,3,5,3,0,1,1,0,0,804477.4808,5816942.338,13.47814138,52.41776108,0
5290,215447,car,11,6,6200316.0,2021,8,7,6,3,2,6,0,0,1,0,1,796037.2629,5817621.357,13.35500144,52.42847859,0
5291,215449,car,11,12,12601133.0,2021,9,18,4,3,5,3,0,0,1,0,1,795733.2044,5837042.219,13.36780414,52.60273431,0
5292,215452,car,11,3,3601245.0,2021,8,18,7,3,9,1,0,0,1,0,0,801133.456,5831081.411,13.44189077,52.54634347,0
5293,215453,bike + car,11,10,10200627.0,2021,9,17,1,3,5,5,0,1,1,0,0,811240.7629,5829823.014,13.58928927,52.52938698,0
5294,215454,car,11,10,10400835.0,2021,9,16,2,3,5,3,0,0,1,0,0,811216.8241,5827914.747,13.58715221,52.51230004,0
5295,215455,bike + car,11,1,1100415.0,2021,9,18,4,3,2,2,0,1,1,0,0,798302.0477,5829371.984,13.39872563,52.53257852,0
5296,215459,bike + pedestrian,11,1,1200521.0,2021,9,15,6,3,6,4,0,1,0,1,0,793696.563,5828321.927,13.33009854,52.52566646,0
5297,215460,bike + car,11,9,9301025.0,2021,8,17,3,3,5,3,0,1,1,0,0,811033.1487,5816261.134,13.57359682,52.40797058,0
5298,215461,bike + car,11,1,1300834.0,2021,8,5,5,3,2,2,1,1,1,0,1,798070.4796,5829988.116,13.39587447,52.53822801,0
5299,215464,bike + car,11,4,4501042.0,2021,8,12,5,3,1,5,0,1,1,0,0,793664.3022,5825645.147,13.32726211,52.50168783,0
5300,215466,bike + car,11,8,8100208.0,2021,9,14,7,2,1,5,0,1,1,0,0,801268.5488,5822888.737,13.43646173,52.47283644,1
5301,215467,bike + car,11,1,1100414.0,2021,8,19,3,3,1,5,1,1,1,0,0,797470.6179,5829367.662,13.3865007,52.53299416,0
5302,215468,car,11,1,1401047.0,2021,9,19,6,3,5,3,0,0,1,0,0,795664.8371,5830275.593,13.36076457,52.54211549,0
5303,215469,bike + pedestrian,11,4,4300623.0,2021,9,16,2,3,6,4,0,1,0,1,0,792250.4932,5826112.956,13.30690379,52.50664069,0
5304,215470,bike + car,11,1,1100102.0,2021,8,15,5,2,5,3,0,1,1,0,0,796672.7125,5827943.545,13.37350147,52.52066335,1
5305,215474,bike + car,11,1,1300732.0,2021,8,14,2,3,5,3,0,1,1,0,0,797684.9363,5832851.302,13.3927737,52.56410348,0
5306,215475,bike + car,11,4,4300414.0,2021,9,9,2,3,5,2,0,1,1,0,0,790960.923,5826753.914,13.28851765,52.51307615,0
5307,215479,bike + car,11,2,2500831.0,2021,9,18,6,3,0,6,1,1,1,0,0,802748.9213,5827330.425,13.46222583,52.51182864,0
5308,215480,bike + car,11,1,1100313.0,2021,9,14,7,3,5,3,0,1,1,0,0,799718.6083,5827023.775,13.41743077,52.51075348,0
5309,215481,bike + car,11,12,12200411.0,2021,8,16,4,3,1,5,0,1,1,0,0,792523.3988,5832685.023,13.31669819,52.56541068,0
5310,215482,car,11,12,12100206.0,2021,8,16,7,3,5,2,0,0,1,0,0,794071.9825,5833551.793,13.34024766,52.57234638,0
5311,215483,car,11,8,8300935.0,2021,9,21,5,3,5,2,2,0,1,0,0,802295.019,5817832.1,13.4469518,52.42694596,0
5312,215484,bike + car,11,3,3400826.0,2021,9,12,5,3,5,3,0,1,1,0,0,798683.8247,5832810.671,13.40742984,52.56319222,0
5313,215486,bike + pedestrian,11,1,1401047.0,2021,9,15,5,3,6,7,0,1,0,1,0,795534.3425,5830039.296,13.35863576,52.54006808,0
5314,215488,bike + car,11,1,1100207.0,2021,9,13,2,3,5,2,0,1,1,0,0,798610.1478,5827019.675,13.40114241,52.51132464,0
5315,215489,car,11,2,2300419.0,2021,9,23,2,3,1,1,2,0,1,0,0,801978.6291,5825623.47,13.44936158,52.49695608,0
5316,215491,car,11,8,8100311.0,2021,9,2,2,3,0,7,2,0,1,0,0,800693.0963,5824582.348,13.42954255,52.48833395,0
5317,215492,bike + car,11,6,6100204.0,2021,9,7,3,3,1,5,0,1,1,0,0,795433.6077,5820410.519,13.34861458,52.45380803,0
5318,215493,car,11,8,8100311.0,2021,9,8,4,3,2,6,0,0,1,0,0,800530.4779,5824458.359,13.42704296,52.48731213,0
5319,215494,car,11,9,9200819.0,2021,9,18,6,3,2,6,0,0,1,0,1,809875.9549,5820004.735,13.56010716,52.44217626,0
5320,215495,bike + car,11,8,8100312.0,2021,8,13,2,3,1,5,0,1,1,0,1,801397.2357,5824483.336,13.43979197,52.48705821,0
5321,215496,bike + car,11,7,7400824.0,2021,9,9,3,3,1,5,0,1,1,0,0,797643.121,5822027.194,13.38247596,52.46710119,0
5322,215497,car + pedestrian,11,9,9501737.0,2021,9,19,2,3,6,7,1,0,1,1,0,814186.9656,5821717.068,13.6249352,52.45506086,0
5323,215498,car,11,1,1100101.0,2021,9,13,3,3,5,3,0,0,1,0,0,795328.1181,5826269.169,13.35225598,52.50638376,0
5324,215500,bike + car,11,2,2200209.0,2021,9,1,7,2,5,2,2,1,1,0,0,797749.362,5824034.295,13.38582718,52.48503473,1
5325,215501,bike + car,11,8,8100209.0,2021,8,16,4,3,5,2,0,1,1,0,0,801751.64,5822052.833,13.44279651,52.46507742,0
5326,215502,bike + car,11,6,6400737.0,2021,8,13,7,2,2,7,0,1,1,0,0,784596.4544,5819979.04,13.18920194,52.45568991,1
5327,215507,car,11,4,4200311.0,2021,8,10,2,3,3,6,0,0,1,0,1,790115.6025,5825349.505,13.27487212,52.50093571,0
5328,215510,car + pedestrian,11,3,3400721.0,2021,9,18,5,2,6,4,0,0,1,1,0,798077.6937,5832625.97,13.39834843,52.56186881,1
5329,215513,car,11,9,9501736.0,2021,9,8,5,3,2,6,0,0,1,0,0,812242.9466,5821370.886,13.59609523,52.45307253,0
5330,215514,bike + car,11,9,9200715.0,2021,9,7,6,3,5,2,0,1,1,0,0,809067.0814,5818190.767,13.54656777,52.42637728,0
5331,215516,car,11,9,9100409.0,2021,8,5,6,3,2,6,2,0,1,0,1,805901.5943,5819001.016,13.50089946,52.43541806,0
5332,215518,car,11,11,11200514.0,2021,9,16,4,2,2,6,0,0,1,0,1,803550.5235,5830194.372,13.47661561,52.53705192,1
5333,215519,car + pedestrian,11,12,12100103.0,2021,9,13,6,3,6,4,0,0,1,1,0,795811.2698,5833675.097,13.36594724,52.5725092,0
5334,215522,car,11,12,12100101.0,2021,9,12,7,3,2,2,0,0,1,0,1,795779.571,5832576.86,13.36450159,52.56268184,0
5335,215523,car,11,6,6400735.0,2021,9,11,4,3,5,3,0,0,1,0,0,782603.0232,5815805.386,13.15641433,52.41930083,0
5336,215525,bike,11,4,4200311.0,2021,9,16,3,3,0,1,0,1,0,0,0,790522.5907,5826320.044,13.28169787,52.50942013,0
5337,215526,car + pedestrian,11,5,5100211.0,2021,9,15,4,3,6,4,0,0,1,1,0,783605.2981,5829514.514,13.18277466,52.5417028,0
5338,215527,bike + car,11,6,6400844.0,2021,9,19,6,3,1,1,1,1,1,0,0,791728.8151,5821503.98,13.29520518,52.46560081,0
5339,215529,car + pedestrian,11,3,3300516.0,2021,8,7,5,3,6,4,0,0,1,1,0,800657.9869,5834002.757,13.43754674,52.57279051,0
5340,215530,car + pedestrian,11,6,6100205.0,2021,9,15,3,3,6,4,0,0,1,1,0,795879.4892,5819858.704,13.35466829,52.44862023,0
5341,215532,bike + car,11,4,4501150.0,2021,9,18,3,3,5,2,0,1,1,0,0,793433.0921,5823941.657,13.32236525,52.4865411,0
5342,215533,bike,11,9,9200819.0,2021,10,14,6,3,0,1,0,1,0,0,0,810713.5117,5818933.722,13.57139456,52.432103,0
5343,215536,car,11,4,4500937.0,2021,9,13,7,3,1,5,0,0,1,0,0,791117.4589,5824760.818,13.28907513,52.49512458,0
5344,215537,bike + car,11,4,4300623.0,2021,9,17,2,3,2,7,0,1,1,0,0,792189.3627,5826485.487,13.30633268,52.51001309,0
5345,215538,bike + car,11,8,8100310.0,2021,8,11,6,3,5,3,0,1,1,0,0,800572.4382,5825151.906,13.42828464,52.49350553,0
5346,215539,bike + car,11,2,2500831.0,2021,8,9,2,3,5,3,0,1,1,0,1,803269.2986,5827427.392,13.46995871,52.51240868,0
5347,215541,car,11,7,7400927.0,2021,9,15,6,3,5,3,0,0,1,0,1,798627.1168,5820662.877,13.39569747,52.45433482,0
5348,215542,bike,11,1,1100207.0,2021,8,17,2,3,5,2,0,1,0,0,0,798771.2571,5827481.151,13.40392366,52.51537291,0
5349,215543,car,11,1,1100101.0,2021,9,22,2,3,5,3,2,0,1,0,1,795327.1033,5826268.689,13.35224065,52.50638001,0
5350,215546,bike + car,11,2,2300315.0,2021,9,17,4,3,5,3,0,1,1,0,0,800401.3436,5825790.454,13.42634795,52.49932326,0
5351,215547,car,11,8,8100415.0,2021,9,17,6,3,1,5,0,0,1,0,0,801841.4718,5823343.76,13.44528279,52.47659861,0
5352,215549,bike + car,11,1,1100415.0,2021,9,14,7,3,5,2,0,1,1,0,0,798111.9523,5829342.855,13.39590535,52.53242141,0
5353,215550,car,11,3,3200207.0,2021,8,19,4,3,2,6,0,0,1,0,0,799074.7031,5835860.079,13.41592992,52.59031066,0
5354,215551,bike + car,11,3,3500936.0,2021,8,14,6,3,1,5,0,1,1,0,1,802121.8657,5831293.835,13.45661575,52.5477002,0
5355,215552,car,11,9,9100304.0,2021,9,9,5,3,2,2,0,0,1,0,0,804392.8168,5821739.793,13.48126938,52.46080681,0
5356,215553,car,11,9,9200511.0,2021,9,17,4,3,5,3,0,0,1,0,1,807853.1108,5822055.482,13.53233084,52.46169783,0
5357,215556,car,11,10,10200418.0,2021,8,14,1,3,5,2,0,0,1,0,1,811294.3049,5831566.826,13.59170942,52.54498317,0
5358,215557,bike + car,11,2,2100102.0,2021,9,4,1,3,5,3,2,1,1,0,0,798353.8784,5825559.863,13.39606925,52.49837954,0
5359,215559,bike + car,11,10,10200421.0,2021,9,17,4,3,5,3,0,1,1,0,0,812469.4854,5830971.191,13.60842276,52.538973,0
5360,215560,car,11,7,7601544.0,2021,9,12,1,3,2,2,0,0,1,0,0,799765.1417,5813974.857,13.4064021,52.39376267,0
5361,215561,bike + car,11,3,3500936.0,2021,9,13,4,3,1,5,0,1,1,0,0,802411.9755,5831109.493,13.46071324,52.545887,0
5362,215562,bike,11,2,2300419.0,2021,9,17,5,2,0,7,0,1,0,0,0,801512.9365,5826000.498,13.44286379,52.50059291,1
5363,215563,car + pedestrian,11,1,1100308.0,2021,9,21,6,3,6,2,2,0,1,1,0,796859.8042,5828110.904,13.37640017,52.52206172,0
5364,215564,bike + car,11,4,4200207.0,2021,8,12,3,3,1,5,0,1,1,0,0,789145.8859,5825171.762,13.26047195,52.4998569,0
5365,215565,car + pedestrian,11,12,12500929.0,2021,8,20,5,2,6,4,2,0,1,1,1,793668.344,5837853.313,13.33812251,52.61112441,1
5366,215567,car,11,6,6400843.0,2021,9,11,3,3,5,2,0,0,1,0,0,791103.9771,5819243.641,13.28406282,52.4456699,0
5367,215569,bike + car,11,4,4300414.0,2021,9,16,5,3,1,5,0,1,1,0,0,791849.0464,5826699.583,13.30152016,52.5121146,0
5368,215570,car,11,6,6200423.0,2021,8,13,1,3,5,3,0,0,1,0,1,793355.8564,5816251.21,13.3144758,52.41763987,0
5369,215571,car,11,9,9200511.0,2021,9,10,1,3,5,3,0,0,1,0,0,806946.9323,5822301.37,13.51926099,52.46441128,0
5370,215572,car + pedestrian,11,2,2100105.0,2021,9,18,5,3,6,7,0,0,1,1,0,799552.8236,5825839.763,13.41392991,52.50023166,0
5371,215573,bike,11,9,9100101.0,2021,9,9,4,3,0,1,0,1,0,0,0,802460.9567,5824637.034,13.45554943,52.48784757,0
5372,215574,bike,11,10,10100314.0,2021,9,14,7,3,5,3,0,1,0,0,0,808810.5634,5830591.498,13.55429308,52.53765597,0
5373,215575,car,11,1,1400937.0,2021,9,15,3,3,5,2,0,0,1,0,0,793769.7884,5831861.412,13.33430463,52.55735641,0
5374,215576,car,11,11,11300617.0,2021,9,15,6,3,3,6,0,0,1,0,0,803461.1667,5829718.104,13.47486733,52.53283303,0
5375,215577,bike + pedestrian,11,1,1100309.0,2021,8,17,2,3,6,4,0,1,0,1,0,797904.4026,5828763.173,13.39233519,52.52733878,0
5376,215580,car,11,3,3500933.0,2021,9,17,4,3,2,6,0,0,1,0,0,802718.6502,5832384.132,13.46638399,52.55714102,0
5377,215583,bike,11,2,2400521.0,2021,8,6,6,2,0,1,0,1,0,0,1,800743.123,5828488.466,13.43380561,52.523318,1
5378,215584,bike + car,11,9,9401329.0,2021,9,12,4,3,5,3,0,1,1,0,1,812185.3578,5818669.319,13.59272702,52.42889567,0
5379,215585,bike + car,11,1,1100308.0,2021,9,8,4,3,3,2,0,1,1,0,1,796956.2731,5828907.607,13.3785293,52.52915075,0
5380,215586,bike,11,2,2300419.0,2021,9,17,5,3,4,6,0,1,0,0,0,801614.4788,5826002.796,13.44435723,52.50055739,0
5381,215587,car,11,3,3300413.0,2021,9,15,5,3,2,6,0,0,1,0,0,803369.3463,5838258.66,13.48132999,52.60942993,0
5382,215588,bike + car,11,1,1100312.0,2021,8,21,7,3,5,2,2,1,1,0,0,798859.618,5826649.156,13.40447481,52.50786683,0
5383,215592,car,11,2,2100104.0,2021,9,21,6,3,2,6,2,0,1,0,0,799211.0373,5826245.952,13.40927486,52.50406007,0
5384,215593,bike + car,11,5,5100208.0,2021,9,5,3,3,5,3,1,1,1,0,0,781263.8775,5830777.911,13.14941096,52.55424483,0
5385,215594,car,11,8,8200832.0,2021,9,15,4,3,2,6,0,0,1,0,0,801509.1549,5817662.418,13.43527594,52.42585866,0
5386,215596,bike + car,11,5,5100314.0,2021,8,17,3,3,1,5,0,1,1,0,0,785318.1595,5830260.397,13.20860381,52.54749604,0
5387,215597,bike + car,11,11,11401137.0,2021,8,16,5,3,5,3,0,1,1,0,0,806829.6444,5826249.948,13.52117385,52.49986526,0
5388,215600,bike + car,11,1,1300835.0,2021,9,16,3,3,5,2,0,1,1,0,0,797157.8218,5829878.553,13.38235968,52.53774433,0
5389,215603,bike + car,11,3,3100103.0,2021,8,7,3,2,5,3,0,1,1,0,1,804436.8459,5840691.497,13.49928577,52.63063692,1
5390,215604,bike + car,11,7,7300516.0,2021,9,12,1,3,1,5,0,1,1,0,0,794078.6982,5822042.602,13.330171,52.4691696,0
5391,215607,car,11,7,7501029.0,2021,8,7,2,3,5,3,0,0,1,0,1,797679.7423,5819321.681,13.38060156,52.44282913,0
5392,215608,bike + car,11,4,4300622.0,2021,9,8,5,3,5,2,0,1,1,0,0,792997.698,5826961.114,13.31862808,52.51384334,0
5393,215609,car,11,7,7601546.0,2021,9,14,6,2,0,1,0,0,1,0,0,798837.7667,5812857.959,13.39181798,52.38425757,1
5394,215610,bike + car,11,8,8100209.0,2021,8,16,3,3,2,3,0,1,1,0,0,801569.3496,5822310.614,13.44035429,52.46748862,0
5395,215612,car,11,5,5100316.0,2021,9,13,3,3,2,6,0,0,1,0,0,784793.7163,5828859.365,13.19968952,52.53520888,0
5396,215614,car,11,3,3100103.0,2021,9,18,2,2,5,3,0,0,1,0,0,804239.9045,5840165.329,13.49590062,52.62603159,1
5397,215615,bike,11,3,3500936.0,2021,9,9,4,3,0,7,0,1,0,0,0,802279.3153,5831443.248,13.45906665,52.54895203,0
5398,215617,car,11,6,6300631.0,2021,9,4,1,3,0,7,2,0,1,0,0,790801.3999,5815550.277,13.2764117,52.41271907,0
5399,215619,car,11,7,7100101.0,2021,8,18,6,3,2,6,1,0,1,0,1,794666.793,5825764.154,13.34209352,52.50221422,0
5400,215621,bike + car,11,1,1300733.0,2021,9,13,5,2,1,5,0,1,1,0,0,797099.4895,5831419.317,13.38288028,52.55158726,1
5401,215623,bike + car,11,7,7501134.0,2021,9,7,5,3,1,5,0,1,1,0,0,799130.4277,5817238.32,13.40001749,52.42336276,0
5402,215624,car,11,10,10100312.0,2021,8,19,2,2,5,2,0,0,1,0,0,807834.3936,5829074.915,13.53854153,52.52461672,1
5403,215625,car,11,10,10100312.0,2021,9,10,2,3,9,1,0,0,1,0,0,808324.6802,5830160.83,13.54675235,52.5340715,0
5404,215626,bike + car,11,1,1100312.0,2021,9,9,5,3,5,2,0,1,1,0,0,799003.1296,5827242.828,13.40711636,52.51310962,0
5405,215627,bike + car,11,11,11401137.0,2021,9,13,2,3,2,2,0,1,1,0,0,806769.8482,5825585.814,13.51968411,52.49394677,0
5406,215628,car,11,9,9200510.0,2021,9,20,4,2,4,6,2,0,1,0,0,806606.8516,5822766.172,13.51469784,52.46876792,1
5407,215629,bike + car,11,1,1100309.0,2021,9,9,7,3,1,5,0,1,1,0,1,798953.564,5828442.329,13.40746605,52.52388858,0
5408,215631,car,11,1,1400938.0,2021,9,18,4,2,1,5,0,0,1,0,0,794265.8461,5830932.104,13.34077699,52.548758,1
5409,215633,bike + car,11,1,1200626.0,2021,8,12,3,3,5,3,0,1,1,0,0,794996.0065,5828280.005,13.34915977,52.52458911,0
5410,215634,car,11,4,4501153.0,2021,8,16,5,3,5,2,0,0,1,0,0,793891.2385,5823091.402,13.32834343,52.47867252,0
5411,215635,bike + pedestrian,11,5,5100210.0,2021,9,19,4,3,6,4,1,1,0,1,1,783800.3349,5830587.674,13.1865599,52.55122332,0
5412,215637,car,11,9,9300920.0,2021,9,11,6,3,5,3,0,0,1,0,0,809036.9201,5816419.171,13.54448962,52.41051724,0
5413,215638,bike,11,1,1300836.0,2021,9,18,5,3,5,3,0,1,0,0,0,795886.9642,5830604.113,13.36432302,52.54493977,0
5414,215639,bike + car,11,8,8100419.0,2021,8,11,6,3,1,5,0,1,1,0,0,801952.5535,5824356.908,13.44783091,52.48561819,0
5415,215640,car,11,4,4400726.0,2021,9,21,7,3,2,6,2,0,1,0,0,790889.548,5824747.595,13.28571595,52.49512754,0
5416,215642,bike + car,11,8,8100310.0,2021,8,15,3,3,3,6,0,1,1,0,0,800640.7882,5825109.042,13.42924969,52.49308369,0
5417,215643,bike + car,11,1,1200522.0,2021,9,20,7,3,5,3,2,1,1,0,1,793977.8726,5828199.666,13.33412504,52.52441884,0
5418,215644,bike + car,11,10,10400941.0,2021,9,13,2,3,5,3,0,1,1,0,0,813469.0202,5824907.02,13.61740103,52.48405837,0
5419,215645,car,11,3,3100103.0,2021,8,14,2,3,5,3,0,0,1,0,1,804148.9849,5841046.401,13.49537236,52.63397895,0
5420,215646,bike + car,11,7,7100204.0,2021,9,8,6,3,1,5,0,1,1,0,0,795181.949,5824475.553,13.34851902,52.49038439,0
5421,215648,bike,11,3,3701556.0,2021,9,12,3,3,0,1,0,1,0,0,1,799275.1943,5829032.456,13.41272369,52.52900174,0
5422,215651,bike,11,2,2200212.0,2021,10,21,6,3,0,1,2,1,0,0,0,800163.0505,5824427.578,13.42162027,52.48723836,0
5423,215655,car,11,5,5100209.0,2021,9,18,1,2,5,3,0,0,1,0,0,783702.607,5830170.01,13.18476557,52.5475294,1
5424,215656,bike + car,11,2,2300419.0,2021,9,22,7,3,5,7,2,1,1,0,0,801588.4958,5825947.476,13.44392552,52.50007591,0
5425,215657,car,11,11,11300616.0,2021,8,14,7,3,2,6,0,0,1,0,0,802972.9257,5829827.57,13.46779127,52.53408575,0
5426,215658,bike + car,11,6,6300524.0,2021,9,14,4,3,5,3,0,1,1,0,1,787550.8324,5817300.933,13.23025699,52.43013234,0
5427,215660,bike + car,11,7,7601544.0,2021,9,17,7,3,1,5,2,1,1,0,1,799818.488,5813100.075,13.4064013,52.38589214,0
5428,215665,car,11,6,6200422.0,2021,9,13,5,3,2,6,0,0,1,0,0,794958.1015,5816237.522,13.33795533,52.41665604,0
5429,215668,car + pedestrian,11,12,12500825.0,2021,9,16,5,3,6,7,0,0,1,1,0,791749.8147,5834365.902,13.30679659,52.58089434,0
5430,215669,bike + car,11,9,9100407.0,2021,9,15,3,2,5,2,0,1,1,0,0,805987.4038,5821178.632,13.50415202,52.45488695,1
5431,215671,bike + car,11,3,3400721.0,2021,9,20,6,3,0,2,2,1,1,0,0,798218.1897,5833454.14,13.40115935,52.56921523,0
5432,215672,bike + car,11,6,6400841.0,2021,8,11,3,3,1,1,0,1,1,0,0,789619.0827,5818159.081,13.26133607,52.43673497,0
5433,215675,car,11,9,9301228.0,2021,8,1,7,3,9,1,2,0,1,0,1,819150.8037,5812672.827,13.68911851,52.37114768,0
5434,215676,car + pedestrian,11,2,2300316.0,2021,9,6,5,3,6,4,0,0,1,1,0,801476.5343,5826027.656,13.44235373,52.50085645,0
5435,215679,bike + car,11,7,7300516.0,2021,9,16,1,3,1,5,0,1,1,0,0,793808.4505,5821795.793,13.32598672,52.46710247,0
5436,215680,bike + car,11,2,2300314.0,2021,9,18,6,3,1,5,0,1,1,0,1,799863.3358,5825996.111,13.41863134,52.50146255,0
5437,215681,car + pedestrian,11,12,12100204.0,2021,8,14,2,3,6,4,0,0,1,1,0,795146.2545,5832548.097,13.35516022,52.56276768,0
5438,215682,car + pedestrian,11,3,3601244.0,2021,9,15,3,3,6,4,0,0,1,1,0,800108.365,5831706.069,13.42738377,52.55250809,0
5439,215683,car,11,12,12200414.0,2021,9,20,3,3,0,7,1,0,1,0,0,791220.0262,5830830.655,13.29589649,52.54948539,0
5440,215685,bike + car,11,6,6400841.0,2021,9,18,3,3,5,3,0,1,1,0,0,789578.9527,5818883.219,13.26137484,52.44324841,0
5441,215686,car,11,12,12400723.0,2021,9,10,4,3,9,1,0,0,1,0,0,792528.4681,5839292.971,13.32260966,52.62464481,0
5442,215688,bike + pedestrian,11,2,2500834.0,2021,9,18,1,3,6,7,0,1,0,1,0,803147.0123,5826717.864,13.46751607,52.50611727,0
5443,215689,bike + car,11,2,2300316.0,2021,8,7,3,2,0,5,0,1,1,0,0,800889.6001,5826435.543,13.4341018,52.50483638,1
5444,215690,car + pedestrian,11,3,3701660.0,2021,8,9,6,3,6,4,0,0,1,1,1,800664.1191,5829356.235,13.43342932,52.53113959,0
5445,215691,bike + car,11,8,8200726.0,2021,9,14,5,3,5,3,0,1,1,0,0,801910.8346,5820631.091,13.44384702,52.45224614,0
5446,215693,bike + car,11,1,1200628.0,2021,9,9,6,3,5,3,0,1,1,0,0,795687.442,5828074.518,13.35913896,52.52237256,0
5447,215695,bike + car,11,11,11501340.0,2021,8,22,7,3,2,6,2,1,1,0,0,807249.9459,5824254.302,13.52550602,52.48174353,0
5448,215698,bike + car,11,7,7601236.0,2021,9,14,5,3,5,3,0,1,1,0,0,795880.9394,5816209.662,13.35146048,52.4159082,0
5449,215701,car,11,11,11200513.0,2021,9,12,5,3,5,7,0,0,1,0,0,804764.4141,5830825.317,13.49503643,52.5420293,0
5450,215707,car,11,8,8100417.0,2021,9,16,5,3,2,6,0,0,1,0,0,802456.8956,5822851.416,13.4538701,52.47184525,0
5451,215708,bike + car,11,2,2500836.0,2021,9,14,5,3,5,2,0,1,1,0,0,803505.399,5825370.999,13.4715528,52.49384635,0
5452,215709,car,11,4,4200308.0,2021,8,19,6,3,5,2,0,0,1,0,0,790223.8333,5827314.054,13.27817512,52.51849057,0
5453,215710,car + pedestrian,11,4,4100101.0,2021,9,17,7,2,6,4,0,0,1,1,0,792475.9253,5830085.319,13.31370943,52.54213086,1
5454,215711,bike + pedestrian,11,7,7300516.0,2021,8,15,3,3,6,4,0,1,0,1,0,794040.0063,5821644.198,13.32925196,52.46561891,0
5455,215712,car + pedestrian,11,9,9200715.0,2021,9,21,6,3,6,7,2,0,1,1,0,808928.5692,5818886.395,13.54517971,52.43268973,0
5456,215713,car,11,7,7501134.0,2021,9,18,2,3,2,6,0,0,1,0,0,799695.0855,5819022.909,13.409896,52.43905026,0
5457,215716,car,11,2,2200212.0,2021,9,15,4,3,2,2,0,0,1,0,0,799081.2837,5824615.171,13.40590468,52.48951355,0
5458,215718,bike + car,11,6,6100210.0,2021,8,11,2,3,5,2,0,1,1,0,1,795120.6569,5821249.254,13.34476392,52.46149585,0
5459,215719,car,11,8,8401241.0,2021,9,7,4,3,0,7,0,0,1,0,0,805003.5098,5818772.215,13.48752078,52.43386889,0
5460,215720,bike + car,11,6,6200313.0,2021,9,9,4,2,5,3,0,1,1,0,0,795399.1332,5818197.674,13.3461524,52.43398986,1
5461,215722,car,11,2,2200210.0,2021,9,16,7,3,5,3,0,0,1,0,0,798951.1469,5824797.247,13.40415708,52.49121689,0
5462,215725,car + pedestrian,11,9,9502043.0,2021,8,10,4,3,0,7,0,0,1,1,0,810369.3773,5822926.976,13.57005928,52.46808462,0
5463,215727,bike + car,11,9,9200510.0,2021,9,14,5,3,5,2,0,1,1,0,0,806444.043,5822259.434,13.51184327,52.46431769,0
5464,215728,bike + car,11,1,1100308.0,2021,9,13,4,3,5,3,0,1,1,0,0,796675.7268,5828757.288,13.37427171,52.52795606,0
5465,215729,bike + car,11,2,2200212.0,2021,9,10,7,3,5,2,0,1,1,0,0,799655.0612,5824508.486,13.41423411,52.48824263,0