,ObjectID,vehicle_types,State,District,LOR_ab_2021,AccidentYear,AccidentMonth,AccidentHour,DayOfWeek,AccidentCategory,AccidentType,AccidentTypeDetail,LightingCondition,InvolvingBike,InvolvingCar,InvolvingPedestrian,RoadCondition,GraphicCoord1,GraphicCoord2,LongitudeWGS84,LatitudeWGS84,accident_outcome
5466,215731,bike + car,11,4,4300415.0,2021,8,17,1,3,5,2,0,1,1,0,0,790670.2885,5825991.934,13.28358151,52.50639994,0
5467,215735,car + pedestrian,11,10,10200418.0,2021,9,8,3,2,6,4,0,0,1,1,0,810808.5597,5830936.55,13.58397981,52.53961235,1
5468,215737,bike + car,11,1,1100309.0,2021,9,7,6,3,5,3,0,1,1,0,0,798289.4723,5828776.949,13.3980069,52.52725172,0
5469,215740,bike + car,11,8,8100419.0,2021,9,7,6,3,0,3,0,1,1,0,0,802531.9637,5824214.906,13.45620886,52.48402469,0
5470,215742,bike + car,11,2,2300316.0,2021,8,8,6,3,5,2,0,1,1,0,1,800805.4978,5826158.115,13.43261582,52.50239609,0
5471,215744,car,11,3,3200308.0,2021,9,20,3,2,5,2,2,0,1,0,0,800177.4483,5836542.834,13.43277816,52.59582286,1
5472,215745,car,11,9,9200818.0,2021,9,18,5,3,1,7,0,0,1,0,0,810488.4992,5820332.738,13.56939498,52.44476829,0
5473,215746,car,11,3,3300516.0,2021,9,10,5,3,4,6,0,0,1,0,0,801036.7055,5834745.164,13.44379222,52.5792354,0
5474,215747,bike + car,11,4,4300518.0,2021,8,13,7,3,5,2,0,1,1,0,0,792082.8941,5828107.967,13.3061928,52.52461527,0
5475,215748,bike + car,11,4,4400729.0,2021,9,13,1,3,3,6,0,1,1,0,0,790537.5684,5822329.23,13.27843801,52.47363408,0
5476,215749,car,11,2,2200210.0,2021,9,16,4,3,5,7,0,0,1,0,0,798672.0276,5825128.285,13.40035502,52.49433699,0
5477,215750,bike + car,11,2,2400623.0,2021,9,18,2,2,1,5,0,1,1,0,0,800526.5663,5826891.541,13.42918093,52.50912371,1
5478,215752,car + pedestrian,11,2,2500726.0,2021,9,16,4,3,6,4,0,0,1,1,0,802153.8604,5828647.579,13.45468028,52.52396422,0
5479,215754,car,11,11,11100204.0,2021,8,15,3,3,5,2,0,0,1,0,0,806543.3235,5833565.608,13.52371553,52.56559022,0
5480,215755,bike + car,11,2,2500835.0,2021,8,12,5,3,1,5,0,1,1,0,1,803105.6156,5826268.331,13.4664988,52.50211117,0
5481,215759,car,11,1,1100101.0,2021,9,19,7,3,5,3,0,0,1,0,0,795130.8517,5826505.389,13.3495674,52.50860805,0
5482,215760,bike,11,9,9200819.0,2021,8,20,4,3,0,1,1,1,0,0,1,810193.6351,5820396.801,13.56512996,52.44550976,0
5483,215761,car,11,10,10200524.0,2021,8,13,6,3,2,6,0,0,1,0,1,812270.998,5830678.575,13.60523071,52.53646461,0
5484,215764,car,11,8,8100415.0,2021,9,18,6,3,5,7,1,0,1,0,0,801235.3433,5823671.487,13.43668135,52.47987076,0
5485,215765,car,11,1,1100102.0,2021,9,9,6,3,2,2,0,0,1,0,0,796575.0093,5827962.356,13.37208248,52.52088512,0
5486,215770,car,11,1,1100101.0,2021,9,21,7,3,2,6,2,0,1,0,0,794483.8282,5826092.905,13.33969659,52.50526004,0
5487,215771,car,11,4,4300622.0,2021,9,18,3,3,2,6,0,0,1,0,0,793550.1371,5826463.411,13.32630654,52.50908462,0
5488,215772,car,11,5,5200630.0,2021,9,12,5,3,2,6,0,0,1,0,0,784453.1999,5827722.208,13.19370969,52.52519091,0
5489,215773,car,11,6,6400842.0,2021,9,7,6,3,5,2,0,0,1,0,0,788849.116,5821437.261,13.2528763,52.4665327,0
5490,215774,bike,11,11,11200512.0,2021,8,19,3,2,0,1,0,1,0,0,0,802956.5629,5830960.89,13.46858408,52.54425256,1
5491,215775,car,11,3,3601450.0,2021,8,10,5,3,2,1,0,0,1,0,1,802312.8561,5829506.994,13.45779805,52.53157897,0
5492,215778,car,11,4,4100101.0,2021,9,12,6,3,5,2,0,0,1,0,0,791664.7423,5830679.317,13.30230365,52.54789075,0
5493,215779,bike + car,11,3,3300411.0,2021,9,18,5,3,5,3,0,1,1,0,0,803911.631,5839149.555,13.49013221,52.61711157,0
5494,215780,bike + car,11,3,3601142.0,2021,8,11,6,3,5,2,0,1,1,0,0,799174.1051,5831109.92,13.41310839,52.54767851,0
5495,215782,bike + car,11,4,4501153.0,2021,8,10,3,3,5,2,0,1,1,0,0,794304.8849,5823922.579,13.33515032,52.48590083,0
5496,215785,bike + car,11,7,7100205.0,2021,8,9,6,3,5,2,0,1,1,0,0,795997.5287,5824957.257,13.36092405,52.49426084,0
5497,215786,bike + car,11,7,7100206.0,2021,8,15,2,3,5,2,0,1,1,0,1,796684.919,5824820.069,13.37089721,52.49265788,0
5498,215787,bike + car,11,9,9401635.0,2021,9,16,4,3,5,3,0,1,1,0,0,817688.0899,5817868.371,13.67263039,52.4185517,0
5499,215788,bike + car,11,7,7200308.0,2021,9,13,6,3,3,6,0,1,1,0,0,794995.0872,5823849.401,13.34522061,52.48487236,0
5500,215789,bike + car,11,8,8200727.0,2021,8,14,3,3,1,5,0,1,1,0,0,802487.3171,5819133.519,13.45094871,52.43850452,0
5501,215790,bike,11,11,11400927.0,2021,9,17,3,3,0,1,0,1,0,0,0,803702.6334,5826262.734,13.47526209,52.50172907,0
5502,215792,bike + pedestrian,11,11,11300620.0,2021,9,17,3,3,6,4,0,1,0,1,0,804068.1005,5829294.661,13.48340019,52.52869965,0
5503,215795,car,11,3,3601243.0,2021,9,23,7,3,5,3,2,0,1,0,0,799845.5063,5831531.345,13.42336069,52.55108675,0
5504,215797,bike + car,11,12,12601032.0,2021,8,11,6,3,5,3,0,1,1,0,0,792829.5938,5837488.474,13.32544792,52.60830639,0
5505,215801,bike + car,11,1,1100308.0,2021,9,20,5,3,5,2,2,1,1,0,0,797013.5855,5828942.561,13.3794029,52.52943285,0
5506,215802,car,11,2,2300316.0,2021,8,8,2,3,5,3,0,0,1,0,1,800626.2087,5826266.159,13.43007998,52.50346333,0
5507,215803,car,11,5,5100317.0,2021,9,6,2,3,2,6,1,0,1,0,0,787562.3015,5828030.771,13.23967856,52.52632633,0
5508,215804,car,11,5,5300841.0,2021,9,21,1,3,2,6,2,0,1,0,0,789654.4067,5829290.722,13.27152863,52.53651447,0
5509,215805,bike,11,1,1100415.0,2021,9,21,4,3,0,7,2,1,0,0,0,798294.836,5829369.21,13.39861713,52.5325576,0
5510,215806,bike + car,11,2,2200213.0,2021,9,7,2,3,5,3,0,1,1,0,0,800129.6505,5825064.404,13.42170342,52.49296487,0
5511,215808,car + pedestrian,11,1,1100311.0,2021,9,15,5,3,6,4,0,0,1,1,0,800161.4042,5827680.071,13.42452781,52.51639263,0
5512,215809,car,11,10,10300734.0,2021,9,8,6,3,1,1,0,0,1,0,0,809951.5466,5827067.141,13.56777809,52.50542454,0
5513,215810,car,11,9,9200512.0,2021,8,19,4,3,1,5,0,0,1,0,0,808976.5574,5821600.357,13.54839294,52.45698502,0
5514,215812,car + pedestrian,11,1,1401045.0,2021,8,17,5,3,6,2,0,0,1,1,0,796658.2616,5831953.65,13.37686933,52.55661744,0
5515,215814,car,11,9,9100409.0,2021,9,10,4,3,5,3,0,0,1,0,0,805703.356,5818794.295,13.49780341,52.43367613,0
5516,215816,bike + pedestrian,11,10,10400940.0,2021,9,15,4,3,6,6,0,1,0,1,0,812367.3387,5823893.468,13.60028072,52.47560701,0
5517,215817,bike + car,11,8,8100419.0,2021,8,20,7,3,1,6,2,1,1,0,0,802329.4281,5823952.484,13.45299738,52.48178476,0
5518,215819,bike + car,11,5,5300736.0,2021,9,15,4,3,5,2,0,1,1,0,0,786375.7896,5829163.72,13.22321304,52.53710861,0
5519,215820,bike,11,10,10100206.0,2021,9,11,7,3,0,1,0,1,0,0,0,809337.8189,5832718.38,13.56402307,52.55641722,0
5520,215821,car,11,7,7501031.0,2021,9,16,3,3,2,6,0,0,1,0,0,798872.7939,5819406.467,13.39817808,52.44293838,0
5521,215822,bike + car,11,4,4500938.0,2021,9,14,3,3,1,5,0,1,1,0,0,791677.341,5824849.183,13.29737614,52.49561784,0
5522,215823,car,11,6,6300632.0,2021,9,15,6,3,5,3,0,0,1,0,0,791931.3139,5817211.886,13.29442694,52.42701407,0
5523,215824,bike + car,11,2,2400522.0,2021,8,15,3,3,4,3,0,1,1,0,0,801823.1697,5827935.46,13.44917471,52.51776462,0
5524,215825,bike,11,7,7300517.0,2021,8,10,5,3,5,3,0,1,0,0,0,793967.4966,5822388.059,13.3288431,52.47232632,0
5525,215826,car,11,6,6300629.0,2021,9,23,3,3,0,7,2,0,1,0,0,791763.4284,5819279.811,13.29376974,52.44564267,0
5526,215827,bike + pedestrian,11,1,1200623.0,2021,9,13,4,3,6,7,0,1,0,1,0,794621.639,5829031.55,13.34432364,52.53152861,0
5527,215828,car,11,1,1400938.0,2021,9,6,3,3,8,1,1,0,1,0,1,793974.734,5830148.696,13.33580272,52.54189242,0
5528,215829,car,11,1,1300836.0,2021,10,2,6,3,5,3,2,0,1,0,0,796681.5775,5830147.539,13.37559868,52.54041497,0
5529,215830,bike + car,11,1,1100206.0,2021,9,16,6,3,3,6,0,1,1,0,0,797724.4673,5827676.062,13.38871754,52.51769248,0
5530,215832,car,11,5,5100209.0,2021,9,8,1,3,5,3,0,0,1,0,0,783702.8194,5830172.911,13.18477117,52.54755531,0
5531,215833,car,11,9,9200715.0,2021,9,4,2,3,5,3,2,0,1,0,0,808329.2198,5819187.709,13.53666956,52.43572826,0
5532,215834,bike + car,11,1,1100311.0,2021,8,13,7,3,2,2,0,1,1,0,0,799986.9967,5827428.483,13.42173845,52.51423351,0
5533,215835,bike + car,11,6,6200313.0,2021,9,8,4,3,5,2,0,1,1,0,0,795244.0322,5818330.624,13.34399496,52.43526542,0
5534,215838,car + pedestrian,11,8,8301037.0,2021,9,18,3,2,6,4,0,0,1,1,0,804120.042,5817647.143,13.47354231,52.4242769,1
5535,215839,bike + car,11,4,4501041.0,2021,9,8,3,3,5,2,0,1,1,0,0,792954.77,5825360.476,13.31658872,52.49951724,0
5536,215842,bike + pedestrian,11,6,6200316.0,2021,9,13,6,3,6,4,0,1,0,1,0,796335.4962,5818002.004,13.35971228,52.43172936,0
5537,215843,bike + car,11,7,7100102.0,2021,9,13,6,3,5,3,0,1,1,0,0,795437.8864,5825668.384,13.35333549,52.50093877,0
5538,215844,car,11,5,5300841.0,2021,9,22,7,3,5,3,2,0,1,0,0,789681.7791,5829343.739,13.27197729,52.53697523,0
5539,215845,car,11,12,12200412.0,2021,8,19,4,3,2,6,2,0,1,0,1,788344.9694,5832069.393,13.25468924,52.56212059,0
5540,215846,car,11,1,1200519.0,2021,8,15,6,3,2,6,0,0,1,0,1,793756.424,5828496.864,13.3311329,52.52720242,0
5541,215848,car + pedestrian,11,12,12200308.0,2021,10,14,6,3,6,4,0,0,1,1,0,792691.1009,5833872.81,13.32021355,52.57596849,0
5542,215849,car,11,7,7400823.0,2021,9,16,7,3,5,3,0,0,1,0,0,797361.3966,5822009.18,13.37832498,52.46709312,0
5543,215850,bike + car,11,1,1401046.0,2021,8,15,3,3,1,5,0,1,1,0,0,795123.8347,5829971.852,13.35254055,52.53968599,0
5544,215851,car + pedestrian,11,9,9401534.0,2021,9,15,6,3,6,2,0,0,1,1,1,811388.7082,5820131.98,13.58241015,52.44245733,0
5545,215852,bike + car,11,4,4300623.0,2021,9,15,2,3,5,2,0,1,1,0,0,792183.1699,5826124.532,13.30592485,52.50678052,0
5546,215854,car,11,9,9401534.0,2021,8,20,2,2,4,1,1,0,1,0,1,811680.1133,5819936.666,13.58650143,52.44054103,1
5547,215857,bike + car,11,6,6100208.0,2021,8,16,3,3,1,5,0,1,1,0,0,794766.7152,5820387.292,13.3388084,52.45395986,0
5548,215858,car,11,9,9501939.0,2021,9,7,2,3,2,6,0,0,1,0,0,810646.5061,5821064.172,13.57239244,52.45123341,0
5549,215859,car,11,12,12200310.0,2021,9,14,3,3,2,6,0,0,1,0,0,791727.43,5832945.54,13.30521748,52.56817325,0
5550,215863,car,11,7,7501029.0,2021,9,15,1,3,2,6,0,0,1,0,0,797746.0488,5819096.152,13.38137328,52.4407714,0
5551,215864,car,11,5,5300737.0,2021,8,16,4,2,5,7,0,0,1,0,0,787993.0884,5830306.291,13.24798298,52.54649995,1
5552,215865,car,11,3,3400721.0,2021,8,17,7,3,5,2,0,0,1,0,0,797868.5533,5833056.903,13.39565917,52.56584599,0
5553,215866,car,11,9,9200510.0,2021,9,12,5,3,2,6,0,0,1,0,0,806619.4643,5822816.665,13.51492933,52.46921337,0
5554,215867,bike + car,11,7,7200308.0,2021,8,12,2,3,5,3,0,1,1,0,1,794938.0349,5823924.453,13.34444927,52.48557597,0
5555,215869,bike + car,11,2,2500835.0,2021,9,17,6,2,3,6,0,1,1,0,0,803095.1526,5826043.962,13.46614092,52.50010599,1
5556,215870,bike + car,11,2,2500833.0,2021,9,21,5,3,5,2,2,1,1,0,0,802065.394,5827160.95,13.45203057,52.51068857,0
5557,215871,car,11,9,9200715.0,2021,8,19,2,3,2,6,0,0,1,0,0,807353.6923,5818121.538,13.52138458,52.42672195,0
5558,215872,car,11,4,4400831.0,2021,9,20,1,3,1,5,2,0,1,0,0,791010.3646,5822449.504,13.28548419,52.47446066,0
5559,215875,car + pedestrian,11,8,8100105.0,2021,9,23,1,3,6,2,2,0,1,1,0,801086.2147,5821958.086,13.43294562,52.46459526,0
5560,215876,bike,11,7,7200412.0,2021,9,17,3,3,1,7,0,1,0,0,0,796338.0783,5822926.753,13.36412037,52.47587438,0
5561,215878,car,11,8,8200623.0,2021,9,21,7,3,0,1,2,0,1,0,0,802417.7451,5820693.887,13.4513407,52.45252879,0
5562,215879,bike + car,11,8,8200832.0,2021,8,18,4,2,1,5,0,1,1,0,0,801571.7152,5817485.843,13.43603403,52.42424148,1
5563,215880,car,11,11,11400929.0,2021,9,12,6,3,2,6,0,0,1,0,0,804589.5832,5826368.268,13.48838491,52.50218058,0
5564,215882,car,11,5,5100209.0,2021,9,11,4,3,5,2,0,0,1,0,1,783696.625,5830177.331,13.18468384,52.54759816,0
5565,215884,bike + car,11,2,2200210.0,2021,9,13,6,3,5,2,0,1,1,0,0,798173.0024,5824840.936,13.39276918,52.4920341,0
5566,215885,bike + car,11,11,11400929.0,2021,9,16,5,3,2,6,0,1,1,0,0,805396.4456,5827196.582,13.5009947,52.50915332,0
5567,215886,bike + car,11,3,3400620.0,2021,8,22,7,3,5,2,2,1,1,0,0,797017.9507,5833776.32,13.38379102,52.5727594,0
5568,215887,car,11,3,3400619.0,2021,9,10,1,3,2,6,0,0,1,0,0,795961.3999,5835560.703,13.36983974,52.58933001,0
5569,215888,car,11,12,12100205.0,2021,8,17,3,2,2,6,1,0,1,0,0,794021.9218,5835331.393,13.34108971,52.58832624,1
5570,215890,bike + car,11,6,6300633.0,2021,9,16,2,3,1,5,0,1,1,0,0,792554.7885,5818359.11,13.30457421,52.43696582,0
5571,215893,bike,11,4,4300621.0,2021,8,11,3,3,5,3,0,1,0,0,0,791946.4784,5826863.357,13.30309548,52.51353067,0
5572,215894,bike + car,11,4,4300624.0,2021,8,11,5,3,2,6,0,1,1,0,1,793291.0901,5826150.295,13.32222467,52.506417,0
5573,215895,car + pedestrian,11,4,4300624.0,2021,9,11,3,2,6,2,0,0,1,1,1,793269.9237,5826077.603,13.32184967,52.50577673,1
5574,215896,bike + car,11,2,2400521.0,2021,9,16,3,3,5,3,0,1,1,0,0,801204.4453,5828639.191,13.44072113,52.52441433,0
5575,215898,car,11,4,4200311.0,2021,10,18,6,3,2,2,2,0,1,0,0,790472.0704,5826692.376,13.28128053,52.51278502,0
5576,215899,bike + car,11,12,12200515.0,2021,9,16,6,3,5,3,0,1,1,0,0,790143.5499,5834499.569,13.28327425,52.58295157,0
5577,215900,bike,11,7,7100102.0,2021,8,16,3,3,5,3,0,1,0,0,0,795205.621,5825643.222,13.34990143,52.50083891,0
5578,215901,bike + car,11,2,2200210.0,2021,9,11,1,3,5,2,0,1,1,0,0,798323.013,5825486.253,13.39554999,52.49773659,0
5579,215903,bike + car,11,6,6300526.0,2021,8,7,7,3,1,5,0,1,1,0,0,789353.6841,5817321.357,13.2567178,52.42936486,0
5580,215906,car,11,6,6200315.0,2021,9,17,6,3,2,6,0,0,1,0,1,795621.4208,5817015.568,13.34836773,52.42327291,0
5581,215907,car,11,10,10400835.0,2021,8,14,1,3,5,5,0,0,1,0,1,811731.5994,5828005.695,13.5947984,52.51282113,0
5582,215908,car + pedestrian,11,2,2500835.0,2021,9,16,3,3,6,4,0,0,1,1,0,803264.5973,5826317.125,13.46887821,52.50246017,0
5583,215910,bike + car,11,6,6100102.0,2021,9,18,3,3,3,6,0,1,1,0,0,793861.3821,5820916.52,13.32598949,52.45919166,0
5584,215911,bike + car,11,7,7100103.0,2021,9,13,3,2,5,2,0,1,1,0,0,795868.3742,5824961.151,13.35903066,52.49436577,1
5585,215912,car,11,3,3200205.0,2021,9,16,6,3,5,3,0,0,1,0,0,797909.6712,5835184.311,13.39817548,52.5848927,0
5586,215913,bike + car,11,4,4300623.0,2021,9,13,6,3,5,2,0,1,1,0,0,792403.0289,5826104.758,13.30913761,52.50648547,0
5587,215914,bike + car,11,3,3200309.0,2021,9,12,1,3,1,5,0,1,1,0,0,800102.5607,5837591.221,13.43262618,52.60526102,0
5588,215917,car,11,8,8401244.0,2021,9,15,5,3,2,2,0,0,1,0,0,806252.235,5816366.967,13.50363009,52.41161417,0
5589,215918,bike,11,1,1100101.0,2021,9,14,6,2,0,1,0,1,0,0,0,794585.8599,5826132.739,13.34123075,52.50556204,1
5590,215919,car,11,12,12500824.0,2021,9,9,5,3,5,3,0,0,1,0,1,791158.8552,5836365.878,13.29985743,52.59914015,0
5591,215921,bike + car,11,5,5100317.0,2021,9,7,5,3,0,5,0,1,1,0,0,787109.3941,5828148.311,13.23312243,52.52761887,0
5592,215922,car,11,2,2300314.0,2021,8,22,7,3,2,6,2,0,1,0,0,799937.5198,5825743.936,13.41949383,52.49916142,0
5593,215923,bike + car,11,1,1300836.0,2021,9,13,2,3,5,2,0,1,1,0,0,796719.8918,5830449.515,13.37643168,52.54310099,0
5594,215925,bike,11,8,8100419.0,2021,9,6,4,3,5,3,0,1,0,0,0,802133.4239,5824453.614,13.4505741,52.48638491,0
5595,215926,car,11,1,1200628.0,2021,9,4,1,2,8,1,0,0,1,0,0,796225.3992,5828508.57,13.36743135,52.52597143,1
5596,215927,bike + car,11,6,6100204.0,2021,9,22,2,3,2,6,2,1,1,0,0,795533.2602,5820019.635,13.34973093,52.45025014,0
5597,215929,bike,11,12,12200412.0,2021,8,14,2,3,0,1,0,1,0,0,1,791331.9561,5834176.406,13.30048053,52.57941944,0
5598,215933,car + pedestrian,11,1,1300836.0,2021,9,11,4,2,6,2,0,0,1,1,1,796817.07,5831271.709,13.37859524,52.55041809,1
5599,215935,car,11,12,12200412.0,2021,9,13,6,3,5,3,0,0,1,0,0,791135.4594,5834229.872,13.29763579,52.58000393,0
5600,215936,bike + car,11,3,3500932.0,2021,9,18,5,3,5,2,0,1,1,0,0,802071.861,5832782.109,13.45723475,52.56106718,0
5601,215938,car + pedestrian,11,3,3300413.0,2021,9,12,1,2,5,3,0,0,1,1,0,803626.7286,5838991.648,13.48579202,52.61585559,1
5602,215939,car,11,1,1300733.0,2021,9,20,5,3,5,3,0,0,1,0,0,797651.3622,5831858.642,13.39138954,52.55522394,0
5603,215940,car,11,5,5100315.0,2021,9,13,4,3,0,5,0,0,1,0,0,784725.1153,5830333.843,13.19994462,52.54846485,0
5604,215941,bike + car,11,7,7400824.0,2021,9,18,4,3,0,3,0,1,1,0,1,797866.5012,5822039.121,13.38576518,52.46708637,0
5605,215944,car,11,5,5200629.0,2021,8,1,1,3,2,6,2,0,1,0,0,784766.2685,5828606.109,13.19906895,52.53295253,0
5606,215946,bike + car,11,2,2100103.0,2021,9,15,2,3,3,6,0,1,1,0,0,798499.4882,5826515.881,13.39906486,52.50686936,0
5607,215947,bike + car,11,5,5100104.0,2021,9,20,4,3,1,5,0,1,1,0,0,785909.6582,5831405.973,13.21828964,52.55745686,0
5608,215948,car,11,1,1100102.0,2021,9,17,7,3,2,6,0,0,1,0,0,795421.9938,5826313.571,13.3536745,52.50673097,0
5609,215949,bike + car,11,10,10300731.0,2021,9,7,3,3,5,3,0,1,1,0,0,809125.9875,5829716.522,13.5581152,52.52963589,0
5610,215950,bike + car,11,11,11200512.0,2021,9,16,5,3,2,6,0,1,1,0,0,804754.0822,5831383.255,13.49539643,52.54703556,0
5611,215951,bike + car,11,4,4300619.0,2021,9,12,7,3,5,2,0,1,1,0,0,792137.8441,5827327.315,13.30631479,52.51758748,0
5612,215952,bike + car,11,1,1200628.0,2021,8,12,3,3,5,2,0,1,1,0,0,795702.3048,5828178.286,13.35944965,52.52329469,0
5613,215953,car,11,1,1100205.0,2021,8,17,5,3,3,6,0,0,1,0,1,797468.0504,5826806.786,13.38417269,52.51004034,0
5614,215954,bike + car,11,3,3200309.0,2021,9,7,4,3,5,3,0,1,1,0,1,800169.3355,5837955.587,13.43393973,52.60849,0
5615,215955,bike + car,11,6,6200312.0,2021,9,15,4,3,5,3,0,1,1,0,1,794825.3299,5819323.626,13.33872966,52.44439304,0
5616,215956,car,11,12,12100204.0,2021,9,14,6,3,2,3,0,0,1,0,0,795512.8586,5832474.362,13.36048712,52.56190787,0
5617,215957,car,11,8,8200726.0,2021,9,15,5,3,5,3,0,0,1,0,0,802363.121,5819912.373,13.44983191,52.44555419,0
5618,215958,car,11,12,12500928.0,2021,8,13,1,3,1,5,0,0,1,0,0,791832.0478,5836924.901,13.31026144,52.60379068,0
5619,215959,bike + car,11,6,6100206.0,2021,9,21,7,3,5,3,2,1,1,0,0,794553.8898,5820101.498,13.3354334,52.45151258,0
5620,215960,car + pedestrian,11,12,12400722.0,2021,9,14,4,3,6,4,0,0,1,1,0,790806.0503,5838847.178,13.29684397,52.62157317,0
5621,215962,bike + car,11,8,8100313.0,2021,9,18,3,3,5,3,0,1,1,0,0,801400.4962,5824764.401,13.44009403,52.48957565,0
5622,215963,bike,11,1,1100206.0,2021,9,14,6,3,0,1,0,1,0,0,0,797998.2365,5827858.711,13.39290386,52.51918017,0
5623,215964,bike,11,1,1100205.0,2021,8,7,3,3,0,5,0,1,0,0,0,797469.137,5826804.17,13.38418632,52.5100163,0
5624,215965,bike + car,11,12,12601236.0,2021,9,10,4,2,5,3,0,1,1,0,1,794421.8442,5836081.869,13.34764295,52.59483732,1
5625,215966,car + pedestrian,11,3,3500936.0,2021,9,12,3,2,6,4,0,0,1,1,0,802704.1781,5831821.254,13.46565792,52.5521041,1
5626,215967,car,11,9,9501737.0,2021,9,15,3,3,5,3,0,0,1,0,0,813761.909,5821737.227,13.61871926,52.45548564,0
5627,215970,bike,11,1,1100416.0,2021,9,17,5,3,0,1,0,1,0,0,0,798787.7051,5829682.631,13.40614333,52.53509702,0
5628,215971,bike + pedestrian,11,11,11501238.0,2021,9,16,7,3,6,7,0,1,0,1,1,803809.8967,5826178.903,13.47676097,52.500918,0
5629,215972,car + pedestrian,11,4,4300414.0,2021,9,14,2,3,6,7,0,0,1,1,0,791594.5383,5827341.098,13.29834268,52.51800182,0
5630,215973,car,11,4,4300620.0,2021,8,23,7,3,5,3,2,0,1,0,1,793189.7338,5827892.09,13.32227031,52.52208595,0
5631,215974,bike + car,11,1,1100205.0,2021,10,19,6,3,5,2,2,1,1,0,0,796970.1737,5826731.366,13.37679083,52.50963555,0
5632,215975,car,11,9,9401433.0,2021,8,17,2,3,5,7,0,0,1,0,1,812717.4843,5819918.169,13.60169609,52.43978311,0
5633,215976,bike + car,11,1,1300835.0,2021,9,6,5,3,5,2,0,1,1,0,1,797636.4572,5829558.167,13.38910896,52.53461128,0
5634,215977,car,11,4,4100101.0,2021,9,13,1,3,5,2,0,0,1,0,0,793340.975,5829718.481,13.32610463,52.53837732,0
5635,215978,bike + car,11,3,3500934.0,2021,9,12,6,3,5,3,0,1,1,0,0,800688.4116,5831584.178,13.43580274,52.55109566,0
5636,215979,bike + car,11,7,7400823.0,2021,8,13,2,3,5,3,0,1,1,0,1,797358.934,5821918.607,13.37820812,52.46628256,0
5637,215980,car + pedestrian,11,1,1100206.0,2021,9,13,2,3,6,4,0,0,1,1,0,797390.7417,5827736.1,13.38386746,52.51841273,0
5638,215983,bike + car,11,1,1100205.0,2021,9,9,2,3,5,2,0,1,1,0,0,797152.151,5826447.791,13.37921118,52.50699452,0
5639,215985,car,11,5,5100316.0,2021,9,6,6,3,5,2,2,0,1,0,0,784845.1668,5829238.91,13.20077136,52.53858498,0
5640,215987,car + pedestrian,11,10,10300734.0,2021,8,17,4,3,6,4,0,0,1,1,0,809790.6682,5827263.234,13.56559785,52.50727322,0
5641,215989,bike + car,11,5,5300840.0,2021,9,15,5,3,5,2,0,1,1,0,0,789214.0861,5829280.646,13.26504603,52.536658,0
5642,215990,bike + car,11,5,5100316.0,2021,9,14,6,2,5,3,0,1,1,0,0,784966.0055,5829500.898,13.20277294,52.54087076,1
5643,215991,car,11,6,6100103.0,2021,9,21,4,3,0,1,2,0,1,0,1,793766.0708,5821150.623,13.32479675,52.46134155,0
5644,215992,car,11,4,4300517.0,2021,9,12,7,3,5,3,0,0,1,0,0,791911.8384,5828206.076,13.30376477,52.52558641,0
5645,215993,bike,11,9,9502043.0,2021,9,7,6,3,5,3,0,1,0,0,0,810855.5168,5822503.436,13.57679818,52.46401266,0
5646,215995,bike + car,11,6,6400735.0,2021,9,14,1,3,3,6,0,1,1,0,0,779479.4458,5815580.909,13.11041554,52.41889208,0
5647,215996,car + pedestrian,11,5,5100316.0,2021,9,20,2,3,6,2,2,0,1,1,0,784595.532,5829197.301,13.19706496,52.53834234,0
5648,215998,bike + car,11,7,7300517.0,2021,9,17,2,2,5,3,0,1,1,0,0,794247.2716,5822046.585,13.33264897,52.46911454,1
5649,215999,car + pedestrian,11,3,3200310.0,2021,9,0,2,3,6,6,2,0,1,1,0,799855.9752,5838496.027,13.42981578,52.613507,0
5650,216000,bike + car,11,10,10300731.0,2021,9,7,5,3,5,2,0,1,1,0,0,809655.0861,5830269.153,13.56640471,52.53428807,0
5651,216001,bike,11,5,5300839.0,2021,9,18,6,3,0,1,0,1,0,0,0,788720.3624,5830528.368,13.25887139,52.54810598,0
5652,216002,bike + car,11,1,1100308.0,2021,8,9,3,3,2,6,0,1,1,0,0,797598.4638,5828437.143,13.387547,52.52458342,0
5653,216007,car,11,9,9100409.0,2021,9,17,5,3,2,6,0,0,1,0,0,805704.9195,5818766.3,13.49780074,52.43342435,0
5654,216010,car,11,5,5200527.0,2021,9,12,4,3,3,6,0,0,1,0,0,782335.2775,5827298.243,13.16221497,52.52249042,0
5655,216011,car,11,1,1100101.0,2021,9,16,7,3,2,6,0,0,1,0,1,795209.5382,5826603.85,13.35081075,52.5094481,0
5656,216012,bike + car,11,7,7601341.0,2021,9,18,2,3,2,6,0,1,1,0,0,796542.1285,5814369.881,13.35952461,52.39905806,0
5657,216013,car,11,7,7300517.0,2021,8,16,6,3,5,3,0,0,1,0,0,794776.904,5822868.581,13.34114967,52.47619773,0
5658,216015,car,11,3,3400724.0,2021,9,9,4,3,1,7,0,0,1,0,0,798751.7237,5834117.796,13.40960587,52.57487133,0
5659,216016,car + pedestrian,11,12,12200309.0,2021,9,9,6,3,6,4,0,0,1,1,0,793217.9693,5832480.422,13.32673524,52.5632029,0
5660,216017,bike + car,11,9,9502043.0,2021,8,6,2,3,2,6,1,1,1,0,1,810583.0167,5822176.11,13.57249541,52.46123425,0