,ObjectID,vehicle_types,State,District,LOR_ab_2021,AccidentYear,AccidentMonth,AccidentHour,DayOfWeek,AccidentCategory,AccidentType,AccidentTypeDetail,LightingCondition,InvolvingBike,InvolvingCar,InvolvingPedestrian,RoadCondition,GraphicCoord1,GraphicCoord2,LongitudeWGS84,LatitudeWGS84,accident_outcome
5661,216019,car,11,9,9301228.0,2021,9,6,3,3,5,3,1,0,1,0,0,816000.7967,5813252.322,13.64354857,52.37816502,0
5662,216020,car + pedestrian,11,4,4300619.0,2021,9,16,3,2,6,7,0,0,1,1,0,792259.6282,5827273.348,13.30805705,52.51703842,1
5663,216022,car,11,4,4100101.0,2021,9,8,2,3,5,2,0,0,1,0,0,791663.7428,5830679.279,13.30228892,52.54789094,0
5664,216024,car,11,12,12100102.0,2021,8,11,7,3,5,3,0,0,1,0,0,796724.4433,5833270.855,13.37902058,52.56838859,0
5665,216026,car,11,3,3200308.0,2021,9,21,4,3,2,6,2,0,1,0,1,800043.7182,5837236.681,13.43143852,52.60211571,0
5666,216028,bike + car,11,9,9200613.0,2021,9,8,7,2,5,3,0,1,1,0,1,805794.606,5821825.33,13.50191585,52.46079086,1
5667,216029,bike,11,2,2500833.0,2021,9,19,2,3,0,1,0,1,0,0,0,802386.3775,5827080.926,13.45667318,52.50979348,0
5668,216030,bike,11,1,1100207.0,2021,8,3,6,2,0,1,2,1,0,0,1,798309.232,5826981.135,13.39668694,52.51114382,1
5669,216031,car,11,12,12500825.0,2021,8,14,2,3,2,6,0,0,1,0,1,792549.4024,5835165.005,13.31926911,52.58762859,0
5670,216032,car,11,12,12601133.0,2021,9,18,6,3,5,3,0,0,1,0,0,795732.9278,5837041.997,13.36779987,52.60273247,0
5671,216035,car + pedestrian,11,1,1300731.0,2021,9,7,4,3,6,2,1,0,1,1,1,796852.9448,5832377.332,13.3801115,52.56030916,0
5672,216038,car + pedestrian,11,11,11200514.0,2021,8,6,3,3,6,7,0,0,1,1,1,803362.5246,5830084.92,13.47375237,52.53617561,0
5673,216039,bike + car,11,12,12200412.0,2021,9,15,1,3,5,3,0,1,1,0,0,790676.4586,5834314.547,13.29095513,52.58100842,0
5674,216040,car,11,8,8301036.0,2021,9,5,1,3,1,5,1,0,1,0,0,803707.3527,5817991.836,13.46780475,52.42759557,0
5675,216041,bike + car,11,12,12100101.0,2021,8,12,7,3,5,2,0,1,1,0,0,795770.041,5832572.284,13.36435733,52.562646,0
5676,216042,car + pedestrian,11,9,9501940.0,2021,9,17,5,2,6,4,0,0,1,1,0,811724.3448,5821610.291,13.58871168,52.45551391,1
5677,216044,bike + car,11,9,9200510.0,2021,9,19,1,3,1,5,1,1,1,0,0,806586.0048,5822155.444,13.51383083,52.46330606,0
5678,216047,bike,11,2,2300316.0,2021,9,10,3,3,4,6,0,1,0,0,0,800698.5333,5826439.767,13.43129909,52.50497957,0
5679,216048,bike + car,11,4,4501045.0,2021,9,10,3,3,1,5,0,1,1,0,0,793474.5909,5824856.861,13.3237807,52.49472324,0
5680,216049,car,11,7,7501029.0,2021,9,12,5,3,5,3,0,0,1,0,0,797590.2438,5818738.614,13.37876951,52.43765123,0
5681,216050,bike,11,4,4501153.0,2021,9,8,3,3,5,3,0,1,0,0,0,794185.3095,5823228.407,13.33278185,52.47974237,0
5682,216051,bike + car,11,6,6200317.0,2021,9,14,4,3,5,3,0,1,1,0,0,796783.526,5817868.054,13.36616408,52.43028573,0
5683,216054,car,11,1,1400938.0,2021,8,23,4,3,2,6,2,0,1,0,1,794492.7166,5830636.198,13.34385076,52.54598281,0
5684,216056,car,11,3,3400828.0,2021,8,13,6,3,5,3,0,0,1,0,1,800030.5203,5832028.863,13.4265308,52.55544427,0
5685,216058,car,11,5,5100314.0,2021,9,20,4,3,3,6,2,0,1,0,1,785299.538,5830007.701,13.20811286,52.54524015,0
5686,216059,car + pedestrian,11,8,8100206.0,2021,9,4,7,3,6,2,2,0,1,1,0,800613.6084,5823773.759,13.4276462,52.48113005,0
5687,216061,car + pedestrian,11,9,9501939.0,2021,8,17,7,3,6,4,0,0,1,1,0,810582.2315,5821339.089,13.5717053,52.45373363,0
5688,216063,bike + car,11,10,10200524.0,2021,9,9,2,3,5,3,0,1,1,0,0,813262.2283,5830369.392,13.61950597,52.53312524,0
5689,216064,bike + car,11,8,8100310.0,2021,8,12,3,2,5,2,0,1,1,0,0,800982.8862,5824768.888,13.43396607,52.48984627,1
5690,216065,bike + pedestrian,11,1,1400938.0,2021,9,17,7,3,6,7,0,1,0,1,0,794668.7989,5831155.104,13.34690033,52.5505392,0
5691,216066,bike + pedestrian,11,3,3701658.0,2021,9,11,2,3,6,7,0,1,0,1,0,799943.0858,5829971.726,13.42338726,52.53705367,0
5692,216067,bike,11,6,6100206.0,2021,9,17,5,3,0,7,0,1,0,0,0,795099.914,5819450.369,13.34286986,52.4453811,0
5693,216069,bike + car,11,9,9200510.0,2021,8,13,3,3,0,2,0,1,1,0,0,806413.0312,5822980.694,13.51205052,52.47079927,0
5694,216070,car,11,9,9300920.0,2021,8,6,5,3,5,3,0,0,1,0,1,808097.3099,5816927.914,13.53118753,52.41560628,0
5695,216072,bike + car,11,3,3400828.0,2021,9,15,4,3,5,3,0,1,1,0,1,799827.6528,5832098.665,13.42361052,52.55618163,0
5696,216073,car + pedestrian,11,4,4501042.0,2021,9,16,5,3,6,2,0,0,1,1,0,793992.0427,5826148.892,13.3325213,52.50602716,0
5697,216074,bike + car,11,2,2100102.0,2021,9,9,5,3,1,5,0,1,1,0,0,797934.1829,5826382.82,13.39064133,52.50598564,0
5698,216078,bike + car,11,7,7100206.0,2021,9,16,7,3,1,5,1,1,1,0,1,796616.735,5824313.856,13.36944526,52.48815722,0
5699,216079,car,11,5,5300735.0,2021,9,10,2,3,5,2,0,0,1,0,0,786566.138,5830552.707,13.22721011,52.54946172,0
5700,216082,bike + car,11,9,9100408.0,2021,9,17,4,3,0,2,0,1,1,0,0,806497.7268,5820066.651,13.51061844,52.44463503,0
5701,216083,car + pedestrian,11,2,2400521.0,2021,9,13,6,3,6,2,0,0,1,1,0,801137.0368,5828581.401,13.43967823,52.52393359,0
5702,216084,bike + pedestrian,11,7,7100205.0,2021,8,16,3,2,6,4,0,1,0,1,0,796428.8465,5824892.037,13.36720057,52.49344213,1
5703,216085,bike + car,11,11,11200515.0,2021,9,15,3,3,5,3,0,1,1,0,0,806106.803,5830164.905,13.5141606,52.5353581,0
5704,216088,car,11,2,2200210.0,2021,9,23,4,3,0,7,2,0,1,0,0,799013.1928,5825071.03,13.40531391,52.49363699,0
5705,216089,bike + car,11,10,10100311.0,2021,9,14,5,2,5,3,0,1,1,0,0,807001.2525,5830429.675,13.52755094,52.53722791,1
5706,216090,car,11,4,4300412.0,2021,9,15,7,3,2,6,0,0,1,0,0,791385.7084,5827474.884,13.29539094,52.51931281,0
5707,216091,car + pedestrian,11,1,1200519.0,2021,8,18,4,3,6,7,0,0,1,1,1,793811.4083,5828491.86,13.33193665,52.52712793,0
5708,216092,car,11,11,11501341.0,2021,8,21,7,3,3,6,2,0,1,0,1,807146.7899,5823740.019,13.52351807,52.47719245,0
5709,216093,car,11,6,6300633.0,2021,9,16,5,3,5,3,0,0,1,0,0,793278.2193,5818926.075,13.31568335,52.4416611,0
5710,216094,car,11,9,9200819.0,2021,9,12,5,3,3,6,0,0,1,0,0,810112.3432,5820419.849,13.5639591,52.44576242,0
5711,216095,bike + car,11,11,11501341.0,2021,9,10,7,3,5,2,0,1,1,0,1,807202.9908,5823907.448,13.5244972,52.47866138,0
5712,216096,bike + car,11,1,1100309.0,2021,9,1,6,3,5,3,2,1,1,0,0,797943.4495,5828779.418,13.39292362,52.52746306,0
5713,216098,car + pedestrian,11,6,6100103.0,2021,9,9,2,3,6,2,0,0,1,1,0,794004.3897,5821375.715,13.32849267,52.46323124,0
5714,216099,bike + car,11,11,11300620.0,2021,9,15,2,3,5,3,0,1,1,0,0,803973.5827,5829085.377,13.48181985,52.52687663,0
5715,216101,bike + car,11,4,4501040.0,2021,9,16,7,3,0,2,0,1,1,0,1,792718.9983,5825391.082,13.3131523,52.49991813,0
5716,216102,bike + car,11,1,1200520.0,2021,9,10,3,3,5,2,0,1,1,0,0,794440.9161,5829321.684,13.34192413,52.53422712,0
5717,216103,bike + pedestrian,11,6,6400839.0,2021,9,17,4,3,6,7,0,1,0,1,0,789380.6342,5818128.605,13.25781178,52.43658795,0
5718,216104,car,11,8,8100209.0,2021,9,19,6,3,5,3,0,0,1,0,0,801569.6284,5822310.197,13.44035801,52.46748473,0
5719,216109,car,11,10,10300732.0,2021,9,18,5,2,0,7,1,0,1,0,0,809629.3886,5828544.552,13.56442126,52.51884748,1
5720,216110,car,11,2,2100104.0,2021,9,14,5,3,5,3,0,0,1,0,0,799227.691,5825994.657,13.40929366,52.50179845,0
5721,216111,bike + car,11,3,3300516.0,2021,8,11,7,3,5,3,0,1,1,0,0,801110.1926,5834987.746,13.44509383,52.58136901,0
5722,216112,bike + car,11,1,1100310.0,2021,9,11,1,3,5,2,0,1,1,0,0,799223.5735,5828466.357,13.4114556,52.52395585,0
5723,216113,bike + car,11,1,1100309.0,2021,9,7,4,3,1,5,0,1,1,0,0,797857.6497,5828537.31,13.39144575,52.52533976,0
5724,216114,car + pedestrian,11,3,3200310.0,2021,9,11,6,3,6,7,0,0,1,1,0,799606.8401,5837865.847,13.42557659,52.60799596,0
5725,216118,bike + car,11,3,3601245.0,2021,9,16,2,3,5,3,0,1,1,0,0,801160.8655,5831110.539,13.44232016,52.54658939,0
5726,216120,car + pedestrian,11,12,12200412.0,2021,9,8,4,2,6,4,0,0,1,1,0,790658.7217,5833703.736,13.29015853,52.57554207,1
5727,216121,bike + car,11,7,7300517.0,2021,9,14,2,3,3,5,0,1,1,0,0,794318.4868,5822317.164,13.33393304,52.47150179,0
5728,216122,bike + car,11,6,6400841.0,2021,9,14,3,3,2,6,0,1,1,0,0,789688.6477,5818446.898,13.262606,52.43927852,0
5729,216123,car,11,4,4501042.0,2021,9,16,5,3,5,3,0,0,1,0,0,794369.1512,5825672.585,13.3376403,52.501554,0
5730,216124,car + pedestrian,11,8,8100312.0,2021,9,15,7,3,6,4,0,0,1,1,0,800996.9588,5824224.473,13.43368104,52.48495877,0
5731,216125,car + pedestrian,11,8,8100417.0,2021,8,21,4,2,6,4,2,0,1,1,1,802573.6481,5823097.778,13.45580718,52.47398875,1
5732,216126,bike + car,11,2,2200208.0,2021,8,6,6,3,5,2,0,1,1,0,1,797847.0431,5824925.485,13.38805794,52.49296994,0
5733,216127,bike + car,11,1,1100415.0,2021,9,19,4,3,1,5,1,1,1,0,1,798457.0761,5829126.076,13.40078355,52.53028943,0
5734,216128,car,11,10,10100313.0,2021,9,7,4,3,5,3,0,0,1,0,0,807803.9318,5830768.261,13.53966188,52.53980955,0
5735,216129,bike,11,1,1100310.0,2021,9,18,5,3,2,6,0,1,0,0,0,799539.3081,5828217.565,13.41587139,52.52155245,0
5736,216130,car,11,4,4400831.0,2021,9,12,5,3,5,3,0,0,1,0,0,790838.0956,5822517.94,13.28301469,52.47516595,0
5737,216131,car,11,3,3200204.0,2021,8,19,7,3,2,2,0,0,1,0,0,798057.7643,5837198.798,13.40216771,52.60286846,0
5738,216132,car,11,5,5200528.0,2021,9,12,1,3,2,6,0,0,1,0,0,783376.5867,5826753.035,13.17705732,52.51706174,0
5739,216138,bike + car,11,4,4400831.0,2021,8,19,3,3,5,2,1,1,1,0,0,790740.7881,5822657.903,13.28170806,52.47647253,0
5740,216139,bike,11,12,12400617.0,2021,8,15,5,2,8,1,0,1,0,0,1,786030.3493,5837665.872,13.2254688,52.61351744,1
5741,216141,bike + car,11,7,7400928.0,2021,9,15,4,3,5,2,0,1,1,0,0,799980.3963,5821330.088,13.41615268,52.45957439,0
5742,216143,car,11,12,12400721.0,2021,10,12,6,3,5,3,0,0,1,0,0,790585.5842,5839719.054,13.2943628,52.62950727,0
5743,216144,car,11,2,2300419.0,2021,9,13,7,3,2,6,0,0,1,0,0,801586.4869,5825943.443,13.44389236,52.50004087,0
5744,216145,bike + car,11,4,4200311.0,2021,8,9,3,3,5,2,0,1,1,0,0,790399.9756,5827140.906,13.28061261,52.51684452,0
5745,216147,bike + pedestrian,11,3,3601449.0,2021,9,7,2,3,6,4,0,1,0,1,0,801137.7077,5830739.404,13.44164322,52.54327567,0
5746,216149,car,11,12,12500928.0,2021,8,21,1,3,1,1,2,0,1,0,1,791963.9665,5837018.317,13.31228624,52.60455728,0
5747,216150,bike + pedestrian,11,3,3601449.0,2021,9,16,4,3,6,3,0,1,0,1,0,801104.7596,5830758.894,13.4411765,52.54346857,0
5748,216151,bike + pedestrian,11,9,9200613.0,2021,9,15,6,3,6,4,0,1,0,1,1,806999.4632,5821158.102,13.51898049,52.45413549,0
5749,216152,bike + car,11,4,4501042.0,2021,8,14,3,2,3,6,0,1,1,0,0,793876.3709,5825868.385,13.33057436,52.50357487,1
5750,216153,bike + car,11,11,11200513.0,2021,9,14,2,3,0,6,0,1,1,0,0,804559.9065,5831027.752,13.49221577,52.54395796,0
5751,216154,car,11,6,6300632.0,2021,9,16,3,3,2,6,0,0,1,0,0,792275.7795,5816699.338,13.29903085,52.42223518,0
5752,216155,car,11,5,5200629.0,2021,9,22,2,2,0,7,2,0,1,0,0,784579.059,5828296.802,13.19605166,52.53027706,1
5753,216156,bike + car,11,5,5300840.0,2021,9,7,4,3,5,2,0,1,1,0,0,789406.1144,5828678.141,13.2673447,52.53115448,0
5754,216158,car,11,5,5100316.0,2021,9,13,6,2,2,6,0,0,1,0,0,784528.3275,5828864.106,13.19579145,52.53539,1
5755,216159,bike + car,11,1,1200520.0,2021,9,15,1,3,5,2,0,1,1,0,0,794589.4144,5828438.806,13.34332475,52.52623249,0
5756,216162,car,11,12,12200309.0,2021,8,13,6,3,2,6,0,0,1,0,0,793330.5795,5832797.609,13.32867221,52.56598564,0
5757,216163,car,11,6,6400841.0,2021,9,15,5,3,5,2,0,0,1,0,0,789864.7702,5818783.517,13.26548172,52.44220311,0
5758,216164,bike + car,11,8,8100310.0,2021,9,18,4,3,0,5,1,1,1,0,1,800604.9944,5825125.316,13.42873874,52.49324927,0
5759,216165,bike + car,11,6,6300527.0,2021,9,13,6,3,1,5,0,1,1,0,0,790721.2694,5817745.944,13.27714495,52.43244635,0
5760,216166,bike + car,11,5,5100207.0,2021,9,7,5,3,5,3,0,1,1,0,0,780789.3617,5829935.052,13.14171765,52.54693211,0
5761,216167,car,11,7,7300517.0,2021,8,19,2,3,0,7,0,0,1,0,0,794354.4057,5822319.24,13.33446214,52.47150104,0
5762,216168,bike + car,11,4,4200309.0,2021,9,15,1,3,0,6,0,1,1,0,0,788986.124,5826984.317,13.25969859,52.51619169,0
5763,216169,bike + pedestrian,11,6,6400842.0,2021,9,10,2,3,6,7,0,1,0,1,0,790027.3768,5819347.194,13.26835665,52.44717044,0
5764,216173,bike + car,11,2,2100101.0,2021,9,8,5,3,5,2,0,1,1,0,0,797806.8756,5825928.591,13.38836492,52.50198352,0
5765,216174,bike + car,11,1,1200517.0,2021,9,16,6,3,3,6,0,1,1,0,0,793505.2017,5829116.331,13.32798729,52.53289094,0
5766,216176,bike + car,11,3,3200309.0,2021,8,16,5,3,5,3,0,1,1,0,1,800140.946,5838356.546,13.43388545,52.61209951,0
5767,216177,car + pedestrian,11,9,9501939.0,2021,9,12,4,3,6,2,0,0,1,1,1,809933.1351,5821626.203,13.56245014,52.45667508,0
5768,216182,bike + car,11,4,4501042.0,2021,9,11,7,3,0,2,0,1,1,0,1,793933.6545,5825893.172,13.33143775,52.50376622,0
5769,216184,bike + car,11,7,7200307.0,2021,8,23,3,3,1,5,2,1,1,0,1,794968.3059,5824007.645,13.34496739,52.48630538,0
5770,216185,car,11,8,8100311.0,2021,9,1,6,2,1,5,2,0,1,0,0,800897.805,5824612.077,13.43257518,52.48848763,1
5771,216188,bike + car,11,1,1100312.0,2021,9,9,6,3,5,2,0,1,1,0,0,799690.906,5827213.304,13.41719446,52.51246753,0
5772,216189,bike,11,4,4300623.0,2021,8,8,3,3,0,7,0,1,0,0,0,792413.7066,5826199.135,13.30937738,52.5073258,0
5773,216190,car,11,1,1400938.0,2021,9,8,4,3,3,6,0,0,1,0,1,793875.2205,5830082.718,13.33428121,52.54135465,0
5774,216191,bike + car,11,2,2200209.0,2021,9,8,3,3,5,2,0,1,1,0,0,797766.6742,5824734.759,13.38670722,52.49130415,0
5775,216192,bike + car,11,7,7400721.0,2021,9,11,3,2,1,5,0,1,1,0,0,797631.4251,5822573.834,13.38279195,52.47200761,1
5776,216193,bike + car,11,4,4501153.0,2021,10,8,6,3,5,2,0,1,1,0,0,793946.456,5823427.345,13.3294503,52.48165438,0
5777,216197,car,11,6,6100205.0,2021,8,3,1,3,9,1,2,0,1,0,1,795860.3944,5819412.977,13.3539934,52.44463494,0
5778,216198,car,11,8,8100312.0,2021,10,14,6,3,3,6,0,0,1,0,0,801075.1687,5824150.792,13.43476278,52.48425523,0
5779,216199,car,11,5,5100317.0,2021,8,6,2,3,5,7,0,0,1,0,1,786897.8281,5828383.012,13.2302149,52.52983449,0
5780,216200,car,11,3,3100103.0,2021,9,10,5,2,1,7,0,0,1,0,0,804358.4766,5841007.248,13.49842224,52.63351069,1
5781,216202,bike + car,11,6,6100209.0,2021,9,18,6,3,5,2,0,1,1,0,1,794207.6605,5821448.59,13.33154029,52.46377512,0
5782,216203,bike,11,3,3601140.0,2021,8,17,2,2,3,6,0,1,0,0,0,798280.66,5831806.905,13.40059764,52.55441591,1
5783,216204,car,11,6,6300634.0,2021,9,16,3,3,2,6,0,0,1,0,0,792392.2281,5818456.409,13.30227478,52.43792503,0
5784,216206,car,11,12,12200412.0,2021,8,12,1,3,5,2,0,0,1,0,1,791168.2241,5834029.154,13.29794167,52.57818701,0
5785,216207,bike + car,11,9,9501736.0,2021,9,16,3,3,5,3,0,1,1,0,0,813361.8117,5821568.062,13.61269165,52.45419925,0
5786,216210,bike + car,11,3,3200308.0,2021,8,7,5,3,5,3,0,1,1,0,1,799695.4417,5837328.577,13.42639461,52.60313147,0
5787,216212,bike + car,11,2,2300316.0,2021,9,9,4,3,5,3,0,1,1,0,0,801132.5899,5826287.746,13.43753732,52.50337759,0
5788,216213,car + pedestrian,11,11,11300723.0,2021,9,7,3,2,6,4,0,0,1,1,0,804997.0187,5828428.797,13.49625698,52.52042048,1
5789,216214,car,11,2,2200210.0,2021,10,10,6,3,5,3,0,0,1,0,0,798634.8948,5825135.968,13.39981658,52.49442618,0
5790,216215,car + pedestrian,11,12,12400723.0,2021,9,16,6,3,6,4,0,0,1,1,0,791402.8457,5839489.614,13.3062012,52.62701259,0
5791,216217,bike + pedestrian,11,3,3300516.0,2021,8,20,3,2,0,4,1,1,0,1,0,800760.6959,5833324.147,13.43844237,52.56665132,1
5792,216218,car,11,4,4200308.0,2021,9,14,7,3,5,3,0,0,1,0,1,790572.6423,5827337.306,13.2833216,52.51851328,0
5793,216219,bike,11,3,3400830.0,2021,9,18,2,3,0,7,0,1,0,0,0,799589.1986,5833109.215,13.4210161,52.56537076,0
5794,216221,bike + car,11,7,7200413.0,2021,9,18,4,3,3,6,0,1,1,0,0,796035.1332,5823592.755,13.36026426,52.48200883,0
5795,216222,bike + car,11,5,5300839.0,2021,9,20,6,3,1,5,1,1,1,0,0,789106.0197,5829729.792,13.26384797,52.54074203,0
5796,216227,car,11,7,7300619.0,2021,9,20,2,2,5,2,2,0,1,0,0,795241.6371,5822271.061,13.34744348,52.47059034,1
5797,216229,bike + car,11,10,10300734.0,2021,9,13,6,2,5,2,0,1,1,0,0,809565.608,5826554.818,13.5616338,52.50105236,1
5798,216231,car,11,2,2100106.0,2021,9,12,1,3,2,6,0,0,1,0,0,799101.5862,5825616.196,13.40710151,52.49847521,0
5799,216233,car,11,8,8100102.0,2021,8,20,6,3,5,2,1,0,1,0,0,800175.9315,5823648.836,13.42110818,52.48025107,0
5800,216236,car,11,1,1100416.0,2021,9,17,4,3,5,3,1,0,1,0,1,798241.1206,5829625.144,13.39805724,52.53488109,0
5801,216240,car + pedestrian,11,3,3300413.0,2021,9,15,1,3,6,4,0,0,1,1,0,803486.8094,5838539.797,13.48331722,52.61188405,0
5802,216242,bike + car,11,1,1401048.0,2021,9,14,5,2,5,2,0,1,1,0,0,795595.3939,5831749.545,13.36105558,52.55536577,1
5803,216243,car,11,4,4200203.0,2021,9,9,1,3,5,2,0,0,1,0,0,788298.0781,5826885.676,13.24950157,52.51567149,0
5804,216244,bike,11,6,6100103.0,2021,9,20,3,3,0,3,1,1,0,0,0,793894.3449,5820976.41,13.32652596,52.45971082,0
5805,216245,car + pedestrian,11,7,7400720.0,2021,9,15,4,3,6,4,0,0,1,1,0,796518.3176,5822810.126,13.36666266,52.47473111,0
5806,216246,bike + car,11,4,4300414.0,2021,9,17,6,3,5,2,1,1,1,0,0,790847.7681,5826735.521,13.28683884,52.51297162,0
5807,216247,car,11,9,9100304.0,2021,8,15,3,3,1,7,0,0,1,0,0,804280.1088,5822169.295,13.48000715,52.46471909,0
5808,216249,car,11,10,10200422.0,2021,9,11,4,3,5,3,0,0,1,0,0,812722.4912,5830987.181,13.6121561,52.53897116,0
5809,216250,bike + car,11,8,8100313.0,2021,9,15,4,3,5,3,0,1,1,0,1,801748.3872,5824286.206,13.44476932,52.48509734,0
5810,216251,bike + car,11,7,7300517.0,2021,9,16,5,3,5,7,0,1,1,0,0,794210.3147,5822753.666,13.33273013,52.47547308,0
5811,216254,car,11,10,10100209.0,2021,9,12,7,3,2,6,0,0,1,0,0,809955.1395,5831926.73,13.5723606,52.5489719,0
5812,216255,bike + car,11,12,12500929.0,2021,9,14,4,3,5,3,0,1,1,0,0,794728.5576,5838692.389,13.35448267,52.61807207,0
5813,216257,car,11,4,4400727.0,2021,9,7,3,3,2,6,0,0,1,0,0,791548.0073,5823599.713,13.29438324,52.48448552,0
5814,216259,bike + car,11,11,11401034.0,2021,9,10,6,3,1,5,0,1,1,0,0,806878.2252,5827031.143,13.52260721,52.50683915,0
5815,216260,car,11,5,5100317.0,2021,8,23,2,2,2,6,2,0,1,0,0,786717.7835,5828229.749,13.22743588,52.52855512,1
5816,216261,bike + car,11,6,6100205.0,2021,9,7,3,3,5,3,0,1,1,0,0,795775.6129,5819929.295,13.35320676,52.44930924,0
5817,216262,bike,11,2,2500830.0,2021,9,17,3,3,5,3,0,1,0,0,0,802422.8863,5827425.496,13.45752259,52.51286161,0
5818,216264,bike + car,11,6,6200421.0,2021,10,6,6,3,3,6,2,1,1,0,0,793195.8862,5816473.098,13.31232472,52.41971477,0
5819,216265,car,11,4,4200311.0,2021,9,3,7,3,4,6,2,0,1,0,0,790085.4802,5825305.142,13.27439096,52.500554,0
5820,216267,bike,11,9,9301126.0,2021,9,9,7,3,2,6,0,1,0,0,1,811025.7763,5818097.153,13.57519493,52.42442854,0
5821,216268,car + pedestrian,11,2,2500831.0,2021,9,17,7,3,6,4,0,0,1,1,0,803020.8266,5827017.452,13.4659353,52.50887254,0
5822,216269,car + pedestrian,11,8,8100206.0,2021,8,22,6,3,6,4,2,0,1,1,0,800416.0905,5823885.988,13.42484757,52.4822447,0
5823,216270,car,11,2,2500831.0,2021,9,23,5,3,5,3,2,0,1,0,1,802865.4196,5827469.12,13.46406346,52.51300708,0
5824,216271,bike + car,11,8,8100415.0,2021,8,21,1,3,4,6,2,1,1,0,1,801643.3086,5823756.571,13.44274735,52.4804082,0
5825,216272,car,11,4,4501146.0,2021,8,16,2,2,5,3,0,0,1,0,1,792955.3903,5824118.744,13.31550591,52.48838517,1
5826,216274,bike + car,11,4,4501045.0,2021,9,12,7,3,5,7,0,1,1,0,0,793533.818,5824898.886,13.32468763,52.49506812,0
5827,216276,car,11,12,12100101.0,2021,8,10,2,3,5,3,0,0,1,0,0,796706.8109,5833006.257,13.37852452,52.5660264,0
5828,216277,car,11,7,7601340.0,2021,9,10,3,3,4,1,0,0,1,0,1,796508.4207,5815897.272,13.360383,52.4127683,0
5829,216278,bike + car,11,6,6200317.0,2021,9,18,3,3,5,3,1,1,1,0,0,796703.6099,5817503.185,13.36466838,52.42705831,0
5830,216282,car,11,4,4501043.0,2021,9,12,6,3,3,6,0,0,1,0,0,792388.942,5825011.514,13.30797072,52.49669234,0
5831,216283,bike + car,11,1,1300834.0,2021,9,16,5,3,5,2,0,1,1,0,0,798080.7656,5830002.285,13.39603839,52.53834939,0
5832,216284,bike + car,11,3,3400620.0,2021,9,2,7,2,5,3,2,1,1,0,0,797411.7617,5833971.81,13.38976021,52.57429667,1
5833,216285,car + pedestrian,11,8,8100208.0,2021,8,22,4,3,6,2,2,0,1,1,1,801652.2526,5822564.011,13.44180008,52.4697141,0
5834,216287,bike + car,11,8,8100105.0,2021,9,21,4,3,5,2,2,1,1,0,1,801038.5171,5821949.04,13.43223748,52.46454045,0
5835,216289,car,11,7,7601442.0,2021,9,4,7,3,5,3,2,0,1,0,0,798713.7934,5816005.963,13.3928086,52.41254365,0
5836,216291,bike,11,6,6400735.0,2021,8,14,7,2,5,3,0,1,0,0,0,782022.9803,5815658.589,13.14778386,52.41828377,1
5837,216293,bike + car,11,10,10200423.0,2021,9,15,5,3,3,6,0,1,1,0,0,814203.0189,5831041.455,13.6339654,52.53860595,0
5838,216294,bike + pedestrian,11,1,1300733.0,2021,9,10,2,3,6,7,0,1,0,1,0,797405.6984,5831868.311,13.38778537,52.55544482,0
5839,216295,bike + car,11,6,6200423.0,2021,8,19,3,3,3,6,2,1,1,0,0,794254.9212,5815041.529,13.32659443,52.40631284,0
5840,216297,bike + car,11,9,9200715.0,2021,9,8,3,3,5,2,0,1,1,0,0,808669.8751,5818583.083,13.54110662,52.43011745,0
5841,216299,car,11,1,1401047.0,2021,9,8,2,3,1,5,0,0,1,0,0,795647.752,5830636.862,13.36083491,52.5453632,0
5842,216301,car + pedestrian,11,1,1401047.0,2021,9,13,6,2,6,4,0,0,1,1,0,795861.9693,5830448.23,13.36381666,52.543556,1
5843,216304,bike + car,11,7,7300619.0,2021,8,11,4,3,5,2,0,1,1,0,0,795412.8491,5822242.8,13.34993167,52.47024444,0
5844,216306,bike + car,11,12,12400617.0,2021,9,14,4,3,0,7,0,1,1,0,0,786085.1305,5837657.066,13.22626806,52.61340966,0
5845,216307,car + pedestrian,11,6,6100205.0,2021,9,16,4,3,6,2,0,0,1,1,1,795354.8214,5819976.934,13.34707507,52.44996379,0
5846,216308,bike + car,11,4,4400830.0,2021,9,15,6,2,5,2,0,1,1,0,0,792349.4406,5823119.114,13.30573041,52.47974851,1
5847,216310,bike,11,2,2400625.0,2021,8,14,6,2,3,6,0,1,0,0,0,801685.0902,5826128.488,13.44550817,52.50164496,1
5848,216312,bike,11,1,1100310.0,2021,9,15,5,3,0,7,0,1,0,0,0,799200.7972,5827692.941,13.41042522,52.51703583,0
5849,216313,bike + car,11,11,11501340.0,2021,9,21,2,2,1,5,2,1,1,0,0,808139.851,5825647.411,13.53985684,52.49372715,1
5850,216315,bike + car,11,1,1300733.0,2021,9,19,1,3,5,2,1,1,1,0,0,797158.9651,5831919.41,13.38420252,52.55603754,0
5851,216316,car,11,7,7601341.0,2021,9,14,3,3,2,6,0,0,1,0,0,797946.2124,5815186.364,13.38082728,52.40561504,0
5852,216317,bike + car,11,5,5300737.0,2021,9,14,4,3,0,3,0,1,1,0,0,787034.593,5829473.197,13.23316704,52.53953665,0
5853,216319,bike + pedestrian,11,9,9501939.0,2021,8,17,3,3,6,4,0,1,0,1,0,811049.8965,5821871.508,13.57906133,52.45823902,0
5854,216320,car,11,4,4100101.0,2021,8,15,5,3,5,3,0,0,1,0,0,792783.6044,5830574.048,13.31866415,52.54634687,0