,ObjectID,vehicle_types,State,District,LOR_ab_2021,AccidentYear,AccidentMonth,AccidentHour,DayOfWeek,AccidentCategory,AccidentType,AccidentTypeDetail,LightingCondition,InvolvingBike,InvolvingCar,InvolvingPedestrian,RoadCondition,GraphicCoord1,GraphicCoord2,LongitudeWGS84,LatitudeWGS84,accident_outcome
5855,216322,bike + car,11,9,9100409.0,2021,9,7,4,3,5,2,0,1,1,0,0,807230.1369,5819787.277,13.52110381,52.44172019,0
5856,216324,car + pedestrian,11,8,8200833.0,2021,9,18,5,3,6,4,0,0,1,1,0,801781.3035,5816747.388,13.43844094,52.41750692,0
5857,216326,bike + car,11,3,3400619.0,2021,9,14,1,3,5,2,0,1,1,0,0,796025.183,5835715.12,13.37091649,52.59067948,0
5858,216328,car,11,12,12500824.0,2021,9,12,6,3,5,3,0,0,1,0,0,790692.543,5835382.176,13.29212847,52.59057094,0
5859,216329,car,11,9,9200715.0,2021,9,14,2,3,5,3,0,0,1,0,0,808480.8412,5818421.25,13.53818579,52.42877371,0
5860,216332,car,11,8,8100207.0,2021,8,17,2,3,5,3,0,0,1,0,1,801265.8285,5823074.232,13.43658934,52.47450059,0
5861,216334,bike + car,11,2,2400623.0,2021,8,15,2,2,5,3,0,1,1,0,1,800279.0341,5827621.859,13.42620357,52.5158061,1
5862,216335,bike + car,11,2,2500835.0,2021,9,18,3,3,1,5,1,1,1,0,0,802628.7294,5826117.366,13.45935746,52.50102276,0
5863,216336,bike + car,11,2,2400625.0,2021,9,16,3,3,5,2,0,1,1,0,0,801748.401,5826252.945,13.44655082,52.50272547,0
5864,216337,bike + car,11,9,9502042.0,2021,9,16,3,3,5,3,0,1,1,0,0,811372.1659,5822557.225,13.58442868,52.46420055,0
5865,216338,car,11,10,10200420.0,2021,9,7,5,3,2,6,0,0,1,0,0,811817.763,5830483.533,13.59838703,52.53497629,0
5866,216339,bike,11,4,4400830.0,2021,9,13,6,3,0,1,0,1,0,0,0,791679.1252,5823565.835,13.29627901,52.48411178,0
5867,216340,car,11,6,6100206.0,2021,8,22,3,3,2,6,2,0,1,0,0,794317.1386,5820236.47,13.33207851,52.45285006,0
5868,216341,bike + car,11,2,2500834.0,2021,9,12,1,2,5,2,0,1,1,0,0,802013.7122,5826918.946,13.45105177,52.50854809,1
5869,216342,car + pedestrian,11,6,6100101.0,2021,9,15,2,3,6,2,0,0,1,1,0,793400.6283,5820700.192,13.31903747,52.4574999,0
5870,216346,bike,11,2,2200210.0,2021,9,6,5,3,4,6,0,1,0,0,1,798894.2043,5825094.68,13.40358771,52.49391415,0
5871,216347,car,11,9,9100305.0,2021,9,14,7,3,5,2,0,0,1,0,0,805020.938,5822710.208,13.49137268,52.46915405,0
5872,216348,bike + car,11,2,2200210.0,2021,9,15,6,3,5,2,0,1,1,0,1,798483.5327,5825209.721,13.39765976,52.49517007,0
5873,216350,car + pedestrian,11,4,4501150.0,2021,9,15,3,3,6,7,0,0,1,1,0,793519.3894,5823937.435,13.32362878,52.48645686,0
5874,216351,car,11,8,8100206.0,2021,9,13,3,3,2,6,0,0,1,0,0,800426.0981,5823802.913,13.42491964,52.48149456,0
5875,216353,bike + car,11,6,6400737.0,2021,9,7,3,2,5,3,0,1,1,0,0,786291.9431,5817653.391,13.21209329,52.43395276,1
5876,216354,car + pedestrian,11,2,2300314.0,2021,9,12,3,3,6,2,0,0,1,1,0,799912.4055,5825986.197,13.41934314,52.50134672,0
5877,216355,car,11,5,5400944.0,2021,9,8,6,3,2,1,0,0,1,0,0,781655.8501,5819776.319,13.14586954,52.45539555,0
5878,216359,bike,11,3,3300411.0,2021,9,12,4,3,4,6,0,1,0,0,0,803752.3255,5839284.523,13.48791037,52.61841028,0
5879,216360,car,11,1,1100308.0,2021,9,12,4,3,5,3,0,0,1,0,0,797003.1836,5828603.436,13.37894708,52.52639864,0
5880,216361,car + pedestrian,11,1,1100104.0,2021,9,16,5,3,6,7,0,0,1,1,0,796425.9921,5825905.97,13.36806102,52.50253264,0
5881,216363,car,11,2,2200210.0,2021,8,23,7,3,5,3,2,0,1,0,0,798430.808,5824775.733,13.3964967,52.49130876,0
5882,216364,bike,11,1,1300835.0,2021,9,19,7,3,3,7,1,1,0,0,0,797726.6677,5830159.291,13.39097358,52.53995031,0
5883,216365,car,11,7,7100101.0,2021,9,1,4,2,5,3,2,0,1,0,0,794602.1954,5825490.819,13.34090279,52.49979881,1
5884,216366,bike + car,11,1,1200623.0,2021,9,17,7,3,5,7,0,1,1,0,0,795291.2922,5828737.182,13.35390555,52.52852749,0
5885,216367,bike + car,11,3,3400619.0,2021,9,17,3,3,5,2,0,1,1,0,0,795817.8747,5835211.417,13.36741544,52.58627711,0
5886,216368,bike + pedestrian,11,5,5100316.0,2021,9,8,5,3,6,4,0,1,0,1,0,783966.6029,5829270.093,13.18787902,52.53932311,0
5887,216370,bike + car,11,10,10100316.0,2021,8,13,3,3,5,2,0,1,1,0,0,810051.5781,5831661.128,13.57353036,52.54653685,0
5888,216374,bike + car,11,6,6200423.0,2021,10,14,6,3,5,2,0,1,1,0,0,793370.8957,5816219.837,13.3146688,52.41735055,0
5889,216377,bike + car,11,4,4400832.0,2021,9,15,2,3,1,5,0,1,1,0,0,791343.9004,5822414.572,13.29035045,52.47396967,0
5890,216378,bike + car,11,2,2300316.0,2021,8,14,6,3,5,2,0,1,1,0,0,800743.2511,5826526.047,13.43203388,52.50572828,0
5891,216380,bike,11,4,4501153.0,2021,9,16,4,3,0,1,0,1,0,0,0,793861.7066,5823208.941,13.32801343,52.4797421,0
5892,216381,bike + pedestrian,11,1,1401048.0,2021,9,12,6,3,6,7,0,1,0,1,0,795215.493,5831127.977,13.35491565,52.55000002,0
5893,216382,bike + car,11,1,1100103.0,2021,9,20,2,3,1,5,1,1,1,0,0,795807.8734,5825682.91,13.35878309,52.50086854,0
5894,216384,car + pedestrian,11,10,10400941.0,2021,9,16,2,3,6,4,0,0,1,1,0,812484.9325,5824288.71,13.60237681,52.4790816,0
5895,216385,bike + car,11,1,1100313.0,2021,9,7,4,3,3,6,0,1,1,0,0,800470.5651,5826677.472,13.42816503,52.50723579,0
5896,216386,bike + car,11,3,3400722.0,2021,10,16,2,2,5,7,0,1,1,0,0,798659.2472,5833891.303,13.40804131,52.57289193,1
5897,216388,bike + car,11,10,10200526.0,2021,11,13,4,3,2,6,0,1,1,0,0,812041.4078,5830308.574,13.60150933,52.53328047,0
5898,216389,car,11,4,4200308.0,2021,10,20,1,3,1,5,2,0,1,0,0,790150.2626,5827330.851,13.27710855,52.51868031,0
5899,216390,bike + car,11,12,12500930.0,2021,10,11,2,3,5,2,0,1,1,0,0,792341.5262,5834069.251,13.31524287,52.5779174,0
5900,216391,car,11,4,4501041.0,2021,10,12,5,3,2,6,0,0,1,0,0,793109.3371,5825604.627,13.31907408,52.50162296,0
5901,216394,bike,11,2,2200208.0,2021,11,14,4,3,4,6,0,1,0,0,0,797780.6663,5824941.871,13.3870978,52.49315304,0
5902,216395,bike,11,11,11200512.0,2021,11,9,7,3,0,1,0,1,0,0,1,803066.2957,5830638.516,13.46990318,52.54130217,0
5903,216398,bike + car,11,7,7501133.0,2021,10,10,4,3,5,2,0,1,1,0,0,797864.2274,5818822.378,13.38286278,52.43825294,0
5904,216399,car,11,9,9501941.0,2021,10,7,4,3,2,2,1,0,1,0,0,812053.6698,5821202.972,13.59316199,52.45167587,0
5905,216401,bike + car,11,4,4501149.0,2021,11,17,5,3,1,5,2,1,1,0,1,793683.0007,5824444.585,13.3264783,52.49091527,0
5906,216402,car,11,10,10100205.0,2021,10,16,3,3,5,7,0,0,1,0,0,808405.1193,5833058.021,13.5506247,52.55998995,0
5907,216403,bike + car,11,7,7601236.0,2021,10,11,4,3,5,2,0,1,1,0,0,796517.6104,5816370.495,13.36093695,52.41700543,0
5908,216406,car + pedestrian,11,11,11400929.0,2021,11,18,5,3,6,4,2,0,1,1,1,804994.1716,5826578.327,13.49451935,52.50383726,0
5909,216408,bike + car,11,11,11401136.0,2021,10,9,1,3,5,2,0,1,1,0,0,805888.9095,5825854.825,13.5069958,52.49685213,0
5910,216409,car,11,8,8100314.0,2021,10,22,7,3,5,3,2,0,1,0,1,801069.2014,5824002.293,13.43454105,52.48292748,0
5911,216411,bike,11,4,4501042.0,2021,11,9,3,3,0,7,0,1,0,0,0,794246.2492,5826080.785,13.33619566,52.50527957,0
5912,216414,bike + car,11,1,1100102.0,2021,10,17,1,3,5,2,0,1,1,0,0,796117.8949,5826716.957,13.36425665,52.50996969,0
5913,216415,car,11,5,5200631.0,2021,10,7,3,3,0,7,1,0,1,0,1,784737.0397,5827496.108,13.19768857,52.52301553,0
5914,216416,car,11,11,11100204.0,2021,11,15,2,3,2,6,0,0,1,0,0,805784.804,5833555.425,13.51255032,52.56592551,0
5915,216419,car + pedestrian,11,4,4400830.0,2021,10,22,1,3,6,4,2,0,1,1,0,792542.0606,5823083.697,13.30852754,52.47932785,0
5916,216420,bike + car,11,1,1100206.0,2021,11,13,4,3,5,2,0,1,1,0,0,798034.5078,5827395.429,13.39302184,52.51500761,0
5917,216421,car + pedestrian,11,10,10200524.0,2021,11,7,6,2,6,7,0,0,1,1,1,813242.0184,5831053.498,13.61985376,52.53926706,1
5918,216422,bike + car,11,3,3601244.0,2021,11,10,3,3,5,3,0,1,1,0,0,800084.3778,5831671.474,13.42699977,52.55221122,0
5919,216423,bike + pedestrian,11,1,1300733.0,2021,10,16,6,2,6,7,0,1,0,1,0,797282.0498,5831910.379,13.3860046,52.55588942,1
5920,216424,car,11,1,1401046.0,2021,10,23,7,3,5,2,2,0,1,0,0,794900.2109,5830245.536,13.34949577,52.54226042,0
5921,216425,bike + car,11,1,1100416.0,2021,10,9,6,3,5,3,0,1,1,0,0,798755.9685,5829618.285,13.40561898,52.53453765,0
5922,216426,bike + car,11,10,10100311.0,2021,10,14,5,3,5,2,0,1,1,0,0,807203.9153,5829146.089,13.52934344,52.52561018,0
5923,216427,car,11,6,6400843.0,2021,11,11,5,3,2,2,0,0,1,0,0,791712.7072,5819389.167,13.29312106,52.44665011,0
5924,216428,car,11,10,10100311.0,2021,10,10,3,3,2,6,0,0,1,0,1,806330.6357,5830178.518,13.51746286,52.53535435,0
5925,216429,car,11,1,1100206.0,2021,11,1,1,3,5,3,2,0,1,0,0,797878.0887,5827467.419,13.39078803,52.51573836,0
5926,216431,bike + car,11,1,1100312.0,2021,11,15,2,3,1,5,0,1,1,0,1,799147.793,5826948.686,13.40897735,52.51039374,0
5927,216432,bike + car,11,1,1401046.0,2021,10,15,3,3,5,7,0,1,1,0,0,795050.835,5829941.619,13.35144046,52.53945451,0
5928,216433,bike + car,11,6,6100206.0,2021,10,18,5,2,5,3,2,1,1,0,0,794238.0953,5819389.236,13.33017236,52.44529752,1
5929,216434,car + pedestrian,11,8,8100105.0,2021,10,15,7,3,6,4,0,0,1,1,0,800447.3096,5822013.439,13.42361922,52.46544309,0
5930,216435,car,11,6,6300632.0,2021,11,16,2,3,2,6,2,0,1,0,0,792816.2933,5817558.724,13.30770913,52.42965053,0
5931,216436,bike + car,11,9,9200613.0,2021,11,16,5,3,5,3,1,1,1,0,1,805824.7548,5821876.437,13.50240504,52.46123204,0
5932,216437,car + pedestrian,11,10,10200419.0,2021,11,6,2,3,6,2,1,0,1,1,1,811830.5982,5831480.786,13.59951151,52.54390549,0
5933,216439,bike + car,11,2,2300417.0,2021,10,19,5,3,5,3,1,1,1,0,1,800510.645,5825448.053,13.42764435,52.49619403,0
5934,216440,bike + car,11,3,3601453.0,2021,10,10,5,3,5,3,0,1,1,0,0,802881.6657,5828633.522,13.4653622,52.52343443,0
5935,216441,car,11,6,6100102.0,2021,11,2,4,3,8,1,2,0,1,0,1,793793.6785,5820806.758,13.3248993,52.45824408,0
5936,216442,bike + car,11,11,11300721.0,2021,11,13,5,3,5,3,0,1,1,0,0,804919.7201,5829937.537,13.49650479,52.53398574,0
5937,216443,car + pedestrian,11,6,6200313.0,2021,10,22,3,3,6,4,2,0,1,1,1,795366.2865,5818469.253,13.34591059,52.43644214,0
5938,216444,bike + car,11,3,3200205.0,2021,10,18,7,3,5,2,1,1,1,0,0,798198.357,5835280.402,13.40251027,52.58559586,0
5939,216445,bike + car,11,8,8100417.0,2021,11,14,6,3,5,3,0,1,1,0,0,802020.0114,5822909.205,13.44751009,52.47260494,0
5940,216446,car,11,2,2200210.0,2021,11,19,4,3,5,3,2,0,1,0,0,798943.3559,5825242.189,13.4044419,52.49520945,0
5941,216447,bike + car,11,6,6200421.0,2021,10,15,7,3,1,1,0,1,1,0,1,793946.9837,5818443.335,13.32506945,52.43697443,0
5942,216448,car,11,5,5200420.0,2021,10,13,7,3,2,6,0,0,1,0,0,783126.0221,5828609.154,13.174955,52.53383438,0
5943,216449,car + pedestrian,11,3,3400724.0,2021,11,15,1,2,6,4,0,0,1,1,0,799953.7824,5834418.827,13.42756324,52.57690838,1
5944,216450,car,11,5,5300735.0,2021,11,18,4,3,5,2,1,0,1,0,0,786567.6912,5830553.726,13.22723383,52.54947005,0
5945,216451,bike + car,11,4,4200203.0,2021,11,13,7,3,5,3,0,1,1,0,0,788310.7919,5826875.737,13.2496798,52.51557566,0
5946,216455,car,11,12,12601235.0,2021,10,11,2,3,5,3,0,0,1,0,0,795272.4958,5836364.431,13.36041672,52.59690903,0
5947,216458,car,11,3,3500936.0,2021,10,16,6,3,0,7,0,0,1,0,0,801589.6857,5831143.579,13.44865484,52.54664832,0
5948,216459,bike + car,11,3,3601451.0,2021,10,9,6,3,1,5,0,1,1,0,0,801048.258,5829879.775,13.43954933,52.53562014,0
5949,216460,car,11,11,11400927.0,2021,11,9,5,3,5,3,0,0,1,0,1,803409.3717,5826631.222,13.47129075,52.50519489,0
5950,216461,bike + pedestrian,11,9,9200510.0,2021,11,15,4,3,6,4,0,1,0,1,0,806595.0403,5822109.026,13.51392078,52.46288498,0
5951,216462,car + pedestrian,11,6,6400844.0,2021,10,17,7,2,6,4,1,0,1,1,0,791257.8469,5821407.072,13.28820751,52.46498329,1
5952,216463,bike + car,11,5,5100208.0,2021,10,16,6,3,3,1,0,1,1,0,1,781678.7671,5830480.223,13.15526165,52.5513612,0
5953,216464,car,11,10,10100311.0,2021,10,10,6,3,5,3,0,0,1,0,0,806820.6083,5830314.432,13.5247895,52.53629682,0
5954,216465,bike + car,11,1,1400940.0,2021,11,18,6,3,3,6,1,1,1,0,1,795022.1672,5832177.86,13.35300578,52.55951608,0
5955,216466,bike + pedestrian,11,9,9501939.0,2021,11,14,3,3,6,4,0,1,0,1,1,811030.0237,5821829.475,13.57873063,52.45787365,0
5956,216467,car,11,3,3500932.0,2021,11,20,1,3,2,6,2,0,1,0,1,802058.8968,5832762.495,13.45702623,52.56089858,0
5957,216468,car,11,11,11300722.0,2021,11,12,7,2,4,6,0,0,1,0,0,803940.2823,5828664.768,13.48094609,52.52312542,1
5958,216470,bike + car,11,1,1100207.0,2021,11,11,2,3,5,3,0,1,1,0,0,797864.9741,5826764.483,13.38996617,52.50944457,0
5959,216471,car,11,11,11300619.0,2021,11,1,7,3,9,1,2,0,1,0,0,803009.4899,5828694.293,13.46729585,52.52390809,0
5960,216472,car,11,1,1300733.0,2021,11,16,3,3,2,6,1,0,1,0,0,797157.9969,5831907.354,13.38417749,52.55593,0
5961,216473,car + pedestrian,11,2,2500835.0,2021,10,14,3,3,6,4,0,0,1,1,0,803058.248,5826186.663,13.46572878,52.5014055,0
5962,216474,car,11,6,6400841.0,2021,10,19,5,3,5,3,2,0,1,0,0,790190.0755,5818819.251,13.27028533,52.44235094,0
5963,216476,car + pedestrian,11,7,7501031.0,2021,11,15,4,3,1,4,0,0,1,1,0,798042.1075,5820208.02,13.38670783,52.45057682,0
5964,216477,car + pedestrian,11,4,4300620.0,2021,11,17,5,3,6,4,2,0,1,1,1,793540.0672,5827905.997,13.32743128,52.52202214,0
5965,216480,bike + car,11,4,4300412.0,2021,10,5,1,2,5,3,2,1,1,0,0,791660.735,5827541.028,13.29949078,52.51975876,1
5966,216481,car,11,9,9501737.0,2021,10,14,7,2,4,1,0,0,1,0,0,815262.0786,5824467.34,13.64330312,52.4790863,1
5967,216484,bike + car,11,9,9200510.0,2021,11,10,7,3,5,3,0,1,1,0,0,806552.0436,5822297.33,13.51346283,52.46459675,0
5968,216485,car + pedestrian,11,5,5100314.0,2021,10,12,5,3,6,4,0,0,1,1,1,785150.7684,5829619.73,13.20559191,52.54183953,0
5969,216487,car + pedestrian,11,1,1401046.0,2021,11,22,7,3,6,2,2,0,1,1,0,794893.882,5830255.095,13.3494112,52.54234954,0
5970,216488,car,11,9,9200715.0,2021,11,10,5,3,2,7,0,0,1,0,2,809506.4965,5818326.496,13.55313529,52.42734531,0
5971,216490,car,11,4,4500938.0,2021,11,4,6,3,8,1,2,0,1,0,1,791160.5848,5824745.162,13.28969489,52.49496121,0
5972,216491,bike + car,11,8,8100209.0,2021,11,16,4,3,5,2,0,1,1,0,0,801290.6271,5822290.201,13.43624528,52.46745943,0
5973,216492,car,11,1,1100310.0,2021,11,20,1,3,5,2,2,0,1,0,1,799248.351,5828469.191,13.41182226,52.52396765,0
5974,216493,car + pedestrian,11,5,5100208.0,2021,11,19,7,2,6,2,2,0,1,1,1,782372.2307,5830489.502,13.16547,52.55108533,1
5975,216494,car,11,12,12601031.0,2021,10,7,4,3,2,2,0,0,1,0,1,792927.309,5837087.05,13.32653152,52.60465522,0
5976,216495,car,11,12,12500929.0,2021,11,10,2,3,2,2,0,0,1,0,1,795288.629,5837671.484,13.36182016,52.60861667,0
5977,216497,bike + car,11,7,7100206.0,2021,11,13,2,3,1,5,0,1,1,0,1,796831.8052,5824298.087,13.37258938,52.48789897,0
5978,216501,car,11,4,4200311.0,2021,11,7,4,3,5,2,0,0,1,0,1,790501.4279,5826496.112,13.2815406,52.51100987,0
5979,216502,bike + pedestrian,11,4,4501147.0,2021,11,9,6,3,6,4,0,1,0,1,1,793376.4889,5824125.938,13.32169626,52.48822353,0
5980,216505,bike + pedestrian,11,3,3701554.0,2021,10,13,7,2,6,4,0,1,0,1,0,799026.9657,5829786.052,13.40975334,52.53589281,1
5981,216506,car,11,6,6400737.0,2021,10,19,6,3,5,7,2,0,1,0,1,787126.24,5817225.66,13.22396448,52.42968047,0
5982,216507,car,11,1,1401045.0,2021,10,1,5,3,8,1,2,0,1,0,0,796626.2426,5831921.983,13.37637012,52.55635102,0
5983,216508,bike,11,1,1200519.0,2021,11,0,6,3,0,7,2,1,0,0,1,793913.8261,5828577.902,13.33351806,52.52784405,0
5984,216513,bike,11,10,10200422.0,2021,10,14,1,3,5,3,0,1,0,0,0,812448.0358,5831418.542,13.6085282,52.54299402,0
5985,216514,car + pedestrian,11,11,11100204.0,2021,10,7,2,3,6,4,1,0,1,1,0,805806.4908,5833600.605,13.51291092,52.56631824,0
5986,216515,bike + car,11,4,4501146.0,2021,10,11,5,3,3,6,0,1,1,0,0,793309.5801,5823814.716,13.32043979,52.48546949,0
5987,216516,car,11,8,8100207.0,2021,10,15,6,3,5,7,0,0,1,0,0,800716.8372,5823418.821,13.42884159,52.47789178,0
5988,216517,bike + car,11,1,1300732.0,2021,11,17,3,3,0,3,1,1,1,0,0,797591.9365,5832772.584,13.39133514,52.56344871,0
5989,216518,car,11,7,7400822.0,2021,11,18,5,3,2,6,2,0,1,0,1,796818.7093,5821758.629,13.3701369,52.46514225,0
5990,216519,car,11,9,9501736.0,2021,11,23,1,2,9,1,2,0,1,0,1,812397.583,5821325.209,13.59832073,52.45257485,1
5991,216522,car,11,8,8401243.0,2021,10,15,5,3,5,3,0,0,1,0,0,805349.693,5817310.434,13.49126271,52.42057431,0
5992,216523,bike + car,11,3,3400724.0,2021,11,8,3,2,5,2,0,1,1,0,1,800027.0981,5834546.18,13.42875718,52.57800946,1
5993,216524,car,11,12,12500825.0,2021,11,16,5,3,2,6,1,0,1,0,0,792749.2601,5835170.031,13.32221517,52.58756612,0
5994,216525,bike + car,11,9,9200512.0,2021,10,18,4,3,5,2,1,1,1,0,0,808150.6809,5821877.506,13.53653258,52.45993509,0
5995,216527,car,11,4,4200308.0,2021,11,9,6,3,5,3,0,0,1,0,0,790366.531,5827304.099,13.28026355,52.51832536,0
5996,216528,car,11,5,5400943.0,2021,11,12,5,3,2,7,0,0,1,0,0,781159.4003,5819723.019,13.13853782,52.45517324,0
5997,216529,bike,11,9,9501941.0,2021,10,19,7,3,4,6,2,1,0,0,0,812074.8367,5821030.198,13.59331104,52.4501155,0
5998,216530,car,11,1,1100308.0,2021,10,16,1,3,9,1,1,0,1,0,0,797002.835,5828944.464,13.37924659,52.52945577,0
5999,216531,bike + car,11,1,1200629.0,2021,11,12,7,3,5,2,0,1,1,0,0,794497.2645,5827802.455,13.34140687,52.52057782,0
6000,216532,car,11,1,1200623.0,2021,11,9,5,3,5,2,0,0,1,0,1,795039.0507,5829169.897,13.35058208,52.53254301,0
6001,216534,car,11,6,6100207.0,2021,11,10,6,3,5,3,0,0,1,0,1,793966.0498,5819627.911,13.32639121,52.44758348,0
6002,216536,car + pedestrian,11,5,5200629.0,2021,10,15,4,2,6,4,0,0,1,1,0,784569.9591,5828183.936,13.19582126,52.52926985,1
6003,216537,car,11,11,11401137.0,2021,11,18,3,3,3,6,1,0,1,0,0,807109.9719,5825794.035,13.52487018,52.49562162,0
6004,216538,bike + car,11,7,7200307.0,2021,10,21,2,3,5,3,2,1,1,0,1,794530.5715,5824651.844,13.33910891,52.49231657,0
6005,216539,bike,11,12,12400619.0,2021,10,17,3,2,4,6,0,1,0,0,0,789537.3747,5836087.287,13.27574038,52.59750842,1
6006,216541,car + pedestrian,11,9,9301025.0,2021,10,9,7,2,6,4,0,0,1,1,0,808600.2957,5814981.51,13.53676615,52.39787901,1
6007,216542,bike + car,11,6,6100207.0,2021,11,16,5,2,5,3,1,1,1,0,1,794082.2019,5820369.672,13.32874848,52.45417061,1
6008,216543,car + pedestrian,11,3,3601450.0,2021,11,17,3,2,6,7,2,0,1,1,0,801874.3437,5829865.77,13.45167896,52.53503769,1
6009,216545,car,11,11,11200410.0,2021,10,12,2,3,5,2,0,0,1,0,0,805049.0342,5832926.902,13.50115101,52.56070522,0
6010,216547,car + pedestrian,11,1,1100206.0,2021,10,14,6,3,6,2,0,0,1,1,0,797404.4857,5827569.64,13.38392061,52.51691312,0
6011,216548,car + pedestrian,11,4,4500939.0,2021,11,15,2,3,6,4,0,0,1,1,1,792760.1314,5824273.021,13.31277395,52.48987297,0
6012,216549,bike + pedestrian,11,11,11200411.0,2021,11,22,2,2,6,6,2,1,0,1,1,805605.2246,5831213.828,13.50775348,52.54504034,1
6013,216550,bike + car,11,2,2300315.0,2021,11,18,7,3,5,3,2,1,1,0,1,800678.1981,5825795.319,13.43041849,52.4992144,0
6014,216552,car,11,6,6200313.0,2021,11,7,2,3,2,6,0,0,1,0,1,795789.25,5818422.221,13.35207282,52.43579196,0
6015,216553,bike + car,11,6,6100206.0,2021,11,11,7,2,5,7,0,1,1,0,0,794865.5692,5819702.531,13.33965441,52.44776802,1
6016,216554,car + pedestrian,11,8,8100419.0,2021,11,13,2,3,6,4,0,0,1,1,1,802334.9508,5824074.354,13.45318897,52.48287403,0
6017,216555,bike + car,11,1,1100310.0,2021,10,7,3,3,5,3,0,1,1,0,0,799495.5852,5828134.949,13.41515451,52.52083594,0
6018,216556,car,11,9,9501737.0,2021,10,15,5,3,1,5,0,0,1,0,0,813926.3656,5820763.858,13.62021678,52.44666884,0
6019,216560,car + pedestrian,11,4,4400833.0,2021,11,18,2,2,6,2,2,0,1,1,0,791978.8517,5822378.659,13.29964078,52.47330867,1
6020,216562,bike + car,11,9,9200717.0,2021,10,21,1,3,5,2,2,1,1,0,1,809598.3906,5818911.171,13.55502377,52.43253311,0
6021,216563,car,11,8,8200729.0,2021,10,21,6,3,1,7,2,0,1,0,1,801181.2838,5819239.205,13.43188888,52.4401726,0
6022,216564,car,11,1,1100310.0,2021,10,23,5,3,5,3,2,0,1,0,0,799334.9445,5827578.404,13.41229322,52.51593556,0
6023,216565,car + pedestrian,11,5,5100315.0,2021,10,18,4,3,6,4,1,0,1,1,0,784614.052,5830325.818,13.19830424,52.54845094,0
6024,216566,bike + car,11,1,1401049.0,2021,11,9,4,3,5,3,0,1,1,0,1,795963.617,5831986.757,13.36668252,52.55729216,0
6025,216567,car + pedestrian,11,6,6200312.0,2021,11,17,6,2,6,4,1,0,1,1,0,795148.6928,5818816.722,13.34302581,52.43967448,1
6026,216568,bike + car,11,2,2500830.0,2021,10,20,4,3,5,2,2,1,1,0,0,802435.142,5827419.528,13.45769721,52.51280133,0
6027,216572,bike,11,3,3501037.0,2021,10,15,1,3,2,1,0,1,0,0,0,802284.9262,5833102.527,13.46066018,52.5638208,0
6028,216573,car,11,5,5400943.0,2021,10,6,1,2,8,1,2,0,1,0,0,781372.4831,5819763.385,13.14169943,52.45542553,1
6029,216574,bike + car,11,9,9200716.0,2021,10,14,4,2,0,3,0,1,1,0,0,809225.1386,5819304.099,13.54991445,52.43626561,1
6030,216575,bike + pedestrian,11,1,1300834.0,2021,10,15,7,3,6,4,0,1,0,1,0,797694.797,5830704.218,13.39099336,52.5448523,0
6031,216578,car,11,10,10300734.0,2021,11,22,1,3,4,6,2,0,1,0,1,809554.3123,5826626.742,13.56153478,52.50170333,0
6032,216581,bike + car,11,6,6300528.0,2021,10,10,4,3,5,3,0,1,1,0,0,788955.3974,5816391.083,13.25007242,52.42123494,0
6033,216582,bike + car,11,6,6400844.0,2021,11,7,3,3,1,5,0,1,1,0,1,792415.541,5821550.262,13.30532563,52.46564862,0
6034,216583,bike + car,11,3,3300412.0,2021,11,10,5,3,1,5,0,1,1,0,0,802844.9702,5838284.528,13.47363336,52.60995417,0
6035,216584,car,11,4,4100101.0,2021,10,12,3,3,5,2,0,0,1,0,0,793341.673,5829714.923,13.32611175,52.53834505,0
6036,216585,car,11,4,4200311.0,2021,10,7,4,3,5,2,0,0,1,0,0,790479.8249,5826698.569,13.28139989,52.51283641,0
6037,216586,car,11,2,2200209.0,2021,10,5,1,3,9,7,2,0,1,0,0,797739.0156,5824295.407,13.38590851,52.48738095,0
6038,216588,bike + car,11,5,5100209.0,2021,11,20,3,3,5,3,2,1,1,0,1,782816.8934,5830408.905,13.17194199,52.55013197,0
6039,216590,bike,11,5,5400944.0,2021,10,8,7,3,7,7,0,1,0,0,0,781504.2149,5819762.596,13.1436323,52.45535062,0
6040,216591,car,11,1,1200517.0,2021,11,16,2,3,5,3,0,0,1,0,0,794421.3958,5829388.612,13.34169647,52.53483763,0
6041,216592,car,11,11,11300620.0,2021,11,19,3,3,5,2,2,0,1,0,0,803554.9732,5829754.264,13.47627905,52.53310489,0
6042,216593,bike + car,11,9,9200715.0,2021,11,9,2,3,5,3,0,1,1,0,1,809308.7729,5818515.674,13.5504115,52.42915252,0
6043,216594,bike + car,11,4,4501149.0,2021,11,13,7,3,5,2,0,1,1,0,0,793453.1353,5824404.532,13.32306717,52.49067983,0
6044,216595,car,11,5,5300736.0,2021,10,21,4,3,5,2,2,0,1,0,0,785975.4481,5829217.791,13.21737309,52.53780364,0
6045,216596,car,11,5,5100314.0,2021,10,10,2,3,2,6,0,0,1,0,0,785149.549,5829617.599,13.20557215,52.54182107,0
6046,216597,car,11,10,10300734.0,2021,10,12,5,3,5,2,0,0,1,0,0,809581.6716,5824943.404,13.5603724,52.48660223,0
6047,216598,bike + car,11,3,3400724.0,2021,10,12,7,3,2,6,0,1,1,0,0,800002.2602,5834961.477,13.42876759,52.58174554,0