,ObjectID,vehicle_types,State,District,LOR_ab_2021,AccidentYear,AccidentMonth,AccidentHour,DayOfWeek,AccidentCategory,AccidentType,AccidentTypeDetail,LightingCondition,InvolvingBike,InvolvingCar,InvolvingPedestrian,RoadCondition,GraphicCoord1,GraphicCoord2,LongitudeWGS84,LatitudeWGS84,accident_outcome
6048,216599,car,11,6,6400838.0,2021,11,8,2,3,5,3,0,0,1,0,1,788489.0957,5821521.05,13.2476638,52.46747413,0
6049,216600,car + pedestrian,11,7,7601341.0,2021,11,13,5,2,6,4,0,0,1,1,1,798081.6462,5814499.868,13.38220136,52.39938756,1
6050,216603,bike + car,11,1,1100312.0,2021,10,15,2,3,1,5,0,1,1,0,0,799712.4594,5827312.969,13.41760087,52.51334903,0
6051,216604,bike + car,11,3,3400721.0,2021,10,15,5,3,1,5,0,1,1,0,1,798259.97,5833397.704,13.40172322,52.56868647,0
6052,216607,bike + car,11,2,2400623.0,2021,11,11,5,3,5,2,0,1,1,0,0,801068.6989,5827113.233,13.43734543,52.51081187,0
6053,216608,bike + car,11,11,11300722.0,2021,10,7,4,3,5,2,0,1,1,0,0,803886.8349,5827888.421,13.47945155,52.51619707,0
6054,216609,car + pedestrian,11,3,3701659.0,2021,10,9,2,3,6,7,0,0,1,1,0,800042.3022,5829518.599,13.42443664,52.53293753,0
6055,216610,car,11,9,9200613.0,2021,11,19,5,3,2,6,2,0,1,0,0,807677.6918,5820991.536,13.52877662,52.45226137,0
6056,216611,car,11,8,8100314.0,2021,11,22,5,3,5,3,2,0,1,0,1,801071.6524,5823987.328,13.43456352,52.482792,0
6057,216613,car,11,9,9200715.0,2021,10,11,1,3,2,2,0,0,1,0,0,807716.3288,5818115.271,13.52669539,52.42646196,0
6058,216615,bike + car,11,1,1401047.0,2021,11,9,3,3,5,3,0,1,1,0,1,795353.8292,5830378.598,13.35628351,52.54320751,0
6059,216616,bike,11,1,1401043.0,2021,11,18,7,3,0,1,2,1,0,0,0,795831.9193,5830975.652,13.36384461,52.54830015,0
6060,216617,car,11,1,1400942.0,2021,10,15,4,3,5,2,0,0,1,0,0,794495.7058,5830686.308,13.34393914,52.54643041,0
6061,216618,bike + car,11,4,4300517.0,2021,10,15,4,3,5,3,0,1,1,0,0,791712.4075,5828471.092,13.301066,52.52806897,0
6062,216619,bike + car,11,1,1300835.0,2021,11,8,2,3,5,2,0,1,1,0,0,797418.1723,5830530.983,13.38677104,52.54345054,0
6063,216620,bike + car,11,1,1300835.0,2021,10,8,2,3,5,2,0,1,1,0,0,797774.2035,5829746.023,13.39130208,52.53621992,0
6064,216621,car,11,7,7601236.0,2021,10,18,3,3,5,3,2,0,1,0,1,796457.8117,5816468.636,13.36014719,52.41791758,0
6065,216623,car,11,10,10300733.0,2021,10,17,6,3,2,6,0,0,1,0,0,809518.147,5827233.136,13.56156737,52.50715815,0
6066,216625,bike + car,11,5,5300737.0,2021,11,8,4,3,5,3,0,1,1,0,0,787583.068,5829933.474,13.24163029,52.54337407,0
6067,216627,bike + car,11,8,8100209.0,2021,10,15,2,3,5,2,0,1,1,0,0,801719.2083,5822127.913,13.44238844,52.46576829,0
6068,216628,car,11,12,12200307.0,2021,10,17,6,3,5,2,1,0,1,0,1,793432.3554,5833373.918,13.33067929,52.57109706,0
6069,216630,car,11,6,6400843.0,2021,11,9,2,3,5,3,0,0,1,0,1,791207.9823,5819689.265,13.28597725,52.44960959,0
6070,216633,bike + car,11,1,1100313.0,2021,11,19,1,3,5,2,2,1,1,0,1,799969.9895,5826933.14,13.42104211,52.50980291,0
6071,216634,bike + car,11,1,1300730.0,2021,11,8,5,3,0,2,0,1,1,0,0,796220.4654,5832199.576,13.37065005,52.55906021,0
6072,216635,car,11,7,7100205.0,2021,11,16,2,3,2,6,1,0,1,0,1,796333.6392,5825114.651,13.36600035,52.49548936,0
6073,216636,bike + car,11,12,12601235.0,2021,10,7,3,3,5,2,2,1,1,0,0,795280.9343,5836353.89,13.36053154,52.59680995,0
6074,216640,car + pedestrian,11,1,1300835.0,2021,11,17,5,3,6,4,1,0,1,1,1,797173.4126,5830359.55,13.38301909,52.5420474,0
6075,216642,bike + car,11,4,4500937.0,2021,10,12,6,3,1,5,0,1,1,0,0,790908.6126,5825037.954,13.28624956,52.49772046,0
6076,216645,car,11,5,5300840.0,2021,11,20,4,3,2,6,2,0,1,0,0,789333.4062,5828941.123,13.26650475,52.53355077,0
6077,216647,bike,11,9,9100101.0,2021,10,9,5,3,5,3,0,1,0,0,0,801416.4212,5824802.363,13.4403622,52.48990713,0
6078,216648,bike + pedestrian,11,1,1100310.0,2021,10,16,3,3,6,4,0,1,0,1,1,799179.9906,5827748.823,13.41016975,52.51754814,0
6079,216650,car,11,4,4200311.0,2021,11,10,4,3,2,6,0,0,1,0,0,790561.9563,5825417.516,13.28148858,52.50130795,0
6080,216651,car,11,5,5100317.0,2021,10,6,1,3,2,6,0,0,1,0,0,786750.5777,5828206.921,13.22789828,52.52833321,0
6081,216652,bike + car,11,6,6400735.0,2021,10,15,1,3,5,7,0,1,1,0,0,780397.4982,5816677.716,13.12479917,52.42825754,0
6082,216654,bike + car,11,7,7601339.0,2021,10,12,6,3,5,2,0,1,1,0,0,795799.8707,5816024.836,13.3501086,52.41429517,0
6083,216655,car + pedestrian,11,12,12500824.0,2021,11,13,3,2,6,4,0,0,1,1,0,790628.8588,5835888.788,13.29163557,52.59514666,1
6084,216656,bike + pedestrian,11,8,8100208.0,2021,11,17,4,2,0,4,2,1,0,1,0,801148.3834,5822855.622,13.43466805,52.47260589,1
6085,216657,car + pedestrian,11,6,6200313.0,2021,11,18,1,3,6,2,2,0,1,1,1,795364.5635,5818443.486,13.34586255,52.43621209,0
6086,216658,car,11,4,4300517.0,2021,11,13,6,3,3,6,0,0,1,0,1,791461.8762,5828332.68,13.29726208,52.52696213,0
6087,216659,car,11,12,12200309.0,2021,10,0,2,3,1,1,2,0,1,0,1,793335.4812,5832828.357,13.32877151,52.56625864,0
6088,216663,bike + car,11,11,11501238.0,2021,11,9,4,3,5,3,0,1,1,0,0,804409.1663,5825663.873,13.48509138,52.49596802,0
6089,216666,car + pedestrian,11,5,5100315.0,2021,10,11,6,2,2,4,0,0,1,1,0,784681.5205,5829700.833,13.19876085,52.54281209,1
6090,216667,car,11,5,5100105.0,2021,10,15,6,3,2,6,0,0,1,0,0,784751.559,5831112.039,13.20100099,52.55542828,0
6091,216671,car + pedestrian,11,5,5200423.0,2021,10,13,7,3,6,7,0,0,1,1,0,781828.869,5828449.732,13.15574691,52.53307724,0
6092,216672,bike + pedestrian,11,6,6400842.0,2021,11,14,6,3,6,4,0,1,0,1,0,789858.5129,5819874.835,13.26633684,52.45199047,0
6093,216673,bike + car,11,1,1200520.0,2021,11,11,3,3,2,3,0,1,1,0,1,794238.6755,5828867.179,13.3385488,52.53026199,0
6094,216675,car + pedestrian,11,1,1300834.0,2021,11,18,7,3,6,2,2,0,1,1,1,798079.2108,5830005.099,13.39601806,52.53837546,0
6095,216676,bike + car,11,1,1401046.0,2021,10,9,4,3,5,3,0,1,1,0,0,795216.8019,5830200.132,13.35411019,52.54168197,0
6096,216677,car,11,6,6100208.0,2021,10,12,3,3,2,6,0,0,1,0,1,794767.8829,5820678.48,13.33908259,52.45656957,0
6097,216679,bike + car,11,11,11200411.0,2021,10,5,3,3,5,3,2,1,1,0,0,805842.2526,5831854.626,13.51182803,52.55065032,0
6098,216681,car + pedestrian,11,8,8100521.0,2021,10,22,1,3,6,7,2,0,1,1,0,803372.0131,5822551.269,13.46702844,52.46864763,0
6099,216682,car,11,5,5100317.0,2021,11,6,4,3,2,6,1,0,1,0,1,786834.5324,5828205.349,13.2291311,52.52827494,0
6100,216684,bike + car,11,12,12500930.0,2021,11,5,3,3,5,2,2,1,1,0,1,792857.8355,5835156.672,13.32380143,52.58738793,0
6101,216685,car,11,1,1100415.0,2021,10,23,6,2,5,3,2,0,1,0,0,797960.9758,5829307.389,13.3936544,52.53218607,1
6102,216687,car,11,2,2300314.0,2021,10,20,6,3,4,6,2,0,1,0,1,800016.7421,5826277.619,13.42113818,52.50390149,0
6103,216688,bike + car,11,11,11200411.0,2021,10,17,5,2,5,3,0,1,1,0,0,805607.4635,5831775.939,13.50830363,52.55007688,1
6104,216689,bike + car,11,11,11200513.0,2021,11,7,6,3,5,3,1,1,1,0,0,804727.1298,5831202.469,13.49483432,52.54543035,0
6105,216690,car,11,6,6100209.0,2021,10,18,3,3,2,6,1,0,1,0,0,794366.0237,5820851.343,13.33333789,52.45833579,0
6106,216691,car,11,8,8401241.0,2021,11,13,7,3,5,3,0,0,1,0,0,803955.9498,5819035.235,13.47239822,52.43680941,0
6107,216692,bike + car,11,4,4300624.0,2021,11,14,5,3,2,6,0,1,1,0,0,792931.0804,5826747.175,13.31746088,52.51196124,0
6108,216693,bike + car,11,1,1100101.0,2021,11,18,2,3,5,2,2,1,1,0,1,795258.3068,5826614.093,13.35153634,52.50951353,0
6109,216694,car + pedestrian,11,12,12500926.0,2021,10,11,3,3,6,4,0,0,1,1,0,793567.9958,5836121.347,13.33510872,52.5956528,0
6110,216695,car + pedestrian,11,8,8300935.0,2021,10,13,5,3,6,4,0,0,1,1,0,802845.1191,5817477.526,13.45469658,52.42346367,0
6111,216697,bike,11,7,7200307.0,2021,11,16,1,3,0,6,2,1,0,0,1,794950.6772,5824641.212,13.34526929,52.49199442,0
6112,216701,bike + car,11,5,5100104.0,2021,11,18,5,3,5,7,1,1,1,0,1,785216.7949,5831829.623,13.20846131,52.56161857,0
6113,216702,bike + car,11,4,4501041.0,2021,11,11,3,3,2,6,0,1,1,0,0,793014.0169,5825575.151,13.3176479,52.50140992,0
6114,216703,car,11,6,6400838.0,2021,10,18,6,3,1,5,2,0,1,0,0,788216.1962,5818867.424,13.24136702,52.44382681,0
6115,216704,bike + car,11,8,8100104.0,2021,10,21,6,3,3,6,2,1,1,0,1,800900.9467,5822401.95,13.43062699,52.46867582,0
6116,216706,car,11,12,12400722.0,2021,10,7,6,3,2,6,0,0,1,0,0,790586.8428,5837296.152,13.29225239,52.60778586,0
6117,216708,car,11,12,12200309.0,2021,10,17,1,3,2,6,0,0,1,0,0,793501.3947,5832403.154,13.33083615,52.56235753,0
6118,216709,bike,11,3,3400830.0,2021,10,15,2,3,4,6,0,1,0,0,0,800014.8695,5833422.202,13.42756038,52.56794173,0
6119,216710,car + pedestrian,11,2,2500836.0,2021,11,15,1,3,6,4,0,0,1,1,1,803221.9129,5825577.538,13.46757797,52.49585509,0
6120,216715,car,11,1,1100102.0,2021,10,22,7,3,2,6,2,0,1,0,0,796429.7975,5826616.921,13.36874994,52.50890357,0
6121,216716,bike + car,11,11,11400927.0,2021,11,7,3,3,5,3,0,1,1,0,0,803619.6314,5826582.287,13.47433443,52.50463933,0
6122,216718,bike + car,11,3,3501037.0,2021,11,7,2,3,5,2,0,1,1,0,1,802207.9477,5832985.692,13.45942158,52.56281635,0
6123,216719,bike + car,11,9,9200510.0,2021,10,12,6,3,5,2,0,1,1,0,0,806607.2126,5822049.731,13.51404492,52.46234673,0
6124,216721,bike + car,11,1,1100312.0,2021,10,16,4,3,0,1,0,1,1,0,0,799238.2336,5827184.51,13.41051805,52.51245795,0
6125,216722,car,11,1,1100102.0,2021,11,16,4,3,2,6,2,0,1,0,1,795567.9576,5826665.45,13.35613128,52.50980622,0
6126,216723,car,11,3,3601452.0,2021,11,15,6,3,2,6,0,0,1,0,0,802220.5052,5829149.763,13.45611601,52.52842833,0
6127,216724,bike,11,1,1100312.0,2021,10,9,5,3,0,7,0,1,0,0,0,799703.3891,5827271.027,13.41742984,52.51297807,0
6128,216725,bike + car,11,1,1300733.0,2021,10,17,7,3,5,2,0,1,1,0,0,797707.1837,5831731.061,13.39209606,52.55404984,0
6129,216726,bike + car,11,12,12500825.0,2021,11,14,6,3,5,2,0,1,1,0,0,792277.6702,5835009.213,13.31513214,52.58637805,0
6130,216727,car,11,5,5200423.0,2021,11,13,5,3,5,3,0,0,1,0,0,780879.6893,5828331.401,13.14169045,52.5325062,0
6131,216729,car,11,2,2400625.0,2021,10,9,2,3,8,1,0,0,1,0,1,801133.3632,5826596.158,13.43782762,52.50614152,0
6132,216730,bike + car,11,12,12200307.0,2021,10,13,5,3,0,6,0,1,1,0,0,793506.0966,5833965.537,13.3322879,52.57636079,0
6133,216733,bike + car,11,3,3601451.0,2021,11,7,4,3,1,5,0,1,1,0,0,800890.6203,5829942.04,13.4372886,52.53626528,0
6134,216734,car,11,1,1200628.0,2021,11,13,7,3,2,2,0,0,1,0,0,796266.52,5828505.217,13.36803271,52.52591902,0
6135,216738,bike + car,11,6,6300634.0,2021,10,10,4,2,5,2,0,1,1,0,0,791690.8589,5818804.158,13.29228978,52.44141714,1
6136,216740,car,11,4,4100102.0,2021,11,15,4,2,5,3,0,0,1,0,1,791195.9022,5829044.268,13.29397589,52.53348357,1
6137,216741,bike,11,4,4500937.0,2021,10,13,3,3,2,6,0,1,0,0,0,791392.526,5825036.44,13.29335649,52.49744872,0
6138,216744,car + pedestrian,11,3,3100103.0,2021,10,11,6,3,6,4,0,0,1,1,0,803982.8218,5841302.519,13.49316029,52.63636739,0
6139,216746,car + pedestrian,11,1,1300733.0,2021,11,19,5,2,6,2,2,0,1,1,1,797177.2889,5831924.824,13.38447685,52.55607608,1
6140,216747,bike + pedestrian,11,7,7300516.0,2021,11,15,4,3,6,7,0,1,0,1,0,793960.9836,5821818.031,13.32824523,52.46721977,0
6141,216749,car,11,10,10100315.0,2021,10,13,7,3,2,6,0,0,1,0,0,809499.5315,5831431.297,13.56520116,52.54479108,0
6142,216753,bike + car,11,12,12100102.0,2021,11,15,7,3,1,5,0,1,1,0,0,796116.499,5833292.703,13.37009652,52.56891547,0
6143,216755,car,11,11,11501340.0,2021,10,12,1,3,2,6,0,0,1,0,0,807990.2326,5823866.093,13.53601411,52.47784738,0
6144,216756,bike,11,10,10300733.0,2021,10,7,4,3,0,1,0,1,0,0,0,809003.675,5826683.035,13.55350079,52.50251989,0
6145,216757,bike + car,11,3,3501038.0,2021,11,13,2,3,5,3,0,1,1,0,0,803407.2083,5831677.995,13.47586414,52.55042898,0
6146,216759,bike + car,11,2,2400625.0,2021,10,13,3,3,1,5,0,1,1,0,0,801311.1747,5826466.869,13.44032249,52.50488452,0
6147,216760,car,11,2,2100102.0,2021,10,20,5,3,5,3,2,0,1,0,0,798367.4582,5826334.185,13.39696249,52.50531291,0
6148,216762,car + pedestrian,11,11,11400929.0,2021,11,20,4,3,6,4,2,0,1,1,1,805268.8441,5827324.554,13.49923775,52.51037168,0
6149,216765,bike + car,11,1,1100206.0,2021,10,16,6,3,2,2,0,1,1,0,0,797404.9666,5827566.596,13.38392496,52.51688557,0
6150,216766,car,11,10,10200421.0,2021,10,16,7,3,3,6,0,0,1,0,0,812218.0868,5830886.973,13.60464893,52.5383624,0
6151,216767,bike + car,11,4,4501041.0,2021,10,16,6,3,5,7,0,1,1,0,1,792839.9838,5825508.654,13.31503289,52.50090722,0
6152,216769,car + pedestrian,11,8,8301037.0,2021,11,17,7,3,6,2,1,0,1,1,1,804131.1941,5817819.83,13.47386282,52.42581847,0
6153,216770,car,11,9,9200512.0,2021,10,11,2,3,2,6,0,0,1,0,1,808392.5267,5821744.867,13.53995833,52.45860996,0
6154,216771,car,11,9,9200715.0,2021,11,17,1,3,2,6,1,0,1,0,1,807265.8791,5818122.947,13.52009845,52.4267839,0
6155,216772,bike + car,11,2,2200213.0,2021,11,16,5,3,0,3,0,1,1,0,0,800012.4825,5824708.459,13.41966232,52.48983879,0
6156,216775,bike + car,11,2,2300316.0,2021,10,13,5,3,5,2,0,1,1,0,0,801473.0178,5826030.28,13.44230446,52.5008819,0
6157,216776,bike,11,11,11400927.0,2021,10,19,7,3,0,7,2,1,0,0,0,803664.0395,5826382.315,13.47480431,52.50282232,0
6158,216778,car,11,1,1300836.0,2021,11,16,5,3,5,2,2,0,1,0,1,796299.887,5830669.29,13.37045251,52.54529961,0
6159,216779,car + pedestrian,11,8,8100313.0,2021,11,7,2,3,6,2,0,0,1,1,1,801851.45,5824433.236,13.44641562,52.48635823,0
6160,216780,bike,11,10,10300731.0,2021,10,9,6,3,5,7,0,1,0,0,0,809642.9517,5829666.425,13.56566499,52.52889357,0
6161,216781,bike + car,11,7,7400824.0,2021,10,10,2,3,1,5,0,1,1,0,0,797841.6307,5822041.686,13.38540244,52.46712292,0
6162,216783,bike + car,11,3,3601449.0,2021,10,16,5,3,5,2,1,1,1,0,0,801077.4765,5830447.998,13.44049365,52.54069706,0
6163,216784,car,11,10,10400835.0,2021,11,11,4,3,5,3,0,0,1,0,1,812712.8498,5829639.034,13.61074617,52.52689593,0
6164,216786,car,11,9,9301228.0,2021,10,15,4,3,8,1,0,0,1,0,1,818793.2995,5812578.06,13.68379492,52.37050652,0
6165,216788,car + pedestrian,11,2,2300314.0,2021,11,18,6,3,6,2,2,0,1,1,1,799630.0993,5826155.538,13.41534903,52.50301969,0
6166,216789,car,11,10,10200629.0,2021,11,8,5,3,2,6,0,0,1,0,0,810617.9926,5827983.233,13.57842036,52.51325509,0
6167,216790,car,11,8,8401242.0,2021,10,12,7,3,5,3,0,0,1,0,0,804556.4727,5816548.139,13.4789406,52.41418399,0
6168,216791,car,11,12,12200310.0,2021,10,12,1,3,5,2,0,0,1,0,0,792212.2418,5833125.354,13.31250857,52.56952518,0
6169,216793,car + pedestrian,11,7,7200307.0,2021,11,13,4,3,6,7,0,0,1,1,0,794474.1257,5824197.834,13.3378787,52.48827708,0
6170,216794,bike + car,11,8,8100209.0,2021,11,15,7,3,2,3,0,1,1,0,0,801577.8823,5822298.004,13.44046812,52.46737088,0
6171,216795,bike + car,11,7,7300619.0,2021,11,11,7,3,2,2,0,1,1,0,0,795418.4409,5820974.111,13.34889069,52.45886847,0
6172,216796,car + pedestrian,11,6,6200313.0,2021,10,19,1,3,6,2,2,0,1,1,0,795163.1233,5818244.128,13.34273187,52.4345337,0
6173,216797,car,11,1,1100207.0,2021,10,6,4,2,5,2,1,0,1,0,0,798901.676,5827344.785,13.40571738,52.51407912,1
6174,216798,bike + car,11,9,9200819.0,2021,10,22,4,3,5,2,2,1,1,0,0,809791.5175,5820491.161,13.55931983,52.44658336,0
6175,216800,car + pedestrian,11,10,10100101.0,2021,10,9,7,3,6,4,0,0,1,1,0,808662.9431,5833991.614,13.5552844,52.56821043,0
6176,216803,bike + car,11,8,8100103.0,2021,11,18,1,3,1,5,2,1,1,0,1,800677.0196,5822974.958,13.42785691,52.4739352,0
6177,216805,bike,11,12,12500824.0,2021,10,23,5,3,0,1,2,1,0,0,0,791243.2034,5835513.001,13.30034921,52.59144918,0
6178,216806,car + pedestrian,11,9,9100203.0,2021,10,11,5,2,6,7,0,0,1,1,0,803843.108,5823840.784,13.47511683,52.47994351,1
6179,216808,car,11,4,4501040.0,2021,11,22,4,3,3,2,2,0,1,0,0,792715.297,5825462.421,13.31316064,52.50055965,0
6180,216809,bike + car,11,2,2500726.0,2021,10,19,3,3,0,2,1,1,1,0,1,801961.4864,5828236.66,13.45148034,52.52038771,0
6181,216810,bike + car,11,7,7501029.0,2021,10,16,2,3,0,2,0,1,1,0,0,797565.8782,5818730.979,13.37840534,52.43759604,0
6182,216811,car,11,9,9200715.0,2021,11,8,6,3,2,6,0,0,1,0,1,809060.1816,5818759.006,13.54699172,52.43147373,0
6183,216813,bike + car,11,8,8100102.0,2021,11,8,2,3,3,6,0,1,1,0,0,800541.3602,5823354.37,13.42620752,52.47741067,0
6184,216814,car,11,8,8100417.0,2021,10,15,2,3,3,6,0,0,1,0,0,802440.154,5823196.183,13.45393697,52.47494469,0
6185,216818,car,11,1,1401044.0,2021,11,6,7,3,1,7,2,0,1,0,0,796571.6862,5831633.132,13.3753097,52.55379151,0
6186,216819,car,11,4,4500937.0,2021,11,16,6,3,2,6,1,0,1,0,1,791493.582,5825068.611,13.29486905,52.49768317,0
6187,216820,car,11,1,1300835.0,2021,10,19,1,3,8,1,2,0,1,0,1,797884.4212,5829876.09,13.39303887,52.53732558,0
6188,216822,car,11,8,8200726.0,2021,11,10,3,3,5,2,0,0,1,0,1,802369.5057,5819918.144,13.44993079,52.44560238,0
6189,216823,bike + car,11,10,10300734.0,2021,10,17,2,3,5,2,1,1,1,0,0,808798.212,5826345.182,13.55017018,52.49960842,0
6190,216825,car,11,2,2100102.0,2021,10,12,3,3,2,6,0,0,1,0,0,798301.041,5826138.752,13.39581175,52.50359743,0
6191,216826,bike + car,11,2,2300316.0,2021,10,16,6,3,5,3,0,1,1,0,0,800733.9316,5826517.516,13.43188928,52.50565695,0
6192,216827,bike,11,1,1100309.0,2021,10,11,7,3,0,1,0,1,0,0,0,798500.4491,5828387.033,13.40075759,52.52364119,0
6193,216828,bike + car,11,2,2200208.0,2021,11,14,5,3,5,2,0,1,1,0,1,797909.8182,5825272.649,13.38929028,52.4960476,0
6194,216830,car,11,7,7501134.0,2021,10,19,7,3,1,5,2,0,1,0,0,798286.1524,5818960.924,13.38917499,52.4392649,0
6195,216833,bike + car,11,4,4300518.0,2021,11,6,6,3,1,5,1,1,1,0,1,791424.4864,5828733.681,13.29706399,52.53057703,0
6196,216834,bike + car,11,1,1300731.0,2021,11,21,3,3,1,5,2,1,1,0,1,797409.8288,5833146.425,13.38899162,52.56689922,0
6197,216836,car,11,4,4200308.0,2021,11,14,7,3,2,6,0,0,1,0,1,790325.3196,5827297.26,13.27965194,52.51828599,0
6198,216838,car,11,2,2300315.0,2021,11,15,2,3,5,3,0,0,1,0,0,800788.8448,5825815.705,13.43206196,52.49933615,0
6199,216841,bike + car,11,4,4501043.0,2021,10,17,3,3,5,2,0,1,1,0,0,792939.0802,5825266.704,13.31627577,52.49868503,0
6200,216844,car + pedestrian,11,1,1100309.0,2021,11,23,5,3,6,6,2,0,1,1,1,798631.4004,5828439.313,13.40272894,52.5240381,0
6201,216845,car,11,7,7200308.0,2021,11,7,6,3,2,6,0,0,1,0,1,795008.2153,5823325.314,13.3449496,52.48016716,0
6202,216846,car,11,5,5100101.0,2021,11,14,3,2,8,1,0,0,1,0,0,784978.158,5834359.977,13.20712514,52.58443029,1
6203,216848,car,11,5,5200420.0,2021,10,10,7,3,5,3,0,0,1,0,0,782152.6743,5827887.775,13.16003096,52.52787096,0
6204,216849,bike + car,11,3,3701660.0,2021,10,12,6,3,1,7,0,1,1,0,0,800807.3501,5829515.752,13.4356788,52.53249035,0
6205,216851,bike + car,11,1,1100309.0,2021,11,22,6,3,1,5,2,1,1,0,0,798556.2446,5828956.995,13.40208927,52.52871956,0
6206,216852,car,11,3,3500933.0,2021,10,15,5,3,5,2,0,0,1,0,1,802411.9609,5832569.021,13.4620424,52.55896854,0
6207,216853,car,11,5,5300735.0,2021,10,19,3,3,5,2,2,0,1,0,1,786568.6339,5830554.345,13.22724823,52.5494751,0
6208,216855,car,11,11,11100102.0,2021,11,14,5,3,2,6,0,0,1,0,0,807995.9333,5833888.478,13.54537854,52.56766392,0
6209,216856,bike + car,11,10,10100313.0,2021,11,6,2,2,5,2,1,1,1,0,0,808514.3391,5831162.12,13.55046922,52.54293752,1
6210,216857,car,11,1,1100205.0,2021,10,8,2,3,2,6,0,0,1,0,0,796955.6821,5826749.357,13.37659398,52.50980472,0
6211,216859,bike + car,11,3,3601245.0,2021,10,20,7,3,5,2,2,1,1,0,0,800193.0477,5830930.861,13.42792824,52.54551304,0
6212,216860,car,11,8,8301037.0,2021,11,18,2,3,1,5,2,0,1,0,0,804589.9715,5817455.027,13.48025704,52.42229363,0
6213,216861,car,11,7,7501029.0,2021,11,17,4,2,2,6,2,0,1,0,0,797514.6244,5820073.757,13.37884917,52.44966061,1
6214,216862,bike,11,1,1401045.0,2021,11,10,2,3,0,1,0,1,0,0,1,796441.6708,5831935.327,13.37366753,52.55657113,0
6215,216863,car + pedestrian,11,3,3200309.0,2021,11,6,6,3,6,4,1,0,1,1,1,800362.8646,5836347.477,13.43533014,52.59396949,0
6216,216864,car,11,2,2500835.0,2021,10,13,2,3,1,5,0,0,1,0,0,803017.6474,5826053.037,13.4650109,52.50023037,0
6217,216865,bike + car,11,3,3601347.0,2021,10,8,5,3,1,5,0,1,1,0,1,799490.6145,5830409.636,13.41713075,52.54122768,0
6218,216866,bike + car,11,1,1401048.0,2021,10,14,5,3,5,2,0,1,1,0,0,795297.9049,5831409.834,13.35637821,52.55248195,0
6219,216867,car,11,8,8200726.0,2021,11,17,4,3,2,6,1,0,1,0,1,801498.9186,5820450.152,13.43764042,52.45085167,0
6220,216868,car,11,1,1100310.0,2021,11,15,5,3,2,2,0,0,1,0,0,799114.672,5828969.657,13.41030796,52.52852694,0
6221,216869,car + pedestrian,11,5,5100316.0,2021,10,15,4,3,6,4,0,0,1,1,0,785164.232,5829375.472,13.20558023,52.5396425,0
6222,216870,car,11,5,5100101.0,2021,10,5,2,3,1,1,2,0,1,0,1,784923.6398,5832224.094,13.20448715,52.56530885,0
6223,216871,car,11,11,11400931.0,2021,11,12,6,3,5,2,0,0,1,0,0,806695.5862,5826907.301,13.5198106,52.50583195,0
6224,216873,bike + car,11,5,5200630.0,2021,10,13,7,3,5,3,0,1,1,0,0,784504.1331,5827381.094,13.19416659,52.52210589,0
6225,216885,bike + car,11,8,8100311.0,2021,11,19,5,3,5,2,2,1,1,0,1,800648.4708,5824399.048,13.42872195,52.48671554,0
6226,216886,car,11,4,4300412.0,2021,11,19,3,3,2,6,2,0,1,0,0,791334.5556,5827466.973,13.29463226,52.51926922,0
6227,216887,car,11,4,4200310.0,2021,10,20,6,3,5,7,2,0,1,0,0,789287.5368,5826790.634,13.2639597,52.51429547,0
6228,216888,bike + car,11,4,4300620.0,2021,10,19,2,3,5,3,1,1,1,0,1,794161.275,5826991.393,13.33575209,52.51348847,0
6229,216890,bike + car,11,4,4501041.0,2021,10,14,5,3,5,2,0,1,1,0,0,793508.594,5825732.312,13.32505162,52.50255299,0
6230,216892,car + pedestrian,11,4,4501043.0,2021,11,17,7,2,6,2,2,0,1,1,1,792833.3402,5824335.7,13.31390418,52.4903956,1
6231,216893,car,11,7,7400927.0,2021,10,8,3,2,5,7,0,0,1,0,1,798897.2462,5821310.369,13.40024062,52.45999112,1
6232,216896,car,11,7,7501029.0,2021,11,13,2,3,5,3,0,0,1,0,1,797538.7739,5819909.738,13.37905738,52.4481772,0
6233,216897,car + pedestrian,11,1,1300733.0,2021,10,14,3,3,6,7,0,0,1,1,0,797159.69,5831388.356,13.38373783,52.55127689,0
6234,216899,bike + car,11,1,1100206.0,2021,10,23,7,3,5,3,2,1,1,0,0,797882.3012,5828175.552,13.39148401,52.52208359,0
6235,216900,car,11,6,6400842.0,2021,11,17,3,3,1,5,2,0,1,0,0,789943.666,5819779.136,13.26750332,52.45108733,0
6236,216901,car,11,4,4501150.0,2021,11,17,5,3,1,5,2,0,1,0,1,793621.2775,5823945.515,13.3251321,52.48647451,0
6237,216902,car,11,6,6200312.0,2021,11,19,2,3,2,2,2,0,1,0,0,794314.3425,5819252.125,13.3311702,52.44402734,0
6238,216904,bike + car,11,4,4200206.0,2021,10,17,7,2,5,3,1,1,1,0,0,787834.8322,5825830.603,13.24178119,52.50645689,1
6239,216905,bike + pedestrian,11,11,11400931.0,2021,10,19,2,3,6,4,1,1,0,1,1,805678.5726,5827215.643,13.50515629,52.50916616,0