,ObjectID,vehicle_types,State,District,LOR_ab_2021,AccidentYear,AccidentMonth,AccidentHour,DayOfWeek,AccidentCategory,AccidentType,AccidentTypeDetail,LightingCondition,InvolvingBike,InvolvingCar,InvolvingPedestrian,RoadCondition,GraphicCoord1,GraphicCoord2,LongitudeWGS84,LatitudeWGS84,accident_outcome
6240,216906,bike + car,11,4,4300623.0,2021,10,17,3,3,1,5,0,1,1,0,0,791950.7527,5826452.004,13.30279742,52.50984068,0
6241,216908,bike,11,1,1300733.0,2021,10,9,6,3,0,1,0,1,0,0,0,797189.7327,5831917.16,13.384653,52.55600058,0
6242,216910,car,11,6,6200312.0,2021,11,7,5,3,2,6,2,0,1,0,1,794288.5111,5819314.779,13.33084643,52.44460291,0
6243,216911,car,11,6,6200422.0,2021,11,1,3,2,8,1,2,0,1,0,1,794118.6358,5817425.461,13.32669191,52.42775726,1
6244,216912,car,11,5,5300737.0,2021,10,14,6,3,2,6,0,0,1,0,0,787356.2466,5830054.244,13.23839928,52.54457651,0
6245,216914,car + pedestrian,11,1,1100205.0,2021,10,17,6,3,6,4,1,0,1,1,1,797013.8682,5826727.899,13.37742967,52.50958069,0
6246,216916,car + pedestrian,11,10,10400938.0,2021,11,16,6,3,6,7,1,0,1,1,0,813416.0678,5829584.877,13.62102702,52.52600686,0
6247,216917,car + pedestrian,11,9,9401330.0,2021,11,12,4,3,6,2,0,0,1,1,0,811900.2127,5817887.213,13.58781749,52.42204947,0
6248,216918,car,11,1,1100207.0,2021,11,10,1,3,5,3,0,0,1,0,0,798024.3327,5826692.031,13.39224245,52.50870809,0
6249,216919,car + pedestrian,11,7,7601340.0,2021,11,17,7,3,6,4,2,0,1,1,1,795825.4139,5816018.405,13.35047739,52.41422371,0
6250,216921,bike + car,11,1,1100309.0,2021,10,8,4,3,5,3,0,1,1,0,0,797948.6778,5828786.066,13.39300642,52.5275198,0
6251,216923,car + pedestrian,11,2,2300315.0,2021,11,22,1,2,6,2,2,0,1,1,0,800588.5588,5825975.064,13.4292642,52.5008749,1
6252,216924,car + pedestrian,11,4,4300624.0,2021,11,8,6,3,6,4,0,0,1,1,1,792862.9297,5826217.874,13.31599379,52.50725282,0
6253,216925,bike + car,11,4,4501153.0,2021,11,17,3,3,5,2,2,1,1,0,0,793883.9112,5823108.59,13.32825099,52.47883054,0
6254,216926,car,11,2,2200212.0,2021,10,14,3,3,2,6,0,0,1,0,0,799623.8838,5824499.909,13.41376861,52.48818286,0
6255,216928,bike + car,11,7,7400822.0,2021,10,3,1,3,5,3,2,1,1,0,0,796418.1847,5820706.298,13.363324,52.45592642,0
6256,216929,car,11,4,4300619.0,2021,11,12,3,3,2,6,0,0,1,0,0,791833.2122,5827445.502,13.30194174,52.5188101,0
6257,216930,car + pedestrian,11,10,10100210.0,2021,11,16,5,2,6,4,2,0,1,1,1,808860.977,5831777.699,13.55613683,52.54825778,1
6258,216933,car,11,11,11200513.0,2021,10,8,7,3,5,3,0,0,1,0,1,804488.497,5830804.369,13.49096126,52.5419958,0
6259,216935,car,11,1,1200627.0,2021,10,22,5,3,3,6,2,0,1,0,0,795510.8513,5828358.126,13.35679578,52.5250106,0
6260,216936,car + pedestrian,11,10,10200629.0,2021,11,15,4,3,6,2,1,0,1,1,1,811027.0006,5828904.114,13.5852889,52.52127439,0
6261,216939,bike + car,11,11,11300722.0,2021,10,17,3,3,5,2,0,1,1,0,0,804253.6095,5827663.143,13.48463403,52.51397351,0
6262,216940,car + pedestrian,11,6,6200317.0,2021,11,11,7,2,6,4,0,0,1,1,0,796244.3686,5817025.442,13.35751082,52.42302453,1
6263,216942,car,11,9,9502043.0,2021,11,9,2,3,5,3,0,0,1,0,0,809221.3936,5823026.352,13.55330587,52.46962613,0
6264,216944,car,11,3,3400724.0,2021,10,16,4,3,2,6,1,0,1,0,0,800004.8158,5834937.114,13.42878314,52.58152576,0
6265,216945,bike + car,11,2,2100106.0,2021,10,19,7,3,5,2,2,1,1,0,0,798578.3304,5825563.167,13.39936879,52.4982864,0
6266,216946,bike + car,11,6,6100101.0,2021,11,16,2,3,1,5,1,1,1,0,0,793230.167,5820597.14,13.3164454,52.45666755,0
6267,216947,car,11,8,8100103.0,2021,11,12,5,3,2,6,0,0,1,0,1,800688.7622,5822945.878,13.42800306,52.47366808,0
6268,216948,car,11,4,4200311.0,2021,11,18,1,2,5,2,2,0,1,0,1,790449.35,5825976.206,13.28032171,52.5063766,1
6269,216952,car,11,9,9401329.0,2021,10,10,5,3,2,6,0,0,1,0,0,812399.5438,5819581.993,13.59671971,52.43695222,0
6270,216954,car,11,10,10100315.0,2021,11,17,4,2,2,7,2,0,1,0,0,809783.0025,5830680.889,13.56866832,52.53790517,1
6271,216956,car,11,6,6400838.0,2021,10,18,7,3,2,6,0,0,1,0,0,788442.5045,5821531.317,13.24698873,52.46759078,0
6272,216958,bike + car,11,1,1200624.0,2021,11,18,4,3,5,2,2,1,1,0,0,795668.8498,5829732.424,13.36034021,52.5372443,0
6273,216959,car,11,4,4501041.0,2021,10,13,7,3,5,7,0,0,1,0,0,793140.1744,5825596.609,13.31952001,52.50153453,0
6274,216962,car,11,8,8100314.0,2021,11,19,3,3,2,6,2,0,1,0,0,800343.4956,5824377.491,13.42422462,52.48669018,0
6275,216964,bike + car,11,9,9100101.0,2021,10,15,4,3,1,5,0,1,1,0,0,801668.9235,5824894.733,13.44415345,52.49059558,0
6276,216966,car,11,5,5100104.0,2021,11,9,1,3,5,3,0,0,1,0,1,785763.6115,5831744.42,13.21643265,52.56056795,0
6277,216969,bike + car,11,1,1100416.0,2021,10,7,3,3,5,3,0,1,1,0,0,798590.4818,5829516.136,13.40309469,52.53371271,0
6278,216970,bike + car,11,2,2300315.0,2021,10,12,6,3,5,2,0,1,1,0,0,800461.8925,5825774.294,13.42722266,52.49914508,0
6279,216971,bike + car,11,10,10200421.0,2021,11,15,5,3,5,2,0,1,1,0,0,812063.1643,5830615.118,13.60211684,52.536015,0
6280,216972,bike + car,11,1,1200519.0,2021,11,12,4,3,0,5,0,1,1,0,1,793857.2091,5829136.377,13.33317954,52.53288097,0
6281,216974,bike + car,11,9,9501737.0,2021,10,16,2,3,5,3,0,1,1,0,0,815033.2326,5821296.513,13.6369516,52.45080528,0
6282,216977,car,11,1,1100311.0,2021,11,14,1,3,1,7,0,0,1,0,1,799882.9852,5827832.076,13.42057406,52.51790827,0
6283,216978,car,11,12,12601235.0,2021,11,2,7,3,2,7,2,0,1,0,0,794432.4646,5836240.152,13.34794001,52.59625044,0
6284,216979,bike + car,11,10,10400836.0,2021,10,11,2,3,5,3,0,1,1,0,0,811155.1,5827124.658,13.58550709,52.50525497,0
6285,216981,bike + car,11,1,1100205.0,2021,11,19,1,3,5,2,2,1,1,0,1,796952.633,5826789.541,13.37658503,52.51016658,0
6286,216982,bike + car,11,8,8300934.0,2021,11,20,6,3,0,2,2,1,1,0,0,803155.4197,5818426.131,13.46010575,52.43179426,0
6287,216986,car + pedestrian,11,9,9200715.0,2021,10,12,2,3,6,2,0,0,1,1,1,808176.9043,5818868.989,13.53414227,52.43295769,0
6288,216990,car,11,12,12500928.0,2021,10,8,6,3,2,6,0,0,1,0,0,791769.4669,5836885.957,13.30930566,52.60347515,0
6289,216991,car + pedestrian,11,2,2500833.0,2021,10,22,1,2,6,2,2,0,1,1,0,802996.8814,5826892.541,13.46546986,52.50776627,1
6290,216992,car,11,3,3400828.0,2021,10,16,6,3,5,3,0,0,1,0,1,800125.1321,5831772.903,13.42769074,52.5530979,0
6291,216994,car + pedestrian,11,4,4501042.0,2021,11,16,3,3,6,4,2,0,1,1,1,793521.7789,5825707.235,13.3252232,52.5023211,0
6292,216995,bike,11,9,9100407.0,2021,11,10,6,2,0,7,0,1,0,0,0,805933.7771,5820317.184,13.50257624,52.44719625,1
6293,216997,car + pedestrian,11,8,8100102.0,2021,10,23,7,3,6,7,2,0,1,1,0,800406.933,5823337.386,13.42421887,52.4773324,0
6294,216998,car,11,8,8200623.0,2021,11,13,7,3,3,6,0,0,1,0,0,801995.5496,5820644.831,13.44510229,52.45232249,0
6295,216999,bike + car,11,4,4300621.0,2021,11,10,4,3,1,5,0,1,1,0,0,792086.9019,5826762.902,13.3050707,52.51255492,0
6296,217001,bike + car,11,2,2100106.0,2021,10,17,1,3,5,2,0,1,1,0,0,799071.9435,5825610.953,13.40666144,52.49844446,0
6297,217002,bike + car,11,3,3501038.0,2021,10,20,4,3,5,7,2,1,1,0,0,803004.6805,5832010.834,13.47024945,52.55363618,0
6298,217003,car,11,6,6400735.0,2021,10,10,7,2,5,3,0,0,1,0,0,782949.4337,5815892.095,13.16156795,52.41989932,1
6299,217004,car,11,8,8401242.0,2021,11,21,7,3,5,3,2,0,1,0,0,804819.2133,5816776.748,13.48299994,52.41608672,0
6300,217005,bike + car,11,10,10100208.0,2021,11,19,4,3,2,7,2,1,1,0,1,809066.3797,5832252.283,13.55959809,52.55239434,0
6301,217006,bike + car,11,12,12500824.0,2021,11,15,7,3,5,2,0,1,1,0,1,790208.55,5835827.334,13.28539402,52.59482019,0
6302,217007,car + pedestrian,11,8,8200832.0,2021,11,10,6,2,6,4,0,0,1,1,1,801533.9182,5817359.897,13.43536634,52.42313341,1
6303,217008,bike,11,4,4400729.0,2021,10,17,4,3,0,1,0,1,0,0,0,789341.7147,5822872.843,13.26135261,52.47914255,0
6304,217010,car,11,11,11501341.0,2021,11,18,3,3,0,7,2,0,1,0,1,806453.2558,5824373.678,13.51392086,52.48326108,0
6305,217011,car,11,11,11300620.0,2021,11,18,4,3,5,2,2,0,1,0,0,803730.4885,5829786.211,13.47888783,52.53329345,0
6306,217014,bike + car,11,1,1300834.0,2021,10,9,5,3,0,2,0,1,1,0,0,798351.5399,5830138.989,13.40014167,52.53942658,0
6307,217015,bike + car,11,9,9501737.0,2021,11,7,4,3,1,5,0,1,1,0,1,815059.2731,5821052.942,13.6371038,52.44860768,0
6308,217016,car + pedestrian,11,8,8100418.0,2021,11,14,6,3,6,4,0,0,1,1,0,802068.4145,5823584.307,13.44883197,52.4786292,0
6309,217017,bike + car,11,8,8100417.0,2021,10,13,5,2,5,3,0,1,1,0,1,802074.3311,5822683.037,13.44810258,52.47054774,1
6310,217018,bike + car,11,11,11200513.0,2021,10,17,2,3,5,2,0,1,1,0,0,803853.4647,5830396.553,13.48125326,52.53869518,0
6311,217019,car + pedestrian,11,5,5200525.0,2021,11,14,6,2,6,4,0,0,1,1,1,781207.2309,5827399.412,13.14571815,52.52398053,1
6312,217022,bike + car,11,11,11300722.0,2021,10,14,2,3,5,2,0,1,1,0,0,803738.6371,5828638.533,13.47795918,52.52300265,0
6313,217023,bike + car,11,1,1100310.0,2021,10,15,4,3,0,2,0,1,1,0,0,799492.8929,5828852.927,13.41576152,52.52727298,0
6314,217026,bike + car,11,3,3400620.0,2021,11,6,5,3,5,3,2,1,1,0,0,797411.7617,5833971.81,13.38976021,52.57429667,0
6315,217027,bike + car,11,10,10400941.0,2021,11,12,2,2,5,3,0,1,1,0,1,812566.4968,5824277.355,13.60356326,52.47893317,1
6316,217028,bike + car,11,3,3500934.0,2021,11,18,6,3,1,5,1,1,1,0,0,800511.3184,5831788.055,13.43338326,52.55302078,0
6317,217031,bike + car,11,7,7501133.0,2021,11,8,3,3,0,2,0,1,1,0,1,797908.8313,5818355.008,13.3831005,52.43403915,0
6318,217032,car,11,7,7200413.0,2021,11,14,5,3,5,7,0,0,1,0,1,796117.9697,5823308.023,13.36122763,52.47941153,0
6319,217033,car,11,8,8200831.0,2021,10,14,3,3,0,5,0,0,1,0,0,799693.3955,5817627.063,13.40862008,52.4265393,0
6320,217034,bike + car,11,3,3400619.0,2021,10,7,4,3,0,2,0,1,1,0,1,795367.463,5835565.85,13.36110256,52.58969898,0
6321,217035,bike + car,11,1,1200628.0,2021,10,19,7,3,1,5,2,1,1,0,0,796297.4808,5828240.272,13.36825168,52.52352723,0
6322,217036,bike + car,11,1,1100308.0,2021,11,8,5,3,2,6,0,1,1,0,1,796934.616,5828135.29,13.37752135,52.52223958,0
6323,217037,bike + car,11,9,9200819.0,2021,11,17,3,3,5,2,1,1,1,0,0,810495.4327,5820304.004,13.56946997,52.44450685,0
6324,217038,car,11,7,7400721.0,2021,10,0,7,2,2,1,2,0,1,0,0,797797.6938,5823274.496,13.38585817,52.47819764,1
6325,217040,car,11,6,6200313.0,2021,11,9,2,3,2,6,0,0,1,0,0,795469.4084,5818365.714,13.34733163,52.43545828,0
6326,217042,bike + car,11,1,1100309.0,2021,11,10,2,3,5,3,0,1,1,0,1,798245.6345,5828939.305,13.39750825,52.52873101,0
6327,217043,bike,11,2,2500833.0,2021,11,10,1,3,0,1,0,1,0,0,1,802390.8684,5827079.315,13.45673769,52.50977655,0
6328,217044,car,11,2,2400625.0,2021,10,17,4,3,2,6,0,0,1,0,0,801750.9847,5826253.041,13.44658885,52.5027249,0
6329,217045,car,11,6,6100103.0,2021,10,12,3,3,5,2,0,0,1,0,1,793585.0137,5821271.931,13.32224619,52.46252633,0
6330,217046,car,11,8,8401244.0,2021,11,0,3,2,9,1,2,0,1,0,0,806411.4734,5816143.258,13.50575919,52.40952007,1
6331,217047,bike + car,11,4,4300619.0,2021,10,16,2,3,5,2,0,1,1,0,0,792763.989,5827029.207,13.31525387,52.51457927,0
6332,217048,car,11,5,5200629.0,2021,10,23,3,2,5,3,2,0,1,0,0,784025.5502,5828512.591,13.1880984,52.53250055,1
6333,217052,car,11,1,1400937.0,2021,11,7,6,3,5,3,0,0,1,0,1,793793.9944,5832188.293,13.33495002,52.56027363,0
6334,217055,car,11,12,12100205.0,2021,10,14,6,3,5,3,0,0,1,0,1,794799.112,5834244.398,13.35156167,52.57816165,0
6335,217056,car + pedestrian,11,1,1100309.0,2021,10,18,6,3,6,2,2,0,1,1,1,798524.3901,5829056.4,13.40171035,52.52962803,0
6336,217057,bike + car,11,9,9501939.0,2021,10,19,5,3,1,5,2,1,1,0,0,810710.8401,5821398.156,13.5736468,52.45418988,0
6337,217058,bike + car,11,9,9200510.0,2021,11,17,7,3,5,3,2,1,1,0,1,806410.9663,5822970.362,13.51201073,52.47070783,0
6338,217059,car,11,10,10300732.0,2021,10,12,2,3,9,1,0,0,1,0,0,809840.4873,5830081.694,13.5689546,52.53250279,0
6339,217061,car,11,1,1100310.0,2021,11,9,5,3,2,6,0,0,1,0,0,799730.7981,5828690.692,13.41911166,52.52568806,0
6340,217062,bike,11,11,11200514.0,2021,11,8,2,3,2,6,0,1,0,0,0,803500.043,5830163.722,13.47584562,52.53680533,0
6341,217063,car,11,7,7400721.0,2021,10,13,2,3,2,6,0,0,1,0,0,798360.866,5823947.956,13.39472856,52.483927,0
6342,217064,bike + car,11,3,3400828.0,2021,10,10,5,3,1,5,0,1,1,0,0,799945.4728,5832575.008,13.42577367,52.56038635,0
6343,217066,car + pedestrian,11,9,9301025.0,2021,11,9,3,3,6,7,0,0,1,1,0,810375.7395,5814095.747,13.5619573,52.3889378,0
6344,217068,car + pedestrian,11,6,6300633.0,2021,11,8,2,3,6,2,0,0,1,1,1,793275.3272,5819097.035,13.31579097,52.44319527,0
6345,217070,bike,11,11,11300723.0,2021,10,18,5,2,0,1,0,1,0,0,1,805207.4482,5828548.621,13.49945868,52.52137667,1
6346,217071,bike + car,11,10,10400835.0,2021,10,12,5,3,5,3,0,1,1,0,0,812828.5734,5828985.475,13.61183172,52.520973,0
6347,217072,car + pedestrian,11,8,8100312.0,2021,11,15,3,3,6,2,0,0,1,1,0,801100.6809,5824355.235,13.43532201,52.48607363,0
6348,217073,car,11,2,2100102.0,2021,11,12,6,3,5,3,0,0,1,0,0,798213.1783,5826240.744,13.39461248,52.50455968,0
6349,217074,bike + car,11,9,9301227.0,2021,10,18,4,3,5,3,2,1,1,0,1,815060.8409,5815053.335,13.63147753,52.39484495,0
6350,217075,bike,11,3,3601348.0,2021,10,15,1,3,5,7,0,1,0,0,0,799907.4955,5830645.501,13.42347227,52.54311252,0
6351,217076,car + pedestrian,11,1,1100206.0,2021,11,21,6,3,6,2,2,0,1,1,0,797897.3474,5827372.244,13.39098579,52.51487471,0
6352,217077,car,11,4,4100102.0,2021,11,13,4,3,5,2,0,0,1,0,0,791429.789,5829183.339,13.29753619,52.53460531,0
6353,217078,car,11,10,10200420.0,2021,10,14,1,3,5,2,0,0,1,0,0,812011.184,5830586.154,13.60132576,52.53578521,0
6354,217080,bike + car,11,7,7300618.0,2021,10,14,4,3,5,3,0,1,1,0,0,794418.6757,5822074.367,13.33518949,52.46927124,0
6355,217081,bike + car,11,12,12200309.0,2021,11,23,2,3,5,3,2,1,1,0,0,793231.5531,5832405.496,13.32686885,52.56252391,0
6356,217084,car,11,1,1200626.0,2021,11,15,6,2,5,3,0,0,1,0,0,795322.1997,5828222.514,13.35390274,52.52389717,1
6357,217090,bike + car,11,10,10200524.0,2021,10,8,2,3,5,3,0,1,1,0,0,813719.8281,5829973.3,13.62585628,52.52931276,0
6358,217091,car + pedestrian,11,10,10300732.0,2021,10,16,6,3,6,6,2,0,1,1,0,810282.8031,5829976.414,13.5753562,52.53130774,0
6359,217092,bike + car,11,4,4501040.0,2021,10,11,7,3,5,7,0,1,1,0,0,792286.4812,5825909.342,13.30725375,52.50479605,0
6360,217093,car,11,1,1100313.0,2021,11,17,5,3,5,3,1,0,1,0,1,799772.2893,5826562.447,13.41780394,52.50658889,0
6361,217095,car,11,4,4300412.0,2021,10,12,7,3,2,6,0,0,1,0,0,791656.4528,5827566.553,13.29945023,52.51998987,0
6362,217097,bike + car + pedestrian,11,8,8100310.0,2021,10,15,6,3,6,7,0,1,1,1,0,800793.0149,5825040.604,13.43142333,52.49238639,0
6363,217098,car + pedestrian,11,7,7100206.0,2021,11,17,6,3,6,7,2,0,1,1,0,796025.1551,5824631.99,13.36104079,52.49133012,0
6364,217100,car + pedestrian,11,10,10300731.0,2021,11,16,2,3,6,2,1,0,1,1,1,809154.9324,5829964.521,13.55877115,52.53184197,0
6365,217101,car + pedestrian,11,6,6400838.0,2021,11,19,7,3,6,2,2,0,1,1,1,788156.5465,5818728.365,13.24037191,52.44261149,0
6366,217104,car + pedestrian,11,4,4400835.0,2021,11,17,6,3,6,7,1,0,1,1,0,792854.7291,5821890.591,13.31207075,52.46846437,0
6367,217106,bike,11,2,2500727.0,2021,10,14,3,3,0,1,0,1,0,0,0,802201.069,5828112.967,13.45488828,52.51914635,0
6368,217109,bike + car,11,1,1100416.0,2021,11,8,3,3,5,7,0,1,1,0,0,798708.6987,5830059.937,13.40532113,52.53852233,0
6369,217110,bike + car,11,4,4501043.0,2021,11,19,5,3,5,2,2,1,1,0,1,792836.033,5824337.245,13.31394509,52.49040801,0
6370,217112,bike + car,11,3,3400619.0,2021,10,16,6,3,5,3,0,1,1,0,0,795956.8804,5835567.551,13.36977934,52.58939386,0
6371,217113,bike,11,2,2200209.0,2021,10,8,7,3,5,3,0,1,0,0,1,797742.0047,5824596.285,13.38622122,52.49007634,0
6372,217114,car + pedestrian,11,1,1300733.0,2021,10,18,6,3,6,2,1,0,1,1,1,797152.8273,5831919.828,13.38411262,52.55604464,0
6373,217115,bike + car,11,1,1400938.0,2021,10,8,6,2,5,3,0,1,1,0,0,793880.8666,5830059.636,13.33434381,52.54114469,1
6374,217116,bike + car,11,9,9301227.0,2021,10,15,6,3,1,5,0,1,1,0,0,815736.0737,5814531.681,13.64087694,52.38978173,0
6375,217117,car,11,12,12200412.0,2021,10,17,6,3,5,2,0,0,1,0,0,791167.2706,5834021.577,13.29792098,52.57811959,0
6376,217118,car,11,5,5200423.0,2021,11,10,5,2,5,3,0,0,1,0,0,780879.6077,5828331.389,13.14168924,52.53250614,1
6377,217119,bike + car,11,3,3601245.0,2021,11,9,4,3,5,3,0,1,1,0,0,800972.2937,5831228.348,13.43965445,52.54774954,0
6378,217120,bike + car,11,7,7501135.0,2021,10,1,1,3,1,5,2,1,1,0,0,798605.0041,5817011.761,13.3921113,52.42161887,0
6379,217122,car,11,5,5200629.0,2021,11,12,6,3,5,2,0,0,1,0,1,784521.2176,5828650.38,13.19550394,52.53347744,0
6380,217124,car,11,7,7400720.0,2021,11,13,2,3,5,3,0,0,1,0,0,796526.4571,5822786.951,13.36676155,52.47451894,0
6381,217125,car,11,10,10300733.0,2021,11,18,7,3,5,2,2,0,1,0,1,809513.7086,5827233.118,13.56150217,52.50716052,0
6382,217126,bike + car,11,5,5100105.0,2021,10,7,4,3,2,3,0,1,1,0,1,784556.2455,5831108.326,13.19812472,52.55549708,0
6383,217127,car,11,3,3200205.0,2021,11,6,2,3,5,3,2,0,1,0,0,798161.9748,5836391.452,13.40297487,52.5955747,0
6384,217128,car + pedestrian,11,12,12500824.0,2021,10,13,4,2,6,4,0,0,1,1,0,791080.4716,5835474.838,13.29792022,52.59119417,1
6385,217129,bike + car,11,2,2400521.0,2021,10,11,3,3,3,6,0,1,1,0,0,800732.6699,5828441.542,13.43360957,52.52290318,0
6386,217130,car,11,11,11300722.0,2021,10,16,1,3,5,2,0,0,1,0,0,803885.3294,5827895.012,13.47943545,52.51625698,0
6387,217132,bike + car,11,3,3601243.0,2021,11,8,6,3,5,2,0,1,1,0,1,799498.024,5831776.17,13.41847201,52.55347237,0
6388,217133,bike + pedestrian,11,4,4501045.0,2021,11,19,2,3,6,4,2,1,0,1,1,793660.5533,5825394.14,13.3269857,52.49943968,0
6389,217134,car,11,8,8100418.0,2021,10,17,6,3,5,3,2,0,1,0,0,801660.6212,5823963.219,13.44318847,52.48225085,0
6390,217135,car + pedestrian,11,4,4300416.0,2021,10,20,7,3,6,7,0,0,1,1,0,791749.1247,5826019.323,13.29945567,52.50606963,0
6391,217140,car,11,4,4501148.0,2021,11,16,7,3,5,2,2,0,1,0,1,793339.8174,5823068.434,13.32022715,52.47876309,0
6392,217142,bike + car,11,10,10400940.0,2021,11,16,2,3,5,2,2,1,1,0,1,812434.6437,5824757.683,13.60207818,52.48331294,0
6393,217143,car,11,8,8200832.0,2021,10,14,3,3,2,6,0,0,1,0,1,801036.4509,5817379.615,13.42809041,52.42358404,0
6394,217146,bike + car,11,10,10400941.0,2021,11,15,3,3,5,3,0,1,1,0,0,812398.3351,5824300.767,13.60111714,52.47923918,0
6395,217148,bike + car,11,2,2100102.0,2021,11,19,2,3,5,3,2,1,1,0,0,798335.2046,5825631.103,13.39585879,52.49902832,0
6396,217152,bike + car,11,4,4200308.0,2021,11,15,3,3,5,3,0,1,1,0,1,790112.0989,5826844.859,13.2761239,52.51434363,0
6397,217153,car + pedestrian,11,5,5100313.0,2021,11,16,5,3,6,2,2,0,1,1,0,785404.0197,5830308.455,13.20990788,52.54788194,0
6398,217155,bike + car,11,8,8401244.0,2021,10,23,1,3,1,5,2,1,1,0,0,806025.1955,5815815.08,13.4997981,52.40679479,0
6399,217156,bike,11,6,6200316.0,2021,11,10,6,2,4,6,0,1,0,0,1,796281.8255,5818009.698,13.35893197,52.4318274,1
6400,217157,bike,11,1,1100310.0,2021,11,11,4,3,0,1,0,1,0,0,0,798585.9528,5828098.874,13.40175543,52.52101142,0
6401,217158,bike + car,11,11,11300723.0,2021,11,12,2,3,0,2,0,1,1,0,1,804348.1409,5828422.456,13.48671735,52.52072618,0
6402,217159,bike + car,11,6,6400839.0,2021,10,10,2,2,5,2,0,1,1,0,0,788218.6532,5818683.097,13.24124407,52.44217291,1
6403,217160,bike + car,11,8,8100415.0,2021,10,14,4,3,5,3,0,1,1,0,0,801499.7848,5823646.866,13.44054116,52.47950414,0
6404,217161,bike + car,11,1,1100308.0,2021,11,15,7,3,1,5,0,1,1,0,0,797087.2695,5828994.557,13.38053237,52.52985879,0
6405,217162,bike + car,11,1,1300834.0,2021,11,8,4,3,5,2,0,1,1,0,0,798070.104,5829987.907,13.39586876,52.53822634,0
6406,217163,car,11,4,4200309.0,2021,11,15,7,3,5,3,0,0,1,0,0,788997.4516,5826983.433,13.2598643,52.51617776,0
6407,217165,bike + car,11,7,7601340.0,2021,10,16,4,2,5,2,0,1,1,0,0,796157.5259,5815930.839,13.35526872,52.41325916,1
6408,217167,car,11,8,8100209.0,2021,11,10,3,2,8,1,0,0,1,0,1,801810.3259,5821967.497,13.44358056,52.46428013,1
6409,217168,car,11,5,5100208.0,2021,10,14,2,3,5,2,0,0,1,0,0,781547.642,5830703.526,13.15352222,52.55343124,0
6410,217169,bike + car,11,4,4501149.0,2021,10,18,3,3,3,6,2,1,1,0,1,793664.751,5824474.311,13.32623648,52.49119157,0
6411,217170,car,11,10,10100312.0,2021,10,7,3,3,5,3,0,0,1,0,0,807842.4558,5829078.327,13.53866315,52.52464275,0
6412,217171,bike + car,11,2,2300419.0,2021,10,18,6,3,1,5,2,1,1,0,0,801297.5236,5825870.992,13.43958283,52.4995511,0
6413,217173,car,11,12,12500927.0,2021,11,7,5,3,5,2,0,0,1,0,1,792761.833,5836307.458,13.32340559,52.59775576,0
6414,217174,bike + car,11,10,10400941.0,2021,11,12,3,2,5,3,0,1,1,0,0,812497.1962,5823775.403,13.60207584,52.47447473,1
6415,217175,car,11,9,9300920.0,2021,10,23,6,3,5,3,2,0,1,0,0,808499.3399,5816658.178,13.53683149,52.41296244,0
6416,217177,bike + car,11,5,5200423.0,2021,10,17,6,3,5,3,0,1,1,0,0,781306.3797,5828364.29,13.14799212,52.53258105,0
6417,217178,car,11,3,3500933.0,2021,11,9,6,3,5,3,0,0,1,0,1,801981.0942,5832211.342,13.45538052,52.55600179,0
6418,217179,bike,11,3,3701556.0,2021,11,18,3,3,3,6,2,1,0,0,0,799786.8672,5829563.365,13.42072255,52.53347934,0
6419,217180,bike,11,1,1100309.0,2021,11,16,2,2,0,1,2,1,0,0,1,797655.0577,5828602.989,13.38852716,52.52603913,1
6420,217181,car + pedestrian,11,12,12100205.0,2021,11,16,7,2,6,2,2,0,1,1,1,794843.1684,5833042.787,13.35114157,52.56736638,1
6421,217182,car,11,1,1300733.0,2021,10,0,1,3,2,6,2,0,1,0,0,797140.3884,5831389.753,13.38345525,52.55129994,0
6422,217183,car + pedestrian,11,4,4400830.0,2021,10,10,3,3,6,4,0,0,1,1,1,791657.7575,5822982.898,13.29545527,52.4788972,0
6423,217185,car,11,2,2200209.0,2021,11,16,6,3,2,6,1,0,1,0,0,797152.0377,5824493.538,13.37746601,52.48947678,0
6424,217186,car,11,9,9501939.0,2021,11,15,3,3,2,6,0,0,1,0,0,809733.7822,5821530.043,13.55943641,52.45592631,0
6425,217190,bike + car,11,2,2200210.0,2021,11,19,4,3,5,2,1,1,1,0,0,798694.6944,5824675.867,13.40028232,52.49026926,0
6426,217192,bike,11,5,5300839.0,2021,11,18,2,2,0,1,2,1,0,0,0,789057.575,5829677.534,13.26309017,52.54029923,1
6427,217194,bike + car,11,11,11300618.0,2021,10,12,7,3,5,2,0,1,1,0,0,802437.235,5828898.674,13.45907271,52.52605765,0
6428,217195,car,11,12,12100205.0,2021,10,12,4,2,2,6,0,0,1,0,0,795744.1882,5834129.213,13.36536533,52.57661633,1
6429,217197,car + pedestrian,11,10,10400940.0,2021,11,16,7,3,6,4,2,0,1,1,1,812376.2878,5824036.619,13.60054613,52.4768847,0
6430,217198,car,11,5,5200524.0,2021,10,20,4,3,2,6,2,0,1,0,1,780039.8882,5827865.709,13.12894991,52.52876259,0
6431,217200,car,11,4,4200308.0,2021,11,18,7,3,1,5,2,0,1,0,1,788669.9612,5827671.213,13.25564838,52.5225174,0
6432,217201,car,11,9,9200818.0,2021,11,13,5,3,2,6,0,0,1,0,0,809709.7439,5821026.536,13.55861683,52.45142761,0