,ObjectID,vehicle_types,State,District,LOR_ab_2021,AccidentYear,AccidentMonth,AccidentHour,DayOfWeek,AccidentCategory,AccidentType,AccidentTypeDetail,LightingCondition,InvolvingBike,InvolvingCar,InvolvingPedestrian,RoadCondition,GraphicCoord1,GraphicCoord2,LongitudeWGS84,LatitudeWGS84,accident_outcome
6433,217202,bike,11,1,1100416.0,2021,10,16,1,2,0,1,1,1,0,0,0,798618.6268,5829344.35,13.40335406,52.53215748,1
6434,217203,car,11,2,2300314.0,2021,10,8,2,3,5,3,0,0,1,0,0,799718.0326,5826304.884,13.41677506,52.50431004,0
6435,217204,bike + car,11,7,7300619.0,2021,10,18,4,3,5,2,1,1,1,0,0,794631.3,5821815.842,13.33808226,52.46683907,0
6436,217207,car,11,12,12500927.0,2021,11,11,5,3,5,3,0,0,1,0,1,792460.5357,5835351.199,13.31812548,52.58934551,0
6437,217208,car,11,4,4400728.0,2021,11,10,2,3,2,6,0,0,1,0,1,790673.0826,5822971.14,13.28098704,52.47931678,0
6438,217211,bike + car,11,1,1100313.0,2021,10,14,5,3,5,2,0,1,1,0,1,799982.0252,5826940.922,13.42122594,52.50986604,0
6439,217212,bike + car,11,1,1100206.0,2021,10,14,5,3,3,6,0,1,1,0,0,798240.4523,5827674.536,13.39629793,52.51739687,0
6440,217213,bike + car,11,1,1100102.0,2021,11,18,3,3,5,3,2,1,1,0,1,796122.0986,5826295.436,13.36394343,52.50618886,0
6441,217214,bike + car,11,5,5400943.0,2021,11,18,4,3,5,2,2,1,1,0,1,780521.5972,5820704.618,13.1300011,52.46430286,0
6442,217215,bike + car,11,2,2100106.0,2021,10,19,4,3,5,3,2,1,1,0,1,798598.3379,5825578.661,13.39967654,52.49841434,0
6443,217217,bike + car,11,7,7200412.0,2021,11,19,6,3,5,2,2,1,1,0,1,796270.3102,5822947.88,13.36314427,52.47610054,0
6444,217218,car + pedestrian,11,2,2500835.0,2021,11,19,4,2,6,4,2,0,1,1,0,803156.142,5826337.412,13.46730378,52.50270227,1
6445,217220,bike + car,11,6,6200313.0,2021,11,7,6,3,3,6,1,1,1,0,0,795100.7851,5818279.343,13.34184864,52.43488301,0
6446,217221,bike + car,11,1,1100416.0,2021,10,1,6,3,5,3,2,1,1,0,1,798675.9758,5829455.541,13.40429691,52.53312272,0
6447,217222,bike,11,6,6200315.0,2021,10,8,2,3,0,7,0,1,0,0,0,795216.4734,5817274.559,13.34265841,52.42581325,0
6448,217223,car,11,7,7400721.0,2021,11,0,1,3,5,3,2,0,1,0,0,797310.986,5823515.228,13.37892752,52.48062073,0
6449,217224,car + pedestrian,11,1,1300835.0,2021,11,5,5,3,6,2,2,0,1,1,1,796999.486,5830511.11,13.38059749,52.54350078,0
6450,217225,car,11,8,8200832.0,2021,11,10,2,3,5,3,0,0,1,0,0,801209.6802,5817467.977,13.43070981,52.42428075,0
6451,217227,bike,11,1,1300731.0,2021,10,2,5,3,0,7,2,1,0,0,0,797235.3279,5833191.814,13.38646532,52.56740138,0
6452,217228,car,11,7,7601341.0,2021,10,1,7,3,8,7,2,0,1,0,0,797927.7508,5815750.634,13.38105876,52.41068323,0
6453,217234,car,11,7,7400822.0,2021,10,17,5,3,5,5,1,0,1,0,1,796744.3826,5820708.14,13.36811218,52.45576593,0
6454,217235,car + pedestrian,11,7,7601340.0,2021,10,16,5,3,6,2,0,0,1,1,0,796568.3496,5815882.494,13.36124844,52.41260336,0
6455,217236,bike,11,2,2500830.0,2021,11,8,3,3,0,1,0,1,0,0,1,802566.2042,5827388.714,13.45959461,52.51245246,0
6456,217238,bike,11,1,1200627.0,2021,10,9,4,3,0,7,0,1,0,0,0,795768.783,5828585.067,13.36078843,52.52690506,0
6457,217240,car,11,1,1100102.0,2021,11,16,6,3,2,6,2,0,1,0,0,795543.0648,5826363.525,13.35549748,52.50711319,0
6458,217241,car,11,7,7601238.0,2021,11,15,4,3,5,3,1,0,1,0,0,798396.6822,5815926.438,13.38808921,52.41200374,0
6459,217242,car + pedestrian,11,8,8100521.0,2021,10,20,7,3,6,2,2,0,1,1,0,802954.2674,5822471.914,13.46082552,52.46816818,0
6460,217243,bike + car,11,9,9401534.0,2021,10,16,1,3,5,7,0,1,1,0,0,811057.8251,5820651.782,13.57804165,52.44730387,0
6461,217249,bike,11,1,1100415.0,2021,10,12,4,3,0,1,0,1,0,0,0,798285.2992,5829367.679,13.39847558,52.5325491,0
6462,217250,car,11,6,6200317.0,2021,11,18,3,3,5,3,0,0,1,0,1,795908.5744,5816505.208,13.35212695,52.41854265,0
6463,217252,car,11,7,7601339.0,2021,10,19,3,3,5,7,2,0,1,0,1,795786.025,5815830.684,13.34973406,52.41256219,0
6464,217253,car,11,11,11300721.0,2021,10,11,3,3,9,1,0,0,1,0,0,805124.6863,5829991.941,13.49956714,52.53435863,0
6465,217254,car + pedestrian,11,5,5200527.0,2021,10,11,7,2,6,2,0,0,1,1,0,782959.8898,5827073.543,13.17120541,52.52015189,1
6466,217255,bike + car,11,4,4501146.0,2021,11,8,5,3,5,2,0,1,1,0,1,792851.7675,5823936.717,13.3138242,52.48680895,0
6467,217259,car + pedestrian,11,11,11501339.0,2021,10,18,6,3,6,3,1,0,1,1,1,806760.6646,5824811.745,13.5188367,52.48701454,0
6468,217263,car + pedestrian,11,7,7601443.0,2021,11,17,7,3,6,4,2,0,1,1,1,800130.3571,5814987.837,13.41266076,52.40264272,0
6469,217264,car,11,5,5300735.0,2021,10,21,3,3,5,2,2,0,1,0,0,786567.6912,5830553.726,13.22723383,52.54947005,0
6470,217265,car + pedestrian,11,9,9401329.0,2021,11,8,2,3,6,4,0,0,1,1,0,812024.8535,5819633.722,13.59127395,52.43762965,0
6471,217266,bike + car,11,4,4501041.0,2021,11,11,7,3,0,2,0,1,1,0,1,793127.9151,5825592.73,13.31933651,52.50150633,0
6472,217268,car,11,2,2500835.0,2021,10,9,3,3,5,3,0,0,1,0,0,803112.0884,5826174.709,13.46650865,52.50126846,0
6473,217270,bike,11,2,2100101.0,2021,10,11,1,3,2,6,0,1,0,0,0,797859.9638,5825618.695,13.38886754,52.4991767,0
6474,217271,car,11,7,7400927.0,2021,11,20,3,3,5,2,2,0,1,0,0,799074.228,5821704.817,13.40319114,52.46343,0
6475,217275,car,11,1,1401046.0,2021,10,20,1,3,2,2,2,0,1,0,1,794899.3816,5830249.136,13.34948677,52.54229314,0
6476,217277,car,11,2,2500833.0,2021,10,8,5,3,5,3,0,0,1,0,0,802713.2095,5826985.042,13.46138709,52.50875283,0
6477,217278,car,11,5,5300840.0,2021,10,8,6,3,2,2,0,0,1,0,0,788054.2604,5829195.974,13.24791985,52.53651317,0
6478,217279,bike + car,11,12,12400618.0,2021,11,10,4,3,5,2,0,1,1,0,0,787463.6227,5837745.19,13.24664808,52.61347232,0
6479,217280,car + pedestrian,11,2,2400521.0,2021,11,19,5,3,6,4,2,0,1,1,0,800781.7193,5828477.366,13.43436274,52.52319722,0
6480,217281,bike + car,11,2,2400623.0,2021,10,20,4,3,5,2,2,1,1,0,0,800602.4253,5827107.927,13.43049074,52.51102145,0
6481,217283,car + pedestrian,11,7,7601236.0,2021,11,10,7,2,6,4,0,0,1,1,0,796547.9615,5816297.745,13.36131747,52.41633683,1
6482,217286,bike,11,4,4300412.0,2021,10,2,2,3,0,7,2,1,0,0,0,790647.002,5828050.129,13.28503731,52.52486412,0
6483,217287,car,11,12,12400618.0,2021,10,14,4,3,2,1,0,0,1,0,0,786315.7412,5838907.998,13.23074777,52.62450344,0
6484,217288,car,11,9,9401534.0,2021,10,11,7,3,2,3,0,0,1,0,0,811255.6734,5820202.724,13.58052509,52.44316703,0
6485,217289,car + pedestrian,11,4,4501040.0,2021,11,10,3,3,6,7,0,0,1,1,0,792436.7684,5825397.241,13.3090119,52.50012467,0
6486,217291,car,11,6,6400840.0,2021,11,13,2,3,5,3,0,0,1,0,0,788839.4487,5819604.166,13.25114838,52.45010322,0
6487,217292,car,11,8,8300935.0,2021,11,1,7,2,5,2,2,0,1,0,0,802291.5104,5817836.084,13.44690395,52.42698361,1
6488,217294,bike + car,11,4,4100101.0,2021,10,15,5,3,5,2,0,1,1,0,1,791212.7803,5829730.983,13.2948258,52.53963087,0
6489,217296,bike + pedestrian,11,1,1300733.0,2021,11,15,3,3,6,7,0,1,0,1,1,797126.274,5831779.98,13.38359693,52.55480556,0
6490,217297,car,11,12,12200309.0,2021,11,17,4,3,2,6,2,0,1,0,1,793321.2015,5832569.529,13.32833259,52.56394609,0
6491,217300,car,11,4,4200311.0,2021,10,16,1,3,2,2,0,0,1,0,0,790427.9904,5825939.538,13.2799759,52.50605924,0
6492,217301,bike + car,11,2,2200211.0,2021,11,13,5,3,1,5,0,1,1,0,0,798323.6004,5824189.908,13.39439795,52.48611616,0
6493,217303,bike + car,11,1,1401047.0,2021,10,14,7,3,5,2,0,1,1,0,0,795254.8784,5830458.712,13.35489984,52.54397929,0
6494,217304,bike + car,11,2,2200210.0,2021,10,12,7,3,2,2,0,1,1,0,0,798292.2618,5824817.268,13.39449934,52.49175679,0
6495,217306,bike + car,11,2,2200210.0,2021,11,21,3,3,5,3,2,1,1,0,0,798942.2813,5824805.321,13.40403413,52.49129411,0
6496,217307,car + pedestrian,11,5,5200528.0,2021,11,16,7,3,6,4,2,0,1,1,0,783647.9614,5825208.333,13.17972941,52.50307049,0
6497,217308,car,11,6,6200312.0,2021,10,18,1,3,2,6,1,0,1,0,0,795013.636,5819125.707,13.34131745,52.44251723,0
6498,217309,car,11,1,1400937.0,2021,10,8,5,3,2,6,0,0,1,0,1,793662.924,5832271.047,13.33309531,52.56108617,0
6499,217310,car,11,4,4200311.0,2021,10,5,3,3,2,6,2,0,1,0,1,790146.6526,5825357.566,13.27533529,52.50099147,0
6500,217311,car,11,10,10200629.0,2021,11,15,2,3,2,2,0,0,1,0,0,810958.4415,5828198.919,13.58362258,52.51499397,0
6501,217312,bike + car,11,10,10100314.0,2021,10,13,3,3,3,6,0,1,1,0,0,808475.6431,5830187.557,13.54899573,52.5342256,0
6502,217315,car,11,6,6100101.0,2021,11,14,3,3,0,7,0,0,1,0,0,793004.8924,5821441.065,13.31388027,52.46435396,0
6503,217325,car,11,5,5100316.0,2021,11,15,1,3,2,6,0,0,1,0,1,784811.0821,5828950.543,13.200023,52.5360173,0
6504,217326,car + pedestrian,11,2,2100102.0,2021,10,14,4,3,6,2,0,0,1,1,0,798321.8598,5825554.252,13.39559396,52.49834675,0
6505,217327,car + pedestrian,11,2,2100105.0,2021,10,15,4,3,6,7,0,0,1,1,0,798921.8829,5825819.617,13.40464476,52.50039706,0
6506,217328,bike + pedestrian,11,1,1100312.0,2021,11,14,2,3,6,4,0,1,0,1,0,799517.0952,5826712.623,13.41419034,52.50807516,0
6507,217329,bike + car,11,10,10100311.0,2021,10,17,2,2,5,2,0,1,1,0,0,806301.1727,5830198.03,13.51704782,52.53554578,1
6508,217330,bike + car,11,7,7300619.0,2021,10,21,3,3,5,3,2,1,1,0,0,794713.0289,5821827.176,13.33929188,52.46689659,0
6509,217332,car,11,2,2100106.0,2021,10,22,6,3,5,3,2,0,1,0,0,799575.5867,5825656.53,13.41409943,52.49857675,0
6510,217333,car,11,7,7501029.0,2021,11,19,5,3,2,2,2,0,1,0,1,797348.1111,5818665.438,13.37515294,52.43712696,0
6511,217334,car,11,8,8401242.0,2021,11,11,4,3,5,3,0,0,1,0,0,805253.3894,5817246.666,13.48979277,52.42005651,0
6512,217335,car,11,9,9200512.0,2021,10,17,6,3,1,5,0,0,1,0,0,809265.5747,5821525.335,13.55256345,52.45614923,0
6513,217336,car + pedestrian,11,10,10100206.0,2021,10,16,2,2,6,4,0,0,1,1,0,809338.2855,5832705.917,13.56401832,52.55630527,1
6514,217337,car,11,8,8100312.0,2021,10,16,6,3,2,6,0,0,1,0,1,801075.4064,5824915.783,13.43545733,52.49111191,0
6515,217338,bike + car,11,2,2300314.0,2021,10,17,5,3,3,5,0,1,1,0,0,799729.4679,5826074.203,13.41673538,52.50223606,0
6516,217339,car + pedestrian,11,1,1100102.0,2021,11,13,1,2,6,4,0,0,1,1,1,795651.4871,5826679.854,13.35737127,52.50989007,1
6517,217340,car + pedestrian,11,8,8100310.0,2021,11,18,7,3,6,2,2,0,1,1,1,801062.0665,5824921.818,13.4352669,52.49117337,0
6518,217342,car,11,10,10200629.0,2021,11,16,7,3,5,2,2,0,1,0,0,811312.0858,5828506.006,13.58910456,52.51754415,0
6519,217343,bike + car,11,9,9401534.0,2021,11,15,5,3,5,2,1,1,1,0,0,811350.5421,5819942.821,13.58167423,52.4407839,0
6520,217344,car,11,4,4501148.0,2021,11,14,2,3,5,2,0,0,1,0,1,793347.4853,5823073.35,13.32034406,52.47880304,0
6521,217349,car + pedestrian,11,1,1401043.0,2021,11,18,5,3,6,2,2,0,1,1,1,795671.3477,5830924.29,13.36143774,52.54792692,0
6522,217353,car + pedestrian,11,3,3701556.0,2021,10,18,4,3,6,4,0,0,1,1,0,799358.9407,5829198.52,13.41410405,52.53044426,0
6523,217355,car,11,10,10100312.0,2021,11,6,6,3,5,2,1,0,1,0,0,807669.9773,5830165.947,13.53713536,52.5344873,0
6524,217356,car,11,2,2200210.0,2021,10,19,5,3,2,6,2,0,1,0,1,798307.989,5825465.621,13.39531085,52.49755986,0
6525,217357,car + pedestrian,11,1,1100308.0,2021,10,12,2,3,6,4,0,0,1,1,0,796685.1219,5828762.897,13.3744148,52.52800122,0
6526,217358,bike + car,11,1,1200522.0,2021,11,19,6,3,5,2,2,1,1,0,0,794554.5093,5828335.867,13.34272054,52.52532858,0
6527,217361,bike + car,11,9,9502043.0,2021,10,7,2,3,5,3,1,1,1,0,1,811617.8012,5823212.548,13.5886446,52.46993315,0
6528,217362,bike + car,11,3,3400829.0,2021,10,12,5,3,5,3,0,1,1,0,0,799767.0416,5832816.615,13.42336766,52.56265021,0
6529,217363,bike + car,11,6,6300631.0,2021,10,15,6,3,5,2,0,1,1,0,0,791485.6249,5816162.411,13.28697622,52.41784302,0
6530,217365,bike + car,11,4,4501043.0,2021,11,10,5,3,5,2,0,1,1,0,1,792870.4637,5824336.863,13.31445041,52.49038611,0
6531,217366,bike + car,11,8,8100209.0,2021,11,9,2,3,0,3,0,1,1,0,0,801750.5076,5822054.743,13.44278161,52.46509517,0
6532,217367,car,11,1,1300835.0,2021,11,13,6,3,5,3,0,0,1,0,1,797153.3202,5830368.225,13.38273144,52.54213611,0
6533,217368,bike + car,11,2,2300315.0,2021,10,12,6,3,3,5,0,1,1,0,1,800314.5749,5825823.779,13.42510363,52.49966973,0
6534,217369,car + pedestrian,11,6,6300629.0,2021,10,9,4,3,2,2,0,0,1,1,0,791750.377,5819297.245,13.29359348,52.44580593,0
6535,217370,car,11,1,1400938.0,2021,11,11,3,3,2,6,0,0,1,0,1,794787.8813,5831345.088,13.34882019,52.55217783,0
6536,217371,bike + car,11,4,4501153.0,2021,11,15,4,3,5,3,0,1,1,0,1,794188.4024,5823674.999,13.33322134,52.48374419,0
6537,217372,bike,11,3,3601449.0,2021,10,15,3,3,3,6,0,1,0,0,0,801211.3119,5830364.016,13.44238496,52.53987036,0
6538,217373,bike + car,11,8,8200730.0,2021,10,8,4,3,5,2,0,1,1,0,1,801398.5931,5819152.925,13.43499839,52.43927952,0
6539,217374,bike + car,11,2,2300316.0,2021,10,14,6,3,5,2,0,1,1,0,0,800733.107,5826532.251,13.43189047,52.50578948,0
6540,217375,car,11,12,12400723.0,2021,10,23,1,2,1,1,2,0,1,0,0,791939.7626,5839008.22,13.31368593,52.62240885,1
6541,217376,car + pedestrian,11,5,5100312.0,2021,11,16,5,3,6,2,2,0,1,1,1,784612.6459,5830966.648,13.1988329,52.55419733,0
6542,217378,bike,11,3,3701554.0,2021,10,2,1,3,0,7,2,1,0,0,0,799190.4572,5830048.402,13.41239279,52.53815466,0
6543,217379,car,11,7,7601443.0,2021,10,12,7,3,5,3,0,0,1,0,0,799944.2112,5815843.747,13.41069939,52.41041683,0
6544,217380,car,11,7,7601339.0,2021,11,16,1,3,5,2,1,0,1,0,0,795809.1168,5816026.344,13.35024548,52.41430368,0
6545,217381,bike + car,11,2,2200213.0,2021,11,10,3,3,5,7,0,1,1,0,1,799833.5929,5824983.359,13.41728287,52.49240112,0
6546,217383,car,11,6,6300630.0,2021,11,16,7,3,2,7,1,0,1,0,0,793317.0997,5818155.113,13.31557716,52.43472875,0
6547,217385,car + pedestrian,11,7,7601238.0,2021,11,14,2,3,6,2,0,0,1,1,0,797385.0328,5817460.101,13.37462248,52.42630215,0
6548,217386,bike + car,11,1,1100102.0,2021,10,11,4,3,5,5,0,1,1,0,0,796341.8805,5826794.059,13.36761603,52.51053921,0
6549,217387,car,11,9,9100306.0,2021,10,18,3,3,2,2,2,0,1,0,0,804496.4049,5819983.815,13.48118834,52.44501071,0
6550,217388,bike + car,11,12,12200309.0,2021,10,14,1,2,5,3,0,1,1,0,0,793232.5482,5832405.46,13.32688346,52.56252305,1
6551,217389,bike + car,11,2,2100104.0,2021,11,10,5,3,5,2,0,1,1,0,1,799293.1206,5826222.582,13.41045956,52.50380558,0
6552,217391,bike + pedestrian,11,4,4500938.0,2021,11,16,2,3,0,4,0,1,0,1,0,791839.1752,5824923.85,13.29981862,52.4962007,0
6553,217392,bike,11,9,9200510.0,2021,10,15,6,3,0,1,0,1,0,0,0,805654.1836,5824202.802,13.50203374,52.48217748,0
6554,217393,car,11,8,8200726.0,2021,10,14,6,3,5,3,0,0,1,0,1,801266.031,5819825.029,13.43366003,52.44537687,0
6555,217394,bike + car,11,8,8200833.0,2021,10,15,6,2,5,3,0,1,1,0,1,802523.8982,5816823.147,13.44939541,52.41777603,1
6556,217395,car + pedestrian,11,5,5100314.0,2021,10,15,5,3,6,4,0,0,1,1,0,785187.3616,5829672.823,13.20617561,52.54229641,0
6557,217396,car,11,7,7601339.0,2021,11,11,6,3,1,5,0,0,1,0,0,795612.9446,5816073.925,13.34741156,52.4148362,0
6558,217397,car,11,11,11300722.0,2021,10,15,1,3,5,2,0,0,1,0,0,804248.7531,5828690.781,13.48550249,52.52318653,0
6559,217399,car,11,7,7400720.0,2021,10,4,3,3,1,7,2,0,1,0,0,796662.3631,5823539.967,13.36942653,52.48119524,0
6560,217401,car,11,2,2500833.0,2021,11,22,6,3,5,3,2,0,1,0,0,802847.5366,5826942.46,13.46332154,52.50829662,0
6561,217402,bike + car,11,5,5300736.0,2021,11,14,2,3,5,2,0,1,1,0,1,786104.2451,5829154.47,13.21921239,52.53716831,0
6562,217403,bike + car,11,3,3200308.0,2021,10,22,2,3,5,3,2,1,1,0,0,799064.1495,5837540.484,13.41729228,52.60537847,0
6563,217405,bike + car,11,10,10100205.0,2021,10,9,6,3,0,2,0,1,1,0,0,807609.3662,5832375.49,13.53829067,52.55432327,0
6564,217406,bike + car,11,11,11300722.0,2021,11,17,2,3,1,5,2,1,1,0,0,803980.6651,5828400.4,13.48129786,52.52073347,0
6565,217407,car + pedestrian,11,12,12601236.0,2021,11,18,5,3,6,2,2,0,1,1,1,794411.2819,5836222.837,13.34761279,52.59610669,0
6566,217410,car,11,5,5100208.0,2021,10,5,5,3,2,6,2,0,1,0,1,781165.3738,5830801.745,13.14798209,52.55450941,0
6567,217412,bike + car,11,1,1100312.0,2021,11,17,3,3,5,2,2,1,1,0,1,799212.9045,5826986.872,13.40996824,52.51070032,0
6568,217414,bike + car,11,11,11501340.0,2021,10,7,4,3,5,2,0,1,1,0,0,807321.4363,5824797.328,13.52705605,52.48656998,0
6569,217415,bike + car,11,12,12400723.0,2021,10,17,2,3,5,3,0,1,1,0,1,791424.0861,5838766.246,13.30587649,52.62051649,0
6570,217417,bike + car,11,1,1300836.0,2021,11,17,4,3,1,5,1,1,1,0,0,796521.8269,5829892.919,13.37302284,52.53821953,0
6571,217418,car,11,4,4500937.0,2021,11,8,2,2,5,2,0,0,1,0,0,790959.8834,5824829.839,13.2868209,52.49582737,1
6572,217420,bike + car,11,7,7100205.0,2021,10,10,5,3,5,3,0,1,1,0,0,796286.2593,5825323.78,13.3654905,52.49738973,0
6573,217422,bike + car,11,1,1100313.0,2021,11,16,1,3,5,3,1,1,1,0,1,799894.6463,5826511.669,13.41955557,52.50606651,0
6574,217424,car,11,8,8200832.0,2021,11,15,3,2,5,2,0,0,1,0,0,800308.5856,5816747.852,13.41685143,52.41832111,1
6575,217426,car,11,9,9100306.0,2021,10,7,5,2,5,3,0,0,1,0,0,803092.139,5820939.82,13.46145778,52.45435959,1
6576,217427,bike + car,11,10,10400837.0,2021,10,12,1,3,5,3,0,1,1,0,0,810625.4379,5825649.902,13.57635319,52.49234074,0
6577,217428,bike + car,11,1,1100207.0,2021,11,9,3,3,0,6,0,1,1,0,0,798887.7606,5826816.385,13.40503839,52.50935039,0
6578,217429,car,11,6,6400737.0,2021,11,14,5,3,5,3,0,0,1,0,1,786980.967,5817343.545,13.22193481,52.43081364,0
6579,217431,bike + car,11,1,1200517.0,2021,10,10,6,3,5,3,0,1,1,0,0,793522.9213,5829121.3,13.32825216,52.53292594,0
6580,217433,car,11,11,11300721.0,2021,10,9,5,3,2,6,0,0,1,0,0,804164.006,5829854.544,13.48532184,52.53366415,0
6581,217435,car,11,4,4200308.0,2021,11,15,5,2,5,7,0,0,1,0,0,790302.3738,5827712.922,13.27967749,52.52202464,1
6582,217436,bike + pedestrian,11,8,8100102.0,2021,10,17,5,3,0,4,0,1,0,1,1,800481.8592,5823566.988,13.42552566,52.4793492,0
6583,217438,car,11,2,2100104.0,2021,11,13,6,3,2,6,0,0,1,0,1,799063.2577,5826452.391,13.40728956,52.50599152,0
6584,217439,bike + car,11,10,10100315.0,2021,11,9,5,3,5,3,0,1,1,0,0,809921.5604,5831425.786,13.57139954,52.54450181,0
6585,217440,bike + car,11,4,4200206.0,2021,10,15,1,3,0,6,0,1,1,0,0,785811.5614,5825560.539,13.21182052,52.50509928,0
6586,217442,car,11,8,8401241.0,2021,10,12,5,3,2,6,0,0,1,0,0,804039.4188,5819189.79,13.47376289,52.43814827,0
6587,217444,car,11,12,12200308.0,2021,11,17,1,3,5,3,2,0,1,0,0,792576.291,5833283.27,13.31800399,52.57074527,0
6588,217446,car,11,1,1100206.0,2021,11,3,7,2,0,7,2,0,1,0,0,797527.3616,5827550.12,13.38570865,52.51667112,1
6589,217447,bike + car,11,8,8100311.0,2021,11,20,6,3,1,5,2,1,1,0,1,800551.9008,5824572.015,13.42746001,52.48831908,0
6590,217448,bike + car,11,9,9501736.0,2021,10,18,4,2,5,3,1,1,1,0,0,812506.469,5821294.466,13.5998891,52.45223713,1
6591,217449,car,11,10,10400939.0,2021,10,12,4,3,5,3,0,0,1,0,0,812270.9006,5827750.853,13.60248054,52.51022899,0
6592,217453,car,11,6,6200313.0,2021,10,14,4,3,2,6,0,0,1,0,0,795383.3709,5818429.033,13.34612564,52.43607237,0
6593,217454,bike + car,11,4,4300415.0,2021,10,15,6,2,4,2,0,1,1,0,0,790787.1613,5826106.985,13.28539912,52.50736909,1
6594,217455,bike + car,11,8,8100104.0,2021,10,13,7,3,2,6,0,1,1,0,0,800823.2679,5822596.951,13.42966273,52.47046646,0
6595,217456,car + pedestrian,11,9,9200511.0,2021,11,19,5,3,6,2,2,0,1,1,1,806623.6038,5822055.382,13.51429061,52.46238818,0
6596,217458,car,11,9,9300922.0,2021,10,21,7,3,5,3,2,0,1,0,0,808176.3678,5815758.559,13.53126996,52.40508178,0
6597,217459,bike,11,4,4300623.0,2021,10,14,7,2,0,1,0,1,0,0,0,792649.47,5826097.044,13.31275145,52.50628417,1
6598,217461,bike + pedestrian,11,7,7100103.0,2021,11,14,6,3,6,7,0,1,0,1,0,795662.5829,5824973.103,13.35601886,52.49458443,0
6599,217462,bike,11,11,11501341.0,2021,11,15,4,2,0,1,0,1,0,0,0,806358.3083,5824417.427,13.51256724,52.48370645,1
6600,217463,bike + car,11,1,1300733.0,2021,11,19,1,3,5,2,1,1,1,0,1,797164.2442,5831923.911,13.38428419,52.55607501,0
6601,217464,car + pedestrian,11,4,4200311.0,2021,11,19,7,2,6,4,2,0,1,1,1,789925.1236,5825062.24,13.2718238,52.49846156,1
6602,217465,car,11,11,11100203.0,2021,10,23,3,2,9,7,2,0,1,0,1,807728.3831,5833693.874,13.54126303,52.56607121,1
6603,217467,car,11,10,10200421.0,2021,11,11,6,3,5,2,0,0,1,0,1,812195.2044,5830919.408,13.60434311,52.53866616,0
6604,217468,bike + car,11,7,7400927.0,2021,10,3,4,3,5,3,2,1,1,0,0,798476.5658,5821909.468,13.39460309,52.46559125,0
6605,217469,bike,11,1,1200520.0,2021,10,8,2,2,0,1,0,1,0,0,1,794543.6998,5829042.897,13.34318804,52.53167245,1
6606,217471,car + pedestrian,11,9,9301025.0,2021,11,10,4,3,6,7,0,0,1,1,0,811296.4728,5816172.077,13.57737269,52.40702284,0
6607,217472,bike + car,11,10,10400837.0,2021,11,16,5,3,2,2,1,1,1,0,1,810306.174,5826003.977,13.57199561,52.49569537,0
6608,217474,bike + car,11,1,1100308.0,2021,10,15,6,3,0,2,0,1,1,0,0,797013.7313,5828942.383,13.37940488,52.52943118,0
6609,217476,car,11,10,10100312.0,2021,10,16,6,2,5,3,0,0,1,0,1,807841.2039,5829077.774,13.53864424,52.5246385,1
6610,217477,bike + car,11,4,4100101.0,2021,10,8,5,3,5,2,0,1,1,0,0,793355.7609,5829670.942,13.32628004,52.5379432,0
6611,217479,car,11,6,6200311.0,2021,10,17,3,3,2,6,0,0,1,0,1,796602.1964,5818373.827,13.36395349,52.43491792,0
6612,217480,bike + car,11,4,4501042.0,2021,10,17,2,2,5,2,0,1,1,0,0,793968.9948,5826164.308,13.33219632,52.50617777,1
6613,217481,car,11,1,1100416.0,2021,11,13,1,3,5,3,0,0,1,0,1,798931.1762,5829608.377,13.40818547,52.53435278,0
6614,217482,car,11,1,1300733.0,2021,11,1,5,3,5,2,2,0,1,0,0,797170.1409,5831905.071,13.38435404,52.55590292,0
6615,217485,car,11,10,10100311.0,2021,10,11,5,3,2,1,0,0,1,0,0,806488.3372,5829477.297,13.51913411,52.52898123,0
6616,217488,bike + car,11,12,12400720.0,2021,11,16,5,2,5,3,2,1,1,0,1,789641.7935,5839723.212,13.28046123,52.63004866,1
6617,217490,car,11,11,11100101.0,2021,10,7,6,3,5,3,0,0,1,0,0,806094.9247,5834574.408,13.51805179,52.5748835,0
6618,217491,bike + car,11,5,5200629.0,2021,10,15,5,3,5,3,0,1,1,0,1,784451.491,5828665.447,13.19449165,52.53364893,0
6619,217492,car,11,6,6200421.0,2021,10,17,5,3,2,6,0,0,1,0,0,793344.9218,5817703.876,13.31558935,52.43066859,0
6620,217493,car,11,10,10400835.0,2021,11,15,3,3,5,3,0,0,1,0,1,811906.8705,5829738.712,13.59899769,52.52825085,0
6621,217499,car,11,2,2100104.0,2021,10,0,7,3,2,6,2,0,1,0,0,799261.8834,5826226.906,13.41000461,52.50386147,0
6622,217501,car,11,9,9100407.0,2021,11,23,7,3,9,1,2,0,1,0,0,806391.8222,5821054.859,13.50997151,52.45355111,0
6623,217504,car + pedestrian,11,6,6100205.0,2021,11,11,7,3,6,4,0,0,1,1,0,794983.5146,5820025.88,13.3416704,52.45060305,0
6624,217506,bike + car,11,2,2200208.0,2021,10,22,4,3,2,6,2,1,1,0,0,797535.1286,5824986.801,13.38353201,52.49368968,0