,ObjectID,vehicle_types,State,District,LOR_ab_2021,AccidentYear,AccidentMonth,AccidentHour,DayOfWeek,AccidentCategory,AccidentType,AccidentTypeDetail,LightingCondition,InvolvingBike,InvolvingCar,InvolvingPedestrian,RoadCondition,GraphicCoord1,GraphicCoord2,LongitudeWGS84,LatitudeWGS84,accident_outcome
6625,217507,car + pedestrian,11,5,5200423.0,2021,11,7,3,3,6,4,0,0,1,1,1,782092.2608,5828083.528,13.15930889,52.52965743,0
6626,217509,car,11,8,8401243.0,2021,10,19,3,3,2,2,2,0,1,0,0,805546.2863,5818550.314,13.49527723,52.43157719,0
6627,217510,bike + car,11,12,12100103.0,2021,10,16,6,3,5,3,0,1,1,0,0,795601.1007,5833255.665,13.36248124,52.56886359,0
6628,217511,bike + car,11,11,11401136.0,2021,10,16,6,3,5,3,0,1,1,0,0,805668.8371,5825959.544,13.50386022,52.49791396,0
6629,217512,car,11,1,1100310.0,2021,11,11,5,3,2,6,0,0,1,0,0,799278.8488,5828514.269,13.41231101,52.52435497,0
6630,217513,car + pedestrian,11,3,3500936.0,2021,11,15,4,3,6,4,0,0,1,1,0,802705.3762,5831819.485,13.46567392,52.55208759,0
6631,217514,car,11,3,3601141.0,2021,10,19,6,3,2,7,2,0,1,0,0,798853.3246,5831816.941,13.40902815,52.55419194,0
6632,217515,car,11,11,11300721.0,2021,10,15,6,3,2,6,0,0,1,0,1,804484.0582,5829889.528,13.49005777,52.533799,0
6633,217516,bike + car,11,4,4501043.0,2021,10,14,6,3,3,6,0,1,1,0,0,792679.0652,5825314.686,13.31249857,52.49925468,0
6634,217517,car,11,12,12500930.0,2021,11,10,6,3,2,6,0,0,1,0,1,793377.3939,5835176.886,13.33146636,52.58728918,0
6635,217518,bike + car,11,7,7400823.0,2021,11,19,3,3,5,2,2,1,1,0,0,797315.413,5822178.133,13.37780061,52.46863264,0
6636,217519,bike + car,11,4,4501042.0,2021,11,9,2,3,3,6,0,1,1,0,1,793523.8806,5825788.119,13.32532538,52.50304506,0
6637,217520,bike + car,11,7,7100205.0,2021,11,18,7,3,5,2,2,1,1,0,1,796419.83,5824874.48,13.36705253,52.49328964,0
6638,217521,bike + car,11,1,1100313.0,2021,10,20,2,3,5,2,2,1,1,0,0,800081.8818,5826457.271,13.42225691,52.50547597,0
6639,217522,bike + car,11,1,1300835.0,2021,10,15,3,3,5,2,0,1,1,0,0,797542.482,5829416.146,13.38760043,52.53338954,0
6640,217524,car,11,1,1401045.0,2021,11,3,7,3,2,6,2,0,1,0,0,796626.393,5831742.888,13.3762123,52.55474556,0
6641,217525,bike + car,11,9,9100101.0,2021,11,15,3,3,3,6,0,1,1,0,0,802329.2035,5824729.129,13.45369849,52.48874599,0
6642,217526,car + pedestrian,11,1,1400940.0,2021,11,17,7,2,6,4,1,0,1,1,0,795166.4813,5832148.897,13.35510266,52.55917824,1
6643,217527,bike + car,11,1,1200517.0,2021,11,8,4,3,2,2,0,1,1,0,0,793528.0701,5828172.277,13.32748998,52.52441566,0
6644,217528,bike + car,11,6,6200317.0,2021,11,10,1,2,0,3,0,1,1,0,1,796016.9684,5816658.409,13.35385171,52.41985739,1
6645,217529,bike + car,11,2,2300418.0,2021,11,17,6,3,0,6,1,1,1,0,0,800969.1198,5825491.657,13.43441683,52.49633223,0
6646,217530,bike + car,11,7,7300517.0,2021,10,9,4,2,5,3,0,1,1,0,0,794211.1016,5822738.666,13.33272845,52.47533819,1
6647,217531,bike + car,11,4,4501045.0,2021,10,8,4,3,1,5,0,1,1,0,1,793583.2653,5825239.103,13.32571375,52.49809143,0
6648,217532,car,11,3,3300516.0,2021,11,12,3,3,5,3,0,0,1,0,1,800939.9932,5833548.048,13.44128282,52.56855908,0
6649,217534,car,11,9,9200613.0,2021,10,11,4,2,5,3,0,0,1,0,0,805913.493,5821828.024,13.5036627,52.46074847,1
6650,217535,car + pedestrian,11,9,9501939.0,2021,10,6,3,2,6,2,2,0,1,1,0,810999.7098,5821744.103,13.57820641,52.45712584,1
6651,217536,bike + car,11,3,3400831.0,2021,10,11,6,3,2,6,0,1,1,0,0,799092.2746,5833226.493,13.41381244,52.56669519,0
6652,217539,bike + car,11,11,11100205.0,2021,11,17,3,3,5,3,2,1,1,0,0,805804.5133,5833786.076,13.51305281,52.56798157,0
6653,217541,bike,11,5,5100104.0,2021,10,15,1,2,0,7,0,1,0,0,0,785629.4534,5831545.508,13.21428777,52.55885494,1
6654,217544,car + pedestrian,11,11,11300721.0,2021,11,7,3,2,6,4,0,0,1,1,1,804944.6282,5829955.082,13.49688696,52.53412905,1
6655,217546,car,11,6,6100101.0,2021,11,16,7,3,5,3,2,0,1,0,1,793396.9205,5820360.753,13.31868479,52.45445892,0
6656,217547,car,11,3,3601243.0,2021,10,14,3,3,5,3,0,0,1,0,1,799519.4013,5831529.211,13.41856358,52.55124703,0
6657,217550,car,11,8,8200832.0,2021,11,17,2,3,5,2,2,0,1,0,1,800307.955,5816744.853,13.41683949,52.41829458,0
6658,217554,bike + car,11,6,6300632.0,2021,10,10,1,3,5,3,0,1,1,0,0,791635.762,5816259.787,13.28926249,52.41863603,0
6659,217555,car + pedestrian,11,12,12500928.0,2021,11,7,5,3,6,4,0,0,1,1,1,792033.7511,5837425.011,13.31367264,52.60816562,0
6660,217558,bike + car,11,1,1100102.0,2021,10,14,6,3,5,3,0,1,1,0,0,796701.2086,5827974.224,13.37394759,52.52092284,0
6661,217559,car,11,4,4100101.0,2021,10,17,7,3,5,2,0,0,1,0,0,793341.4394,5829716.114,13.32610937,52.53835585,0
6662,217560,bike + car,11,10,10200629.0,2021,10,15,6,3,5,3,0,1,1,0,1,810492.8158,5827963.165,13.57656296,52.51314652,0
6663,217564,bike + car,11,11,11401135.0,2021,10,15,3,3,5,3,0,1,1,0,1,805525.1333,5825983.06,13.50177149,52.49820518,0
6664,217565,car + pedestrian,11,6,6300634.0,2021,10,16,2,2,6,4,0,0,1,1,0,792088.6255,5818851.757,13.29816673,52.44163155,1
6665,217567,car + pedestrian,11,9,9100407.0,2021,11,12,5,3,6,3,0,0,1,1,0,806202.3708,5820381.725,13.50657515,52.44762434,0
6666,217568,car,11,7,9100306.0,2021,11,10,2,3,2,6,0,0,1,0,0,802844.5517,5821408.299,13.45825024,52.45869581,0
6667,217570,bike + car,11,2,2400520.0,2021,10,11,5,3,5,3,0,1,1,0,0,800158.7737,5828921.196,13.42560919,52.5275187,0
6668,217571,bike + car,11,5,5100317.0,2021,10,17,7,3,5,2,0,1,1,0,0,788108.4916,5827861.977,13.24756105,52.52452466,0
6669,217572,car,11,12,12601235.0,2021,11,18,3,3,2,2,1,0,1,0,0,795448.6174,5836390.603,13.36303273,52.59704798,0
6670,217574,car,11,10,10400835.0,2021,11,11,1,3,8,1,0,0,1,0,1,812035.6468,5829714.196,13.60086681,52.52795746,0
6671,217575,bike,11,2,2500836.0,2021,10,15,6,2,0,7,0,1,0,0,0,803155.4037,5825742.064,13.46675101,52.49736666,1
6672,217576,bike + car,11,2,2400521.0,2021,10,17,5,3,5,2,0,1,1,0,1,801247.6344,5827817.247,13.44061142,52.51702327,0
6673,217577,car,11,6,6300525.0,2021,10,16,5,3,5,3,0,0,1,0,0,790244.9159,5814894.175,13.26768412,52.40713221,0
6674,217578,bike + car,11,4,4501044.0,2021,11,8,4,3,5,2,0,1,1,0,1,793207.1286,5824549.012,13.3195814,52.49210723,0
6675,217579,car,11,7,7300517.0,2021,11,14,5,3,0,7,0,0,1,0,0,794227.6931,5822043.216,13.33235862,52.46909488,0
6676,217580,car,11,6,6300528.0,2021,10,14,4,3,2,6,0,0,1,0,0,790081.0432,5815799.589,13.26606639,52.41533645,0
6677,217581,bike + pedestrian,11,11,11400929.0,2021,10,7,2,3,6,4,0,1,0,1,1,805002.2219,5826582.484,13.49464139,52.50387002,0
6678,217582,car,11,7,7300619.0,2021,11,15,6,3,5,3,0,0,1,0,0,795302.4044,5821653.823,13.34778921,52.46502436,0
6679,217584,car,11,2,2200210.0,2021,10,20,7,3,5,3,2,0,1,0,0,798902.0795,5825248.94,13.40384177,52.49529257,0
6680,217586,car,11,12,12601235.0,2021,11,16,7,3,5,2,2,0,1,0,0,795279.246,5836365.42,13.36051697,52.59691423,0
6681,217587,bike + car,11,4,4400728.0,2021,11,16,4,3,5,2,1,1,1,0,0,789646.15,5823293.614,13.26618832,52.4827535,0
6682,217588,car,11,7,7501031.0,2021,11,16,1,3,2,2,2,0,1,0,1,798376.6832,5819792.42,13.39124533,52.44666893,0
6683,217589,car,11,7,7501030.0,2021,10,18,4,3,2,6,2,0,1,0,0,797857.9301,5820148.969,13.38395299,52.45014787,0
6684,217591,car,11,8,8200624.0,2021,11,20,3,2,5,3,2,0,1,0,1,801182.5908,5820607.225,13.43314131,52.45243393,1
6685,217596,bike + car,11,1,1100308.0,2021,11,8,5,3,2,6,0,1,1,0,0,797031.8573,5828963.166,13.37968987,52.5296076,0
6686,217598,car,11,5,5200528.0,2021,10,23,6,2,0,6,2,0,1,0,0,783659.2617,5825416.451,13.18007276,52.50493066,1
6687,217600,bike + car,11,10,10200630.0,2021,10,7,6,3,5,2,0,1,1,0,0,811561.006,5828996.093,13.59322011,52.52179381,0
6688,217601,bike,11,7,4501153.0,2021,11,15,2,3,0,1,1,1,0,0,1,793902.9657,5822964.088,13.32840339,52.4775249,0
6689,217602,car + pedestrian,11,4,4300621.0,2021,11,14,2,3,6,7,0,0,1,1,0,792158.5611,5827225.533,13.30652985,52.51666392,0
6690,217604,car + pedestrian,11,8,8100520.0,2021,10,18,2,3,6,2,2,0,1,1,0,803194.34,5822726.506,13.46458015,52.4703169,0
6691,217606,bike,11,1,1100415.0,2021,11,21,1,2,0,1,2,1,0,0,1,798300.0997,5829371.235,13.39869632,52.53257287,1
6692,217607,car + pedestrian,11,3,3601450.0,2021,11,9,5,3,6,2,0,0,1,1,0,802189.9931,5829405.043,13.45589963,52.53073331,0
6693,217608,bike + car,11,5,5200528.0,2021,11,18,2,3,5,2,2,1,1,0,1,783922.8123,5826614.916,13.18496766,52.51553923,0
6694,217610,bike + car,11,2,2400521.0,2021,10,18,2,3,1,5,2,1,1,0,0,801080.5599,5828002.557,13.43832435,52.5187765,0
6695,217611,bike + car,11,3,3601142.0,2021,10,8,5,3,5,3,0,1,1,0,0,799178.0636,5831224.174,13.41326952,52.54870044,0
6696,217613,car,11,3,3601141.0,2021,11,18,3,3,2,6,2,0,1,0,0,798803.1957,5831788.89,13.40826573,52.55396802,0
6697,217614,bike + car,11,2,2300419.0,2021,11,18,5,3,1,5,2,1,1,0,1,801714.07,5825847.935,13.44567964,52.4991143,0
6698,217615,car,11,1,1100102.0,2021,11,6,3,3,2,6,1,0,1,0,0,795191.8738,5827240.137,13.35111563,52.51516149,0
6699,217618,bike + car,11,10,10100311.0,2021,10,13,5,3,5,2,0,1,1,0,0,806821.4281,5830312.467,13.52479973,52.53627875,0
6700,217619,car,11,10,10300734.0,2021,11,1,3,3,9,1,2,0,1,0,0,809578.5766,5825251.04,13.56061271,52.48936094,0
6701,217620,car,11,2,2100106.0,2021,11,18,5,3,2,6,2,0,1,0,0,799852.8123,5825696.906,13.41820738,52.49878642,0
6702,217624,bike + car,11,7,7300618.0,2021,11,0,7,3,1,5,2,1,1,0,0,794946.2157,5822532.9,13.34333848,52.47309715,0
6703,217626,bike + car,11,8,8100104.0,2021,10,11,1,3,2,6,0,1,1,0,0,800261.2607,5822199.105,13.42105586,52.46720957,0
6704,217627,car + pedestrian,11,11,11300620.0,2021,10,10,2,3,6,2,0,0,1,1,0,804247.1239,5828701.389,13.48548825,52.52328251,0
6705,217628,car,11,7,7501031.0,2021,10,12,5,3,2,6,0,0,1,0,0,799035.9712,5819700.933,13.40083522,52.44548868,0
6706,217629,bike + pedestrian,11,7,7601341.0,2021,10,11,7,3,6,4,0,1,0,1,0,797845.7477,5815287.83,13.37944503,52.40657925,0
6707,217631,bike + car,11,1,1100308.0,2021,11,12,5,3,1,5,0,1,1,0,1,797583.3425,5828529.56,13.38740747,52.52542008,0
6708,217632,car,11,5,5300737.0,2021,11,20,2,3,2,6,2,0,1,0,1,787342.1638,5830122.106,13.23825089,52.54519236,0
6709,217633,bike + car,11,8,8100206.0,2021,11,15,6,3,5,2,0,1,1,0,0,800434.3059,5823706.843,13.42495357,52.48062893,0
6710,217634,bike + car,11,2,2100102.0,2021,10,8,2,3,5,2,0,1,1,0,0,798451.8002,5826533.729,13.39838032,52.50705543,0
6711,217636,bike + car,11,1,1100207.0,2021,10,14,3,3,5,3,0,1,1,0,0,797885.9236,5826675.655,13.39019445,52.50863689,0
6712,217637,car + pedestrian,11,7,7100102.0,2021,10,8,5,3,6,2,0,0,1,1,0,795469.2197,5825556.735,13.35369669,52.49992095,0
6713,217638,bike + car,11,12,12100102.0,2021,10,23,1,2,1,5,2,1,1,0,0,796570.0109,5833685.567,13.37711955,52.57219016,1
6714,217639,car,11,9,9100407.0,2021,11,19,3,2,0,1,2,0,1,0,0,804897.3623,5821576.377,13.48852332,52.45906091,1
6715,217641,bike + car,11,7,7100102.0,2021,11,11,3,3,0,3,0,1,1,0,0,795381.8632,5824981.476,13.35190339,52.49481148,0
6716,217644,car + pedestrian,11,1,1100415.0,2021,10,20,4,3,6,7,2,0,1,1,0,798316.8083,5829367.886,13.39893891,52.53253371,0
6717,217645,bike + car,11,4,4200310.0,2021,10,10,5,3,1,5,0,1,1,0,0,790018.1552,5826428.68,13.2743807,52.51066249,0
6718,217646,car,11,4,4500939.0,2021,11,16,4,3,2,7,2,0,1,0,1,792426.3178,5824089.374,13.30771035,52.48840553,0
6719,217647,bike + pedestrian,11,2,2200208.0,2021,11,17,6,3,6,7,1,1,0,1,0,797530.0145,5824951.072,13.383425,52.49337219,0
6720,217648,bike + car,11,7,7100101.0,2021,10,15,5,3,1,5,0,1,1,0,0,794909.3075,5825060.291,13.3450327,52.49577354,0
6721,217649,bike + car,11,3,3601141.0,2021,10,11,2,3,2,2,0,1,1,0,1,799213.6688,5831806.169,13.41431752,52.55389755,0
6722,217650,bike + car,11,8,8100415.0,2021,11,16,7,3,5,2,2,1,1,0,0,801453.94,5823631.826,13.43985456,52.47939464,0
6723,217653,car,11,5,5300737.0,2021,10,3,1,2,8,1,2,0,1,0,0,788028.5109,5829413.578,13.24772988,52.53847769,1
6724,217655,car,11,8,8200831.0,2021,10,10,7,3,2,6,0,0,1,0,0,799589.0819,5816401.958,13.40599355,52.41561493,0
6725,217657,bike + pedestrian,11,11,11200513.0,2021,11,8,4,3,6,4,0,1,0,1,0,804615.8399,5831082.694,13.4930884,52.54441911,0
6726,217658,bike + car,11,10,10400938.0,2021,11,7,2,3,5,3,0,1,1,0,1,815201.575,5829195.013,13.64688936,52.52148421,0
6727,217662,bike + car,11,7,7601341.0,2021,11,16,3,3,5,3,2,1,1,0,1,798082.8894,5815053.762,13.38271249,52.40435201,0
6728,217663,bike + car,11,1,1401049.0,2021,11,8,4,3,5,2,0,1,1,0,1,795974.2724,5831978.077,13.36683149,52.55720856,0
6729,217668,car,11,8,8401244.0,2021,10,20,7,3,2,6,2,0,1,0,0,804905.3276,5815668.925,13.48325329,52.40610958,0
6730,217671,car,11,11,11200411.0,2021,11,11,3,3,5,3,0,0,1,0,1,805617.3206,5831149.146,13.50787178,52.54445385,0
6731,217673,bike,11,1,1100309.0,2021,10,2,1,3,0,1,2,1,0,0,0,798753.5641,5828367.619,13.40445982,52.52332854,0
6732,217674,car,11,7,7601544.0,2021,10,18,4,2,0,7,1,0,1,0,0,799617.6185,5813175.761,13.40352625,52.38668045,1
6733,217677,car,11,4,4501153.0,2021,10,23,3,3,2,6,2,0,1,0,0,794303.3242,5824164.105,13.33534068,52.48806683,0
6734,217678,bike + car,11,7,7400824.0,2021,10,8,3,2,5,2,0,1,1,0,0,797842.741,5822041.767,13.38541881,52.46712304,1
6735,217679,car,11,4,4300416.0,2021,10,14,6,3,2,6,0,0,1,0,0,791931.0976,5826118.045,13.30221574,52.50685731,0
6736,217680,car,11,8,8100416.0,2021,11,17,5,3,1,5,2,0,1,0,1,801963.9019,5823073.637,13.44683538,52.47410979,0
6737,217683,bike + pedestrian,11,1,1300733.0,2021,10,16,2,3,6,4,0,1,0,1,0,797103.4106,5831715.314,13.38320282,52.55423838,0
6738,217684,bike + car,11,2,2400522.0,2021,10,7,6,3,1,5,2,1,1,0,0,801656.3119,5828260.97,13.44701828,52.52077451,0
6739,217685,car,11,10,10100311.0,2021,10,6,5,3,5,2,0,0,1,0,0,807453.2498,5828733.919,13.53262606,52.52177576,0
6740,217686,car + pedestrian,11,2,2200209.0,2021,11,17,2,3,6,2,2,0,1,1,1,797108.0248,5824306.019,13.37665252,52.48781982,0
6741,217688,car,11,10,10400940.0,2021,10,13,3,3,1,5,0,0,1,0,1,811932.7101,5824616.727,13.59457879,52.48233674,0
6742,217689,car,11,3,3200205.0,2021,11,5,7,3,0,6,2,0,1,0,0,797169.0686,5835656.649,13.38770016,52.58953163,0
6743,217690,car,11,6,6400737.0,2021,11,15,6,3,9,1,0,0,1,0,1,784712.1106,5819832.172,13.1907742,52.45431283,0
6744,217691,bike,11,11,11100309.0,2021,11,16,2,3,3,6,1,1,0,0,1,805310.8461,5833202.858,13.50525509,52.56303169,0
6745,217693,bike + car,11,6,6200313.0,2021,10,9,3,3,0,2,0,1,1,0,1,795673.2401,5818237.823,13.35020817,52.43420167,0
6746,217694,car + pedestrian,11,8,8401243.0,2021,10,16,5,3,6,7,0,0,1,1,0,805132.1922,5817982.729,13.48868743,52.42672121,0
6747,217695,bike + car,11,2,2200210.0,2021,10,5,7,2,1,5,2,1,1,0,0,798826.9264,5824910.895,13.40243485,52.49230361,1
6748,217696,bike + car,11,2,2100102.0,2021,11,9,4,3,5,2,0,1,1,0,1,798181.2266,5826512.671,13.39438668,52.50701462,0
6749,217697,car + pedestrian,11,1,1300834.0,2021,11,19,5,2,6,2,1,0,1,1,1,797699.7384,5830672.223,13.39103733,52.5445628,1
6750,217700,car,11,10,10100104.0,2021,10,8,7,3,5,3,0,0,1,0,1,810264.8895,5833858.625,13.57871987,52.56610806,0
6751,217701,car + pedestrian,11,2,2300314.0,2021,10,18,4,3,6,4,2,0,1,1,0,799629.3439,5826168.003,13.41534915,52.50313183,0
6752,217702,bike + car,11,1,1100102.0,2021,11,9,4,3,5,2,0,1,1,0,1,795420.8157,5827463.277,13.35467776,52.5170378,0
6753,217706,car,11,11,11300617.0,2021,11,10,6,3,5,3,0,0,1,0,1,802950.2805,5829192.375,13.46687958,52.52840521,0
6754,217709,bike,11,6,6400838.0,2021,10,17,2,3,0,1,1,1,0,0,0,787637.6549,5818131.101,13.23224473,52.43752978,0
6755,217711,bike + car,11,3,3400826.0,2021,10,10,7,3,0,2,0,1,1,0,0,798934.5028,5832600.956,13.41092805,52.56117488,0
6756,217712,car + pedestrian,11,7,7200307.0,2021,11,16,2,3,6,2,0,0,1,1,0,794956.3071,5824461.191,13.34519262,52.49037761,0
6757,217714,car,11,2,2100102.0,2021,11,10,7,3,5,2,0,0,1,0,0,798221.3117,5825857.213,13.39438846,52.50111736,0
6758,217715,car,11,3,3200207.0,2021,11,21,6,2,2,6,2,0,1,0,0,799608.8222,5836307.847,13.42419582,52.59403018,1
6759,217720,car + pedestrian,11,9,9200717.0,2021,10,6,3,2,6,4,2,0,1,1,1,809889.0944,5819261.245,13.55961057,52.43550581,1
6760,217721,bike,11,7,7100103.0,2021,10,21,3,3,0,7,2,1,0,0,1,796012.13,5825353.78,13.36149085,52.49780742,0
6761,217722,car + pedestrian,11,10,10200526.0,2021,10,15,6,3,6,2,0,0,1,1,0,812262.7242,5830197.414,13.60465709,52.53215762,0
6762,217725,bike + car,11,11,11300721.0,2021,11,10,3,3,0,2,0,1,1,0,1,805516.5431,5830038.506,13.50536912,52.53455646,0
6763,217728,bike + car,11,8,8401243.0,2021,11,8,6,3,2,6,0,1,1,0,0,805605.8432,5817374.997,13.49507671,52.42101,0
6764,217729,car,11,8,8200832.0,2021,11,6,3,3,2,6,2,0,1,0,1,801555.2123,5817377.055,13.43569401,52.42327547,0
6765,217730,bike + car,11,4,4300622.0,2021,11,13,2,3,5,2,0,1,1,0,1,792918.5165,5826769.293,13.31729575,52.51216626,0
6766,217731,bike + car,11,12,12200412.0,2021,11,4,7,2,1,5,2,1,1,0,0,788547.4648,5832781.031,13.25828718,52.56839333,1
6767,217732,car + pedestrian,11,6,6200311.0,2021,10,7,3,3,6,2,2,0,1,1,1,796471.1648,5818336.072,13.36199819,52.43465051,0
6768,217733,car + pedestrian,11,7,7400720.0,2021,11,10,2,3,6,2,0,0,1,1,0,797675.3937,5823654.682,13.38440213,52.48167226,0
6769,217734,bike + car,11,2,2200213.0,2021,10,13,4,3,1,5,0,1,1,0,0,799859.2491,5824780.393,13.41747697,52.49056775,0
6770,217735,car,11,7,7400822.0,2021,10,14,3,3,2,6,0,0,1,0,0,796791.021,5821977.181,13.36992491,52.46711642,0
6771,217737,car,11,4,4100101.0,2021,11,20,3,2,5,2,2,0,1,0,1,793341.1986,5829717.341,13.32610691,52.53836698,1
6772,217738,bike + car,11,6,6200421.0,2021,11,16,4,3,5,2,2,1,1,0,1,793122.7448,5817655.037,13.312288,52.43034985,0
6773,217740,car,11,6,6400840.0,2021,10,9,4,3,1,5,0,0,1,0,0,789054.2755,5819700.686,13.25438428,52.45085501,0
6774,217741,bike,11,4,4100101.0,2021,10,20,7,3,0,7,2,1,0,0,0,789755.7743,5829879.799,13.2735327,52.54174174,0
6775,217742,car,11,10,10100315.0,2021,11,13,5,3,5,3,0,0,1,0,0,809743.0015,5831427.319,13.5687763,52.54461708,0
6776,217744,car,11,12,12500926.0,2021,10,10,7,2,5,2,0,0,1,0,0,793422.8728,5836089.721,13.33294433,52.59544761,1
6777,217745,bike + car,11,1,1100206.0,2021,10,9,7,3,5,3,0,1,1,0,0,797677.1388,5827961.612,13.38827762,52.52027791,0
6778,217746,car + pedestrian,11,5,5200629.0,2021,11,15,7,3,6,4,0,0,1,1,0,784518.6303,5828640.247,13.19545722,52.53338794,0
6779,217747,car,11,3,3300514.0,2021,11,14,4,3,8,1,0,0,1,0,0,801463.8187,5837062.106,13.45218475,52.59976551,0
6780,217749,car,11,1,1100313.0,2021,11,12,1,3,5,3,0,0,1,0,1,800066.5206,5826414.449,13.42199267,52.50510059,0
6781,217751,bike + car,11,4,4501044.0,2021,10,7,3,3,1,5,1,1,1,0,1,793136.5496,5824524.896,13.31852361,52.49192894,0
6782,217753,bike + car,11,8,8100312.0,2021,10,19,3,3,1,5,2,1,1,0,1,801329.1614,5823989.951,13.43834645,52.48267346,0
6783,217754,car,11,11,11300721.0,2021,10,10,3,3,5,3,0,0,1,0,0,805142.2051,5829994.662,13.49982712,52.53437321,0
6784,217755,bike,11,4,4501042.0,2021,10,0,6,3,0,1,2,1,0,0,0,794444.5364,5825803.45,13.33886339,52.50268646,0
6785,217757,bike + car,11,4,4300416.0,2021,11,7,6,3,1,5,0,1,1,0,1,791856.8999,5825917.106,13.30094947,52.50509562,0
6786,217758,car,11,5,5100316.0,2021,11,15,2,3,5,2,0,0,1,0,1,784788.0699,5828800.068,13.19955568,52.53468017,0
6787,217759,bike + pedestrian,11,1,1200629.0,2021,10,15,6,3,6,4,0,1,0,1,0,794864.252,5827696.445,13.34670603,52.51942919,0
6788,217761,car,11,4,4300619.0,2021,10,0,7,2,8,1,2,0,1,0,0,792647.0353,5827107.493,13.31360417,52.51534384,1
6789,217762,car + pedestrian,11,6,6400843.0,2021,10,18,5,3,6,2,1,0,1,1,0,791543.5662,5819562.899,13.29079102,52.44829785,0
6790,217763,car + pedestrian,11,1,2100101.0,2021,11,16,7,3,6,4,2,0,1,1,1,797046.9722,5826538.653,13.37774713,52.50786628,0
6791,217765,bike + pedestrian,11,1,1100101.0,2021,10,8,2,3,6,4,0,1,0,1,0,795008.0131,5826317.568,13.34759624,52.50699081,0
6792,217766,car,11,3,3400619.0,2021,11,16,1,3,5,3,1,0,1,0,1,795968.8967,5835562.709,13.36995187,52.58934391,0
6793,217767,bike + car,11,10,10200423.0,2021,11,12,5,3,5,3,0,1,1,0,0,813245.1958,5831083.634,13.61992887,52.53953529,0
6794,217768,car,11,4,4200204.0,2021,11,16,3,3,2,7,1,0,1,0,0,786554.7688,5826176.584,13.22327074,52.51023274,0
6795,217769,car + pedestrian,11,11,11300620.0,2021,10,7,3,3,6,4,0,0,1,1,0,803815.9661,5829074.974,13.47949415,52.52687124,0
6796,217773,bike + car,11,7,7300517.0,2021,11,16,5,3,1,5,1,1,1,0,1,794395.9728,5822574.053,13.33529722,52.4737629,0
6797,217774,car,11,1,1200624.0,2021,11,7,2,3,2,6,0,0,1,0,1,795648.1311,5829724.009,13.36002814,52.5371801,0
6798,217775,bike + car,11,3,3100101.0,2021,10,15,5,3,2,6,0,1,1,0,0,801641.019,5842236.16,13.45951335,52.64604121,0
6799,217776,bike + car,11,10,10400941.0,2021,10,14,5,3,5,3,0,1,1,0,1,812638.5849,5825271.624,13.60555366,52.48780172,0
6800,217777,bike + car,11,4,4300622.0,2021,10,14,5,3,5,2,0,1,1,0,0,792918.5287,5826769.271,13.31729591,52.51216606,0
6801,217778,car,11,1,1401045.0,2021,11,5,3,3,2,6,2,0,1,0,1,797119.3137,5831888.236,13.38359147,52.55577974,0
6802,217779,bike,11,3,3400829.0,2021,11,18,5,2,5,2,2,1,0,0,0,800000.7762,5833019.303,13.42698872,52.56433822,1
6803,217780,car + pedestrian,11,3,3400723.0,2021,10,18,5,3,6,2,2,0,1,1,1,798614.9592,5833053.371,13.40663536,52.56540543,0
6804,217781,car,11,2,2200210.0,2021,10,18,7,3,2,2,1,0,1,0,0,798802.2857,5824933.833,13.40209357,52.4925227,0
6805,217782,car,11,10,10100311.0,2021,11,15,6,3,5,2,0,0,1,0,0,806307.8311,5830190.137,13.5171384,52.53547129,0
6806,217783,car,11,5,5200423.0,2021,11,15,5,3,2,2,0,0,1,0,0,781984.4125,5828468.758,13.15805007,52.53316738,0
6807,217784,car,11,5,5200423.0,2021,10,20,1,3,2,6,2,0,1,0,0,781305.9141,5828390.668,13.14800759,52.53281781,0
6808,217785,car,11,4,4300517.0,2021,10,5,1,3,8,1,2,0,1,0,0,791702.9295,5827860.322,13.3003909,52.5225986,0
6809,217786,car,11,2,2500728.0,2021,10,17,4,3,5,3,1,0,1,0,0,803009.0402,5828269.27,13.46690205,52.52009893,0
6810,217787,car,11,8,8401243.0,2021,10,8,7,2,5,2,0,0,1,0,0,805547.183,5818559.307,13.49529859,52.43165729,1
6811,217788,car,11,12,12100101.0,2021,11,21,1,3,5,3,2,0,1,0,0,795771.7398,5832573.063,13.36438302,52.56265206,0
6812,217790,car,11,9,9200717.0,2021,11,16,7,3,3,7,1,0,1,0,0,809414.0595,5818616.934,13.55204881,52.43000047,0
6813,217791,car,11,8,8401242.0,2021,11,23,6,3,2,6,2,0,1,0,0,804510.9249,5816087.836,13.47785428,52.4100837,0
6814,217792,car,11,2,2500834.0,2021,10,18,4,3,1,5,0,0,1,0,0,803047.9498,5826577.318,13.46593307,52.50491261,0
6815,217793,bike + car,11,5,5200527.0,2021,10,7,4,3,5,2,0,1,1,0,1,783326.9371,5827682.732,13.17711955,52.52542344,0
6816,217794,bike + car,11,8,8100312.0,2021,11,18,3,3,5,3,2,1,1,0,1,801264.7693,5824590.738,13.43794409,52.48809399,0
6817,217795,bike + car,11,2,2100105.0,2021,11,17,5,3,3,6,2,1,1,0,1,799215.8326,5825966.099,13.40909382,52.50154896,0