,ObjectID,vehicle_types,State,District,LOR_ab_2021,AccidentYear,AccidentMonth,AccidentHour,DayOfWeek,AccidentCategory,AccidentType,AccidentTypeDetail,LightingCondition,InvolvingBike,InvolvingCar,InvolvingPedestrian,RoadCondition,GraphicCoord1,GraphicCoord2,LongitudeWGS84,LatitudeWGS84,accident_outcome
7010,218096,car,11,11,11200512.0,2021,11,15,2,3,2,6,0,0,1,0,0,803195.2199,5830293.935,13.47148395,52.53814206,0
7011,218097,car,11,8,8100419.0,2021,11,6,3,2,5,3,1,0,1,0,1,802290.7134,5823886.273,13.45236899,52.48121275,1
7012,218098,bike + car,11,8,8100209.0,2021,11,16,2,3,5,3,2,1,1,0,1,801422.9244,5822254.935,13.43815504,52.46707035,0
7013,218099,bike + car,11,8,8100209.0,2021,11,16,7,3,5,3,2,1,1,0,0,801186.2094,5821807.342,13.43427703,52.46318898,0
7014,218100,bike,11,3,3601449.0,2021,10,12,4,3,2,6,0,1,0,0,0,801303.2317,5830332.944,13.44370802,52.53954104,0
7015,218102,car + pedestrian,11,12,12200309.0,2021,11,9,2,3,6,4,0,0,1,1,1,793310.1237,5832736.002,13.32831681,52.56544439,0
7016,218103,bike + car,11,5,5100314.0,2021,10,6,4,3,5,3,1,1,1,0,0,785134.9827,5829611.958,13.2053531,52.54177811,0
7017,218105,car,11,5,5200524.0,2021,10,15,6,3,2,6,0,0,1,0,0,780031.9834,5827701.443,13.12869533,52.52729371,0
7018,218107,car,11,9,9100203.0,2021,11,8,6,3,5,2,0,0,1,0,1,804630.2502,5823363.388,13.48623552,52.47522627,0
7019,218111,car,11,11,11300620.0,2021,10,13,6,3,2,6,0,0,1,0,1,803553.1429,5829753.701,13.47625163,52.53310086,0
7020,218112,car,11,10,10100314.0,2021,10,15,5,3,5,7,0,0,1,0,0,809017.722,5830241.23,13.55701205,52.53439955,0
7021,218113,car,11,3,3100101.0,2021,11,18,7,3,1,5,2,0,1,0,1,804090.6239,5842139.366,13.49551879,52.64380711,0
7022,218114,car,11,1,1300733.0,2021,10,10,3,3,2,6,0,0,1,0,1,797337.9384,5831214.758,13.38620355,52.54962354,0
7023,218115,car,11,3,3601450.0,2021,11,21,1,3,2,6,2,0,1,0,1,802303.7696,5829185.312,13.45737199,52.5287008,0
7024,218116,bike + car,11,1,1100205.0,2021,11,10,5,3,5,3,0,1,1,0,0,796943.2605,5826780.722,13.37643947,52.51009263,0
7025,218118,car,11,6,6200313.0,2021,10,17,3,2,5,2,0,0,1,0,1,795152.4188,5818236.299,13.34256796,52.43446929,1
7026,218121,car,11,3,3601141.0,2021,11,7,3,3,2,6,0,0,1,0,0,799193.9613,5831774.907,13.41399953,52.55362816,0
7027,218123,bike + car,11,11,11401034.0,2021,11,9,2,3,5,2,0,1,1,0,0,806912.64,5827332.943,13.52339093,52.50952456,0
7028,218125,bike + pedestrian,11,5,5100208.0,2021,10,13,5,3,0,4,0,1,0,1,1,782033.0035,5830190.332,13.16022606,52.54857861,0
7029,218126,bike + car,11,4,4300624.0,2021,10,19,4,3,1,5,2,1,1,0,0,792875.3565,5826105.418,13.31607743,52.50623803,0
7030,218127,bike + car,11,1,1300733.0,2021,11,8,4,3,2,6,0,1,1,0,1,797274.1279,5831288.117,13.38533092,52.55031593,0
7031,218131,bike + car,11,7,7300517.0,2021,11,17,6,3,3,6,2,1,1,0,0,794274.414,5822068.161,13.33306642,52.46929333,0
7032,218136,bike + car,11,1,1300733.0,2021,11,16,7,3,5,3,2,1,1,0,1,797234.849,5831333.631,13.38479407,52.55074534,0
7033,218137,bike + car,11,9,9502042.0,2021,11,10,4,3,1,5,0,1,1,0,0,811925.0318,5822330.972,13.59232889,52.46185771,0
7034,218139,bike + car,11,3,3601450.0,2021,11,12,6,3,0,2,0,1,1,0,1,802413.1566,5829258.311,13.45904596,52.52929441,0
7035,218140,car + pedestrian,11,4,4400835.0,2021,10,8,4,3,6,2,0,0,1,1,1,792988.806,5821755.623,13.31392035,52.46718252,0
7036,218141,bike + car,11,11,11501339.0,2021,11,12,3,2,5,2,0,1,1,0,1,807284.579,5825417.152,13.52708647,52.49214567,1
7037,218142,car,11,6,6200419.0,2021,10,20,2,3,1,5,2,0,1,0,0,793231.7019,5815867.093,13.31231889,52.41426285,0
7038,218143,car + pedestrian,11,8,8100311.0,2021,10,21,3,3,6,7,2,0,1,1,0,800506.0171,5824470.69,13.42669492,52.48743613,0
7039,218146,bike + car,11,11,11100102.0,2021,10,16,6,3,5,3,0,1,1,0,0,808694.1962,5834224.533,13.55596081,52.57028005,0
7040,218148,bike + car,11,8,8100415.0,2021,11,9,3,3,5,3,0,1,1,0,1,801632.0486,5823755.141,13.44258075,52.48040159,0
7041,218149,bike + car,11,8,8100417.0,2021,10,14,7,3,5,2,0,1,1,0,0,802487.4466,5823156.135,13.45459483,52.47455955,0
7042,218153,car,11,9,9501737.0,2021,12,10,6,3,5,3,0,0,1,0,1,814060.6548,5820760.098,13.62218267,52.44655803,0
7043,218155,car + pedestrian,11,12,12601235.0,2021,12,7,6,3,6,2,1,0,1,1,2,795289.5645,5836366.954,13.36067023,52.59692238,0
7044,218158,bike + car,11,1,1300834.0,2021,12,11,3,3,5,3,0,1,1,0,0,798243.8498,5830472.38,13.39885781,52.54247391,0
7045,218160,car,11,5,5100210.0,2021,12,15,2,3,2,6,0,0,1,0,1,784196.6759,5830055.518,13.19193419,52.54624533,0
7046,218161,car,11,4,4200308.0,2021,12,15,1,2,5,3,1,0,1,0,1,790571.6881,5827337.151,13.28330744,52.5185124,1
7047,218162,bike + car,11,11,11100204.0,2021,12,5,4,3,5,2,2,1,1,0,1,806899.0194,5832615.901,13.52806849,52.55687855,0
7048,218163,bike + car,11,10,10400835.0,2021,12,16,6,3,5,3,2,1,1,0,0,811906.8985,5829738.912,13.59899829,52.52825262,0
7049,218165,bike + pedestrian,11,10,10200422.0,2021,12,14,6,3,6,7,0,1,0,1,0,812106.9202,5831334.237,13.60343529,52.54243405,0
7050,218166,bike + car,11,7,7400823.0,2021,12,17,6,3,1,5,2,1,1,0,1,797295.533,5821444.838,13.37685555,52.4620702,0
7051,218167,bike + car,11,3,3500934.0,2021,12,17,5,3,5,3,2,1,1,0,1,800422.9449,5832306.713,13.43255313,52.55771837,0
7052,218172,car,11,10,10200420.0,2021,12,10,6,3,5,3,0,0,1,0,0,811956.1299,5830875.804,13.6007886,52.53841232,0
7053,218175,car + pedestrian,11,1,1400940.0,2021,12,14,4,3,6,4,0,0,1,1,0,794875.4463,5832003.426,13.35069274,52.55803189,0
7054,218176,car,11,4,4501045.0,2021,12,0,3,3,1,5,2,0,1,0,2,794051.0802,5825395.995,13.33272375,52.49924601,0
7055,218177,car,11,1,1200629.0,2021,12,18,3,3,2,6,2,0,1,0,0,794408.13,5827612.901,13.3399292,52.51892671,0
7056,218180,car + pedestrian,11,1,1200627.0,2021,12,16,7,2,6,4,2,0,1,1,0,795566.0637,5828466.357,13.35770343,52.52595087,1
7057,218184,car,11,1,1300732.0,2021,12,8,2,2,2,6,0,0,1,0,0,797278.2663,5832202.171,13.3862103,52.55850703,1
7058,218186,car,11,2,2400623.0,2021,12,13,7,3,2,1,0,0,1,0,0,801225.8244,5827645.001,13.44013503,52.51549145,0
7059,218187,bike + car,11,2,2200211.0,2021,12,8,6,3,5,7,0,1,1,0,0,797934.485,5824575.815,13.38902943,52.48978784,0
7060,218193,car,11,7,7100102.0,2021,12,22,1,3,2,6,2,0,1,0,1,794982.8542,5825191.796,13.34622937,52.49691264,0
7061,218195,car + pedestrian,11,4,4501150.0,2021,12,19,7,3,6,2,2,0,1,1,0,793444.8067,5823951.257,13.32254572,52.48662087,0
7062,218198,bike + car,11,4,4501147.0,2021,12,12,5,3,5,7,0,1,1,0,0,793116.3522,5824086.459,13.31784132,52.48800935,0
7063,218200,car,11,1,1400938.0,2021,12,9,4,3,5,7,1,0,1,0,0,794390.6226,5830781.906,13.3424787,52.54734416,0
7064,218202,bike + pedestrian,11,1,1100308.0,2021,12,17,2,3,6,2,2,1,0,1,0,797083.1658,5828186.105,13.37974976,52.52261416,0
7065,218205,car + pedestrian,11,2,2200211.0,2021,12,15,7,3,6,7,1,0,1,1,1,798285.3837,5824755.489,13.39434303,52.49120677,0
7066,218207,car,11,4,4501042.0,2021,12,19,6,3,2,6,2,0,1,0,0,794021.718,5825929.344,13.33276338,52.50404303,0
7067,218208,bike + car,11,6,6100103.0,2021,12,18,5,3,1,5,2,1,1,0,1,793662.9399,5821550.528,13.32363504,52.46498199,0
7068,218211,bike + car,11,1,1100416.0,2021,12,14,3,3,1,5,0,1,1,0,0,798711.2702,5829565.357,13.40491439,52.53408772,0
7069,218212,bike + car,11,5,5100315.0,2021,12,7,4,3,5,3,1,1,1,0,1,784280.9394,5830374.225,13.1934463,52.54905891,0
7070,218213,car,11,7,7501133.0,2021,12,11,5,3,5,2,0,0,1,0,0,798714.3346,5817581.963,13.39422345,52.42667041,0
7071,218214,car,11,12,12200307.0,2021,12,8,5,3,3,6,0,0,1,0,0,793522.2938,5834079.084,13.33262676,52.57736993,0
7072,218215,car,11,8,8200727.0,2021,12,16,3,3,5,7,2,0,1,0,1,801318.0602,5819541.273,13.43416736,52.4428048,0
7073,218217,car,11,6,6300632.0,2021,12,14,6,2,5,3,0,0,1,0,1,791932.2083,5817211.898,13.29444007,52.42701371,1
7074,218219,bike + car,11,11,11400931.0,2021,12,14,5,3,5,2,0,1,1,0,0,806684.6153,5826909.665,13.51965164,52.5058593,0
7075,218222,bike,11,3,3400721.0,2021,12,6,4,2,2,7,2,1,0,0,0,798024.781,5833256.667,13.39813671,52.56755109,1
7076,218228,car,11,10,10100207.0,2021,12,10,5,3,2,1,0,0,1,0,2,810111.0976,5833266.005,13.57590431,52.56088498,0
7077,218230,car + pedestrian,11,9,9502043.0,2021,12,14,4,3,6,4,0,0,1,1,0,811096.6133,5821986.397,13.57985373,52.45924201,0
7078,218232,car + pedestrian,11,7,7601442.0,2021,12,10,2,2,6,2,0,0,1,1,0,799553.6924,5815098.006,13.4043081,52.403946,1
7079,218233,bike,11,11,11300826.0,2021,11,16,3,3,5,3,2,1,0,0,1,803820.6939,5827214.009,13.47786412,52.51018936,0
7080,218235,car,11,3,3601450.0,2021,12,21,6,3,2,6,2,0,1,0,1,801729.6655,5830075.952,13.44974324,52.53700167,0
7081,218236,car,11,1,1100312.0,2021,12,13,5,3,2,6,0,0,1,0,1,799590.4317,5826896.97,13.41543359,52.50968728,0
7082,218239,bike + car,11,2,2200208.0,2021,12,14,3,3,5,2,0,1,1,0,1,797916.269,5825263.65,13.38937697,52.49596341,0
7083,218240,car,11,9,9401329.0,2021,12,12,5,3,0,7,0,0,1,0,0,812319.2143,5818649.62,13.59467099,52.42864275,0
7084,218242,car,11,7,7300619.0,2021,12,20,1,3,5,3,2,0,1,0,1,795078.8456,5821629.959,13.34448689,52.46493122,0
7085,218245,car + pedestrian,11,8,8100521.0,2021,11,16,2,3,6,2,1,0,1,1,1,804066.0938,5821912.752,13.47663288,52.46253889,0
7086,218248,bike + car,11,4,4400834.0,2021,12,19,5,3,5,3,2,1,1,0,1,792969.0907,5822305.232,13.31411359,52.4721202,0
7087,218250,car + pedestrian,11,11,11501341.0,2021,12,9,4,2,6,4,0,0,1,1,0,806864.9288,5823715.972,13.51935885,52.47713538,1
7088,218251,car,11,4,4400727.0,2021,12,11,3,3,2,6,0,0,1,0,0,791261.7305,5823311.96,13.28992792,52.4820586,0
7089,218252,bike + car,11,6,6400843.0,2021,12,17,3,3,5,3,2,1,1,0,0,792010.4,5820633.783,13.29857707,52.45764913,0
7090,218255,car,11,1,1100309.0,2021,12,21,6,2,5,2,2,0,1,0,1,799062.5815,5829002.155,13.40957161,52.52884681,1
7091,218257,car,11,6,6100208.0,2021,12,19,6,2,1,1,2,0,1,0,0,794750.0883,5820232.91,13.33842816,52.45258487,1
7092,218258,car + pedestrian,11,11,11100309.0,2021,12,17,5,3,6,2,2,0,1,1,0,805527.1404,5833410.203,13.50862698,52.56476865,0
7093,218259,bike + car,11,1,1100206.0,2021,12,17,4,3,5,7,1,1,1,0,1,797910.1441,5827336.705,13.39114199,52.51454916,0
7094,218261,car + pedestrian,11,6,6300632.0,2021,12,11,3,3,6,4,0,0,1,1,0,792513.9198,5817273.386,13.30302488,52.42725425,0
7095,218262,car + pedestrian,11,8,8401246.0,2021,12,7,4,3,6,2,1,0,1,1,1,806083.2889,5817077.862,13.50180403,52.4180801,0
7096,218263,car,11,9,9200715.0,2021,12,15,7,3,2,1,0,0,1,0,0,809077.3254,5818202.557,13.54672885,52.42647716,0
7097,218265,car,11,9,9100203.0,2021,12,16,5,3,2,2,1,0,1,0,1,804109.3365,5823598.227,13.47880373,52.47762135,0
7098,218267,bike + car,11,1,1200521.0,2021,12,13,4,3,1,5,0,1,1,0,1,793690.0267,5828195.855,13.32989113,52.52453981,0
7099,218269,car + pedestrian,11,9,9200819.0,2021,12,15,4,3,6,4,1,0,1,1,1,810403.0834,5819864.254,13.56770712,52.44061838,0
7100,218271,car + pedestrian,11,4,4501043.0,2021,12,15,2,3,6,2,1,0,1,1,1,792859.4159,5824330.387,13.31428247,52.49033399,0
7101,218272,car + pedestrian,11,6,6200420.0,2021,12,17,2,2,6,4,2,0,1,1,0,792359.2987,5815602.873,13.29929766,52.41236077,1
7102,218273,car,11,9,9200715.0,2021,11,15,3,3,2,6,0,0,1,0,1,808386.6574,5819134.206,13.53746245,52.43521638,0
7103,218274,car,11,5,5100315.0,2021,12,14,7,3,5,2,0,0,1,0,1,784662.9878,5829704.407,13.19849137,52.54285381,0
7104,218277,bike + car,11,11,11400930.0,2021,12,6,3,3,5,3,2,1,1,0,1,806249.8575,5826813.385,13.51317761,52.50524061,0
7105,218279,car,11,11,11200512.0,2021,12,14,3,3,5,2,0,0,1,0,1,802893.317,5831205.18,13.46787706,52.54647723,0
7106,218283,car,11,4,4500938.0,2021,12,8,5,3,2,6,0,0,1,0,2,791617.1147,5824496.835,13.29618309,52.49249125,0
7107,218285,car,11,7,7400822.0,2021,12,9,7,3,1,3,0,0,1,0,1,796812.2671,5821779.412,13.37006083,52.46533206,0
7108,218286,bike + car,11,10,10200629.0,2021,12,9,4,3,5,2,0,1,1,0,1,811160.8121,5829063.29,13.58740363,52.52262449,0
7109,218289,bike,11,3,3200206.0,2021,12,10,4,2,0,7,0,1,0,0,1,797884.4959,5834606.428,13.3972856,52.57972658,1
7110,218290,car,11,6,6200311.0,2021,12,1,1,3,8,1,2,0,1,0,2,795798.7701,5819017.517,13.35273929,52.44112325,0
7111,218291,car,11,1,1200623.0,2021,12,18,6,3,2,6,2,0,1,0,1,795360.7416,5828617.89,13.35482036,52.52742051,0
7112,218295,car,11,8,8200730.0,2021,12,19,5,2,8,1,2,0,1,0,2,801433.3664,5818795.923,13.43518647,52.43606043,1
7113,218296,car,11,9,9100304.0,2021,12,15,1,3,0,7,1,0,1,0,1,804394.2904,5822392.538,13.48188632,52.46665636,0
7114,218297,bike + car,11,8,8100311.0,2021,12,21,3,3,1,5,2,1,1,0,0,800717.2691,5824364.225,13.42970068,52.48636552,0
7115,218299,bike + car,11,3,3200205.0,2021,11,17,3,2,5,3,1,1,1,0,1,797369.327,5835183.095,13.39022253,52.58517742,1
7116,218301,car,11,2,2400521.0,2021,12,1,1,2,5,2,2,0,1,0,1,800868.0556,5828324.365,13.43549303,52.52177821,1
7117,218304,car + pedestrian,11,10,10200417.0,2021,12,16,3,3,6,4,1,0,1,1,0,811338.8441,5831956.261,13.59272914,52.54844754,0
7118,218305,car,11,12,12500930.0,2021,12,18,3,3,5,3,2,0,1,0,2,793667.3618,5834564.786,13.33519173,52.58164566,0
7119,218306,car + pedestrian,11,3,3300516.0,2021,12,17,2,2,6,4,2,0,1,1,0,800679.3497,5833789.866,13.437668,52.57087055,1
7120,218309,car + pedestrian,11,1,1300733.0,2021,12,16,6,3,6,4,2,0,1,1,1,797688.6232,5831471.99,13.39159082,52.55173775,0
7121,218311,car,11,12,12200309.0,2021,12,20,5,3,2,6,2,0,1,0,0,792796.4389,5832752.821,13.32077477,52.56587168,0
7122,218313,car,11,7,7300619.0,2021,12,17,3,3,1,5,2,0,1,0,0,794759.1259,5821915.387,13.34004641,52.46766249,0
7123,218314,car,11,9,9100304.0,2021,12,14,5,3,5,3,0,0,1,0,0,804400.4061,5821740.578,13.48138146,52.46080962,0
7124,218315,car,11,4,4100102.0,2021,12,14,7,2,9,1,0,0,1,0,0,791172.6157,5829090.83,13.29367435,52.53391344,1
7125,218316,car,11,8,8200832.0,2021,12,12,2,3,5,2,0,0,1,0,1,800310.9326,5816738.053,13.41687705,52.41823199,0
7126,218321,car,11,2,2500835.0,2021,12,17,6,3,2,1,2,0,1,0,0,802486.2213,5826433.888,13.45755197,52.50393875,0
7127,218324,car + pedestrian,11,2,2200212.0,2021,12,17,2,3,6,7,2,0,1,1,1,800272.3469,5824378.904,13.42318123,52.48674198,0
7128,218325,car,11,11,11200411.0,2021,12,21,1,2,8,1,2,0,1,0,1,805845.6542,5831868.985,13.51189127,52.5507771,1
7129,218327,car,11,8,8100521.0,2021,12,9,6,3,2,2,0,0,1,0,0,803804.5383,5821741.493,13.47263898,52.46114939,0
7130,218329,car + pedestrian,11,5,5200527.0,2021,12,15,2,3,6,6,0,0,1,1,1,782546.3835,5827197.855,13.1652329,52.52148094,0
7131,218330,car,11,12,12400721.0,2021,12,11,6,3,5,3,0,0,1,0,1,790135.2554,5842630.215,13.29028564,52.65584592,0
7132,218331,car,11,8,8100417.0,2021,12,12,4,3,5,3,0,0,1,0,0,802350.324,5822951.708,13.45239681,52.47280317,0
7133,218333,bike,11,6,6300629.0,2021,11,19,2,3,0,1,2,1,0,0,1,791449.5825,5819050.085,13.28896465,52.44375054,0
7134,218335,car,11,8,8200623.0,2021,12,22,5,3,5,3,2,0,1,0,1,801768.1636,5821091.469,13.44216991,52.45645139,0
7135,218336,car,11,1,1100207.0,2021,12,6,6,3,5,3,2,0,1,0,0,798020.9509,5826589.921,13.39210135,52.50779465,0
7136,218338,bike + car,11,4,4501041.0,2021,12,17,3,3,3,6,2,1,1,0,0,793153.145,5825392.632,13.31953099,52.49969897,0
7137,218339,bike + car,11,9,9401534.0,2021,12,15,3,3,5,3,1,1,1,0,2,810899.7019,5820441.016,13.57552638,52.44550501,0
7138,218340,car + pedestrian,11,4,4300412.0,2021,12,17,2,2,6,4,2,0,1,1,0,790921.5976,5827403.163,13.28850749,52.51891763,1
7139,218343,bike + car,11,7,7100102.0,2021,12,8,6,3,4,1,1,1,1,0,2,795544.5567,5825255.851,13.35453629,52.49718296,0
7140,218345,car,11,8,8100521.0,2021,12,16,3,3,2,6,2,0,1,0,0,803786.0217,5822151.349,13.47274032,52.46483316,0
7141,218347,car + pedestrian,11,4,4400728.0,2021,11,19,2,3,6,2,2,0,1,1,1,790702.3563,5822699.933,13.28118044,52.4768698,0
7142,218349,bike + car,11,12,12500930.0,2021,12,14,5,3,5,3,0,1,1,0,1,793608.1481,5835165.981,13.33485298,52.58706692,0
7143,218350,car + pedestrian,11,2,2100104.0,2021,12,14,5,2,6,4,0,0,1,1,0,799112.9451,5826263.65,13.40784989,52.50427249,1
7144,218353,car,11,4,4501152.0,2021,12,19,4,3,2,6,2,0,1,0,0,793995.1716,5824713.824,13.33130044,52.49316082,0
7145,218354,bike,11,7,7400721.0,2021,12,18,4,2,0,1,2,1,0,0,1,798529.913,5823952.924,13.39721504,52.48387914,1
7146,218355,bike,11,4,4501152.0,2021,12,15,3,3,0,1,0,1,0,0,2,794116.7352,5824690.006,13.33306479,52.49288181,0
7147,218358,car,11,11,11300725.0,2021,12,14,7,3,0,5,1,0,1,0,1,804882.2994,5827751.149,13.49395047,52.51441121,0
7148,218360,car + pedestrian,11,4,4300416.0,2021,12,17,4,3,6,7,2,0,1,1,1,791506.279,5826293.056,13.29612754,52.50865342,0
7149,218362,bike + car,11,6,6200422.0,2021,12,16,3,3,5,2,2,1,1,0,0,794097.2224,5817420.877,13.32637385,52.42772768,0
7150,218363,car + pedestrian,11,6,6300634.0,2021,12,21,4,2,6,2,2,0,1,1,1,792932.2193,5817743.298,13.30957101,52.43124315,1
7151,218364,car,11,10,10400835.0,2021,12,23,2,3,5,3,2,0,1,0,2,811468.084,5828135.685,13.5910495,52.51413653,0
7152,218365,car,11,2,2300315.0,2021,12,8,2,3,2,6,0,0,1,0,0,800433.224,5825788.677,13.42681458,52.49928979,0
7153,218366,car + pedestrian,11,12,12601134.0,2021,12,14,5,3,6,2,0,0,1,1,1,793956.8547,5836631.339,13.34128582,52.60001443,0
7154,218368,car,11,10,10200421.0,2021,12,16,5,3,2,6,1,0,1,0,2,812267.3375,5830685.873,13.60518377,52.53653211,0
7155,218369,car,11,9,9502043.0,2021,12,17,6,3,4,2,2,0,1,0,0,809215.4653,5823033.233,13.55322526,52.46969115,0
7156,218370,car + pedestrian,11,4,4501045.0,2021,12,16,3,3,6,2,1,0,1,1,1,793661.2698,5825321.637,13.32693229,52.49878934,0
7157,218372,car,11,2,2400522.0,2021,12,17,2,3,2,6,2,0,1,0,1,802114.4944,5827735.473,13.45327344,52.51581084,0
7158,218374,bike,11,1,1200520.0,2021,12,16,1,3,5,3,2,1,0,0,1,794587.2345,5828459.374,13.34331093,52.52641805,0
7159,218375,car,11,4,4100101.0,2021,11,6,3,3,2,6,2,0,1,0,1,791122.5362,5829417.634,13.2932244,52.53686995,0
7160,218376,car,11,4,4400835.0,2021,12,9,7,3,5,7,0,0,1,0,1,792982.1681,5822449.339,13.31443214,52.47340507,0
7161,218378,bike + pedestrian,11,6,6400841.0,2021,12,18,6,3,6,4,2,1,0,1,1,789605.941,5818112.618,13.26110303,52.43632537,0
7162,218381,bike + car,11,4,4500936.0,2021,12,17,3,3,5,2,2,1,1,0,0,791854.774,5825706.646,13.30073375,52.50321002,0
7163,218383,bike + pedestrian,11,1,1100312.0,2021,12,15,7,3,6,4,1,1,0,1,1,799436.4565,5826764.446,13.41305236,52.50858393,0
7164,218385,car,11,1,1200517.0,2021,12,0,6,2,5,3,2,0,1,0,0,792738.7955,5828288.792,13.31599219,52.52588453,1
7165,218386,car,11,9,9200715.0,2021,12,17,5,3,5,3,2,0,1,0,0,808096.1844,5818410.511,13.53253629,52.42889421,0
7166,218388,bike + car,11,12,12500824.0,2021,12,9,4,3,5,3,0,1,1,0,0,790242.7518,5835864.182,13.28592983,52.59513228,0
7167,218389,car,11,1,1100102.0,2021,12,17,3,3,2,6,2,0,1,0,1,795044.1667,5827225.04,13.34893186,52.51510609,0
7168,218390,car + pedestrian,11,7,7100101.0,2021,12,19,1,3,6,2,2,0,1,1,1,794598.5274,5825436.649,13.340801,52.49931519,0
7169,218393,bike + car,11,2,2500832.0,2021,12,18,4,3,5,2,2,1,1,0,0,803474.2496,5827021.9,13.47259981,52.50866037,0
7170,218395,bike + car,11,1,1300835.0,2021,12,17,6,3,5,2,2,1,1,0,0,797531.7619,5829427.975,13.38745344,52.53350142,0
7171,218398,bike + car,11,7,7100102.0,2021,12,16,2,2,5,3,1,1,1,0,1,794992.0968,5825099.217,13.34628313,52.49607774,1
7172,218399,bike + car,11,8,8100208.0,2021,12,10,4,3,5,2,0,1,1,0,1,801012.8968,5822573.262,13.4324246,52.47014968,0
7173,218400,car + pedestrian,11,1,1400942.0,2021,12,20,2,2,6,2,2,0,1,1,1,795519.6498,5830761.808,13.35906251,52.54655273,1
7174,218401,bike,11,1,1100206.0,2021,12,7,6,3,0,7,0,1,0,0,2,797475.4059,5827934.914,13.38528932,52.52014868,0
7175,218402,car,11,11,11400931.0,2021,12,14,5,3,5,2,0,0,1,0,1,806623.356,5827338.71,13.51914709,52.50973892,0
7176,218407,car,11,11,11400929.0,2021,12,1,6,3,9,1,2,0,1,0,1,804929.8958,5826324.448,13.49334284,52.50159778,0
7177,218409,car,11,5,5200528.0,2021,12,17,3,3,2,6,1,0,1,0,0,783677.9615,5825981.156,13.18082878,52.50998421,0
7178,218412,bike + car,11,8,8100416.0,2021,11,16,3,3,2,7,2,1,1,0,1,801474.6199,5823442.935,13.43998737,52.47769015,0
7179,218415,car,11,1,1100313.0,2021,12,19,5,3,2,6,2,0,1,0,1,799557.7508,5826667.513,13.41474699,52.50764849,0
7180,218417,car,11,12,12500927.0,2021,12,10,5,3,5,3,0,0,1,0,2,792458.4425,5835352.818,13.3180961,52.58936114,0
7181,218420,bike + car,11,2,2200210.0,2021,12,16,7,2,5,2,1,1,1,0,1,798425.688,5824777.116,13.39642275,52.49132395,1
7182,218422,bike,11,1,1100308.0,2021,12,14,1,3,0,1,0,1,0,0,0,797292.631,5829038.251,13.38358985,52.53013849,0
7183,218423,car,11,1,1401044.0,2021,12,10,3,3,5,3,0,0,1,0,0,796719.5446,5831351.679,13.37723259,52.55118807,0
7184,218424,car + pedestrian,11,7,7400822.0,2021,12,18,7,3,6,2,2,0,1,1,1,796815.2271,5822347.231,13.37060939,52.47042042,0
7185,218427,car + pedestrian,11,6,6300528.0,2021,12,9,6,3,6,7,0,0,1,1,0,789969.9282,5816231.508,13.26481146,52.41926765,0
7186,218429,car,11,11,11300721.0,2021,12,18,5,3,8,1,2,0,1,0,2,806115.541,5830146.027,13.51427163,52.535184,0
7187,218430,bike + car,11,4,4200311.0,2021,12,11,5,3,5,2,0,1,1,0,1,790025.5022,5825236.312,13.27344992,52.49996881,0
7188,218431,car,11,4,4501042.0,2021,12,2,3,3,2,6,2,0,1,0,1,794085.2165,5825955.526,13.33371932,52.50424352,0
7189,218434,car,11,7,7400927.0,2021,12,12,6,3,1,5,0,0,1,0,1,798753.6854,5821853.334,13.39861994,52.46493662,0
7190,218437,car,11,12,12200412.0,2021,12,16,5,3,5,2,2,0,1,0,0,791168.4207,5834029.367,13.29794475,52.57818881,0
7191,218441,car + pedestrian,11,6,6200421.0,2021,12,21,3,2,6,2,2,0,1,1,1,794005.5982,5817452.406,13.32505788,52.42805957,1
7192,218445,car + pedestrian,11,1,1401045.0,2021,12,0,4,3,6,2,2,0,1,1,0,796704.6557,5831624.151,13.37725714,52.55363858,0
7193,218447,car,11,10,10400939.0,2021,12,11,7,3,5,3,0,0,1,0,1,812963.3474,5827823.04,13.61271831,52.51047907,0
7194,218450,car,11,4,4300624.0,2021,12,17,2,3,2,6,2,0,1,0,0,792971.7767,5826022.772,13.31742125,52.50544537,0
7195,218451,car,11,12,12400722.0,2021,12,15,4,3,2,6,0,0,1,0,1,791204.1129,5838441.869,13.30235065,52.61772651,0
7196,218452,car + pedestrian,11,9,9100306.0,2021,12,11,1,3,6,7,0,0,1,1,0,804283.8349,5820729.36,13.47874948,52.45181122,0
7197,218457,bike + car,11,8,8100104.0,2021,12,18,2,3,1,5,2,1,1,0,1,800851.5245,5822520.796,13.43000879,52.4697683,0
7198,218458,bike + car,11,2,2100101.0,2021,12,13,5,3,5,2,0,1,1,0,0,797416.6898,5826150.026,13.38283137,52.50418125,0
7199,218460,car,11,12,12500928.0,2021,12,18,3,3,2,6,2,0,1,0,0,791445.3552,5836596.665,13.30427867,52.60105559,0
7200,218462,car + pedestrian,11,6,6100205.0,2021,11,7,3,3,6,7,0,0,1,1,1,795966.71,5819891.953,13.35597741,52.44887108,0
7201,218464,car,11,1,1300733.0,2021,12,21,7,3,2,6,2,0,1,0,1,797140.9075,5831404.6,13.38347617,52.55143275,0
7202,218465,bike + car,11,8,8100312.0,2021,12,13,6,3,5,3,0,1,1,0,0,801300.5757,5824010.256,13.43794513,52.48287124,0