,ObjectID,vehicle_types,State,District,LOR_ab_2021,AccidentYear,AccidentMonth,AccidentHour,DayOfWeek,AccidentCategory,AccidentType,AccidentTypeDetail,LightingCondition,InvolvingBike,InvolvingCar,InvolvingPedestrian,RoadCondition,GraphicCoord1,GraphicCoord2,LongitudeWGS84,LatitudeWGS84,accident_outcome
7203,218467,car,11,4,4200203.0,2021,12,8,4,2,1,5,0,0,1,0,0,787839.3033,5826510.649,13.242435,52.51255151,1
7204,218468,car,11,12,12200411.0,2021,12,13,3,3,2,2,0,0,1,0,0,792233.7764,5831926.461,13.31176939,52.558766,0
7205,218469,bike + car,11,5,5100211.0,2021,12,14,3,3,1,5,0,1,1,0,2,783202.3535,5830115.736,13.17736162,52.54730308,0
7206,218474,car,11,2,2100103.0,2021,12,15,5,3,2,6,0,0,1,0,1,798505.6502,5825571.536,13.39830882,52.49840118,0
7207,218475,car,11,1,2400623.0,2021,12,11,1,3,5,3,0,0,1,0,1,800171.3427,5827361.51,13.42438646,52.51353179,0
7208,218476,car,11,7,7400721.0,2021,12,15,4,3,1,7,1,0,1,0,0,797749.8438,5822634.554,13.38458439,52.47248736,0
7209,218477,car,11,6,6300524.0,2021,12,14,1,3,5,2,0,0,1,0,1,787515.685,5817398.976,13.22982575,52.43102984,0
7210,218480,car + pedestrian,11,1,1100206.0,2021,12,4,7,3,6,7,2,0,1,1,0,797870.483,5827367.536,13.39058686,52.51484718,0
7211,218481,bike,11,2,2200213.0,2021,12,8,5,3,0,7,0,1,0,0,1,799877.5883,5825358.771,13.41826684,52.49574194,0
7212,218483,car,11,6,6200423.0,2021,12,20,6,3,5,2,2,0,1,0,0,793445.1775,5816136.286,13.31568466,52.41656171,0
7213,218485,bike + car,11,9,9200716.0,2021,12,9,4,3,5,3,0,1,1,0,0,808745.0307,5819243.023,13.5428179,52.43598944,0
7214,218486,car,11,9,9200818.0,2021,12,17,5,3,2,6,2,0,1,0,1,809767.1578,5820689.459,13.55914642,52.44837426,0
7215,218487,bike + car,11,6,6100101.0,2021,12,8,3,3,5,3,0,1,1,0,0,793396.1061,5820356.417,13.31866902,52.45442049,0
7216,218490,car + pedestrian,11,6,6400843.0,2021,12,15,7,3,0,4,0,0,1,1,0,791762.3655,5819570.489,13.29400801,52.44824917,0
7217,218493,car,11,4,4500939.0,2021,12,17,4,3,2,6,1,0,1,0,0,792467.1033,5824130.393,13.30834532,52.48875141,0
7218,218496,car,11,5,5300736.0,2021,12,9,4,3,3,6,0,0,1,0,1,786598.4553,5829228.23,13.22654265,52.53756992,0
7219,218498,bike + car,11,1,1200517.0,2021,12,15,2,3,5,2,0,1,1,0,0,794967.5685,5829549.707,13.3498684,52.53598641,0
7220,218501,car + pedestrian,11,7,7601237.0,2021,12,16,5,2,6,4,2,0,1,1,1,797389.5669,5817123.133,13.3743894,52.42327908,1
7221,218503,car + pedestrian,11,6,6400843.0,2021,12,17,6,2,6,4,2,0,1,1,0,792265.7312,5820603.489,13.30229768,52.45724106,1
7222,218504,car,11,1,1100102.0,2021,12,20,3,3,5,2,2,0,1,0,1,796582.024,5826874.367,13.37121575,52.51112858,0
7223,218506,car + pedestrian,11,1,1200519.0,2021,12,15,1,3,6,2,2,0,1,1,1,793701.2108,5828501.993,13.3303259,52.52727814,0
7224,218509,car + pedestrian,11,12,12200309.0,2021,12,16,6,2,6,4,2,0,1,1,1,792881.9035,5832715.566,13.32199917,52.56549173,1
7225,218511,car,11,3,3100101.0,2021,12,7,2,3,2,6,1,0,1,0,1,803360.7206,5842630.516,13.48521553,52.64861734,0
7226,218512,car,11,9,9300920.0,2021,12,8,4,3,5,3,0,0,1,0,0,809122.1872,5817340.02,13.54658961,52.41872177,0
7227,218513,car,11,11,11400927.0,2021,12,18,1,3,0,7,2,0,1,0,1,804025.1531,5826748.331,13.48044224,52.50590173,0
7228,218516,car + pedestrian,11,5,5100313.0,2021,11,17,2,3,6,4,1,0,1,1,1,785360.4482,5830714.088,13.20961566,52.55154162,0
7229,218518,bike + car,11,1,1100415.0,2021,12,4,7,3,3,6,2,1,1,0,1,798325.2961,5829351.251,13.39904874,52.53237996,0
7230,218519,car + pedestrian,11,2,2400623.0,2021,12,16,5,3,6,2,2,0,1,1,0,800905.145,5827538.295,13.43532705,52.51471203,0
7231,218521,bike + car,11,1,1401048.0,2021,12,8,4,3,5,2,0,1,1,0,1,795435.3306,5831605.887,13.35857368,52.55416487,0
7232,218522,car,11,10,10200418.0,2021,12,13,7,2,5,2,0,0,1,0,1,811286.73,5831548.696,13.59158109,52.54482503,1
7233,218524,car,11,2,2400520.0,2021,12,18,2,3,2,6,2,0,1,0,0,800430.4808,5828443.974,13.42917116,52.52309156,0
7234,218527,bike + car,11,12,12500825.0,2021,12,21,7,3,3,2,2,1,1,0,1,791919.8245,5834708.552,13.30960036,52.58387487,0
7235,218530,bike,11,1,1300836.0,2021,12,7,5,3,0,1,0,1,0,0,1,796306.509,5830692.797,13.37057085,52.54550672,0
7236,218533,car + pedestrian,11,1,1100102.0,2021,12,17,4,3,6,7,1,0,1,1,0,796737.9665,5826598.246,13.37326068,52.50856863,0
7237,218535,car,11,4,4300622.0,2021,12,11,2,3,5,3,0,0,1,0,0,793234.3536,5827056.254,13.32218932,52.51456905,0
7238,218536,bike + car,11,2,2300419.0,2021,12,18,5,3,5,3,2,1,1,0,1,801582.9981,5825948.226,13.44384546,52.50008567,0
7239,218538,car,11,1,1400942.0,2021,12,5,6,3,5,3,2,0,1,0,1,794882.1063,5830544.15,13.34949466,52.54494706,0
7240,218543,car,11,5,5200631.0,2021,12,6,1,3,1,5,1,0,1,0,0,784761.2624,5826713.003,13.19737422,52.51598153,0
7241,218544,bike + pedestrian,11,9,9200511.0,2021,11,9,3,3,6,4,0,1,0,1,1,807420.6334,5821711.009,13.52566811,52.45885405,0
7242,218546,car,11,3,3300516.0,2021,12,14,3,3,5,2,0,0,1,0,0,800123.0086,5833866.167,13.42955282,52.57186148,0
7243,218548,car,11,7,7400823.0,2021,12,18,2,3,2,6,2,0,1,0,0,797291.2641,5821244.894,13.37661482,52.46028022,0
7244,218549,car,11,9,9200715.0,2021,12,14,2,3,2,6,0,0,1,0,1,808617.0488,5819191.662,13.54089381,52.43560137,0
7245,218550,car,11,1,1100310.0,2021,12,19,5,3,5,2,2,0,1,0,1,799113.834,5828309.341,13.4097017,52.52260864,0
7246,218552,bike + car,11,2,2300316.0,2021,12,20,4,3,5,3,2,1,1,0,1,800624.7097,5826267.059,13.43005877,52.50347222,0
7247,218556,bike + car,11,3,3400620.0,2021,12,16,2,3,5,3,2,1,1,0,1,797605.2232,5833786.221,13.39244,52.57252736,0
7248,218557,bike + car,11,4,4501146.0,2021,12,15,2,3,5,2,0,1,1,0,0,793308.1987,5823687.501,13.32030756,52.4843298,0
7249,218558,car + pedestrian,11,5,5400942.0,2021,11,7,3,2,6,4,2,0,1,1,1,783753.9889,5824048.931,13.1802995,52.49261987,1
7250,218561,car + pedestrian,11,7,7400822.0,2021,12,18,2,3,6,2,2,0,1,1,1,796711.1167,5821140.41,13.36800821,52.45965892,0
7251,218562,car,11,5,5100316.0,2021,12,15,6,3,9,1,0,0,1,0,1,785383.4798,5829260.691,13.20870562,52.53849861,0
7252,218563,car,11,7,7400721.0,2021,12,17,7,3,2,6,1,0,1,0,1,798308.9278,5823952.173,13.39396975,52.48399318,0
7253,218564,car,11,12,12500824.0,2021,12,16,4,3,2,6,2,0,1,0,0,790901.3686,5836134.447,13.29586315,52.59720324,0
7254,218566,bike + car,11,8,8100104.0,2021,11,6,2,3,5,3,2,1,1,0,1,800268.5755,5822217.887,13.42118011,52.4673739,0
7255,218568,car + pedestrian,11,9,9301126.0,2021,12,10,5,3,6,7,0,0,1,1,0,811415.4395,5817228.527,13.58009862,52.41642267,0
7256,218569,car + pedestrian,11,9,9401534.0,2021,12,16,5,3,9,1,0,0,1,1,0,810832.7491,5820306.692,13.57441949,52.44433931,0
7257,218571,car + pedestrian,11,2,2500727.0,2021,12,17,3,3,6,4,2,0,1,1,0,802366.7852,5827810.512,13.45704827,52.51634359,0
7258,218572,car,11,6,6200420.0,2021,12,16,3,3,2,6,2,0,1,0,2,792352.8297,5815589.052,13.29919075,52.41224032,0
7259,218576,car,11,12,12500825.0,2021,12,13,7,3,5,3,0,0,1,0,1,790928.1056,5834992.652,13.2952539,52.586953,0
7260,218578,car + pedestrian,11,4,4501042.0,2021,12,16,3,2,6,4,1,0,1,1,1,793916.9873,5825591.402,13.33092654,52.50106998,1
7261,218580,car + pedestrian,11,1,1100206.0,2021,12,12,2,2,6,2,0,0,1,1,0,797188.403,5827524.571,13.38070528,52.51662691,1
7262,218582,car,11,12,12200411.0,2021,12,9,2,3,8,1,0,0,1,0,2,793208.6933,5832351.651,13.326485,52.56205354,0
7263,218584,car + pedestrian,11,9,9401329.0,2021,12,11,5,2,6,4,0,0,1,1,1,811767.9411,5818253.451,13.58621993,52.42540688,1
7264,218586,car,11,6,6200422.0,2021,12,18,5,3,5,2,2,0,1,0,2,794234.2452,5816383.958,13.32747132,52.4183584,0
7265,218590,car + pedestrian,11,11,11300617.0,2021,12,10,2,2,6,4,0,0,1,1,1,802840.2985,5829445.916,13.46549424,52.53073876,1
7266,218591,car,11,10,10100311.0,2021,12,7,4,3,2,2,0,0,1,0,0,806501.427,5829455.431,13.51930631,52.52877791,0
7267,218593,car + pedestrian,11,1,1100311.0,2021,11,16,2,3,6,4,1,0,1,1,1,800112.3342,5827702.696,13.42382724,52.51662243,0
7268,218595,bike + car,11,1,1300733.0,2021,12,19,6,3,5,3,2,1,1,0,1,797669.5103,5831309.243,13.39116386,52.55028939,0
7269,218598,car + pedestrian,11,6,6200311.0,2021,12,16,4,3,6,2,2,0,1,1,1,796503.0003,5818554.636,13.36265897,52.43659251,0
7270,218599,car,11,6,6200421.0,2021,12,17,3,3,5,3,2,0,1,0,1,793627.8895,5817261.568,13.31935109,52.4265516,0
7271,218608,car,11,8,8100314.0,2021,12,18,6,3,2,6,2,0,1,0,1,801019.9503,5823901.432,13.43372691,52.48205059,0
7272,218609,car,11,5,5100312.0,2021,12,11,4,3,5,3,0,0,1,0,0,784629.1721,5830884.763,13.19900579,52.55345452,0
7273,218613,bike + car,11,8,8100415.0,2021,12,10,6,3,1,5,0,1,1,0,0,801987.2037,5823501.526,13.44756486,52.47793213,0
7274,218614,bike + car,11,5,5300737.0,2021,12,4,6,2,5,2,2,1,1,0,0,786996.8031,5829458.91,13.23259903,52.53942847,1
7275,218616,car,11,10,10100205.0,2021,12,18,4,3,5,3,2,0,1,0,0,808285.8682,5832821.989,13.5486519,52.55794221,0
7276,218617,car,11,7,7400824.0,2021,12,11,3,3,5,7,0,0,1,0,0,797370.0921,5821908.789,13.37836314,52.46618849,0
7277,218618,bike + car,11,10,10200418.0,2021,12,12,3,3,5,2,0,1,1,0,1,811297.9331,5831566.242,13.59176221,52.54497586,0
7278,218621,car,11,1,1300834.0,2021,12,17,7,2,5,2,1,0,1,0,2,798081.1118,5829990.227,13.39603266,52.53824111,1
7279,218623,bike + car,11,2,2200212.0,2021,12,15,3,3,5,3,0,1,1,0,1,800256.5704,5824388.972,13.42295865,52.48684089,0
7280,218625,car,11,1,1300730.0,2021,12,18,2,2,1,5,2,0,1,0,0,796657.401,5832076.87,13.3769668,52.55772243,1
7281,218627,car,11,2,2400623.0,2021,12,16,1,3,9,1,2,0,1,0,1,801244.8958,5827796.496,13.44055239,52.51683879,0
7282,218628,bike + car,11,6,6300527.0,2021,12,14,1,2,5,2,0,1,1,0,1,790767.222,5817689.463,13.27776985,52.43191556,1
7283,218629,car + pedestrian,11,4,4501042.0,2021,12,18,5,3,6,2,2,0,1,1,1,793941.1124,5826083.779,13.33171559,52.50547089,0
7284,218631,bike + car,11,6,6400736.0,2021,12,7,5,2,5,3,0,1,1,0,2,787499.3937,5816822.28,13.22909101,52.42586787,1
7285,218634,car,11,3,3601243.0,2021,12,14,1,3,2,6,0,0,1,0,0,799264.4599,5831802.222,13.41506086,52.55383427,0
7286,218636,car + pedestrian,11,2,2100104.0,2021,12,16,7,3,6,2,0,0,1,1,0,799214.821,5825993.316,13.40910342,52.50179348,0
7287,218637,car,11,7,7300619.0,2021,12,16,4,3,2,6,1,0,1,0,0,795000.4478,5822316.598,13.34394332,52.47112885,0
7288,218638,car + pedestrian,11,4,4501146.0,2021,12,9,2,3,6,2,0,0,1,1,0,793297.083,5823916.082,13.32034547,52.48638491,0
7289,218639,bike + car,11,10,10200629.0,2021,11,15,2,3,5,3,0,1,1,0,1,810347.0343,5827950.682,13.57440999,52.51311761,0
7290,218641,car,11,3,3601449.0,2021,12,14,5,3,2,6,0,0,1,0,0,801803.5664,5830213.258,13.45095422,52.53819143,0
7291,218643,car,11,5,5100316.0,2021,12,12,6,3,2,6,0,0,1,0,0,784929.9383,5828783.653,13.20162753,52.53445885,0
7292,218644,bike + car,11,7,7601544.0,2021,12,7,3,3,1,5,1,1,1,0,1,799434.1402,5813189.93,13.40085093,52.38690776,0
7293,218645,car + pedestrian,11,9,9300920.0,2021,12,12,5,3,6,4,0,0,1,1,1,807707.6773,5815835.08,13.52447222,52.40603115,0
7294,218649,car + pedestrian,11,12,12200412.0,2021,12,13,6,3,6,2,0,0,1,1,1,790312.4906,5833704.302,13.28506416,52.57573195,0
7295,218651,bike + car,11,11,11200512.0,2021,12,7,5,3,5,3,0,1,1,0,0,802888.4551,5831188.857,13.46779069,52.54633364,0
7296,218652,bike + car,11,6,6300528.0,2021,12,12,5,2,5,2,0,1,1,0,0,790832.5962,5817473.88,13.27854121,52.42994806,1
7297,218655,car + pedestrian,11,4,4300622.0,2021,12,20,4,3,6,2,2,0,1,1,1,793789.391,5826941.7,13.33024391,52.51324344,0
7298,218660,car,11,4,4500939.0,2021,12,9,5,3,2,6,0,0,1,0,2,792076.0622,5824074.692,13.30255371,52.48846141,0
7299,218662,car + pedestrian,11,5,5100210.0,2021,12,10,7,3,6,2,0,0,1,1,1,783729.1232,5830622.202,13.18554196,52.55157,0
7300,218663,car,11,1,1400942.0,2021,12,8,4,3,5,3,0,0,1,0,0,794822.9228,5830307.977,13.34841483,52.54286198,0
7301,218667,car,11,1,1100207.0,2021,12,16,4,3,2,6,2,0,1,0,0,798868.1195,5827382.591,13.40525831,52.51443639,0
7302,218669,car,11,10,10400938.0,2021,12,18,4,2,5,3,2,0,1,0,1,814743.6294,5829902.358,13.64083154,52.52808698,1
7303,218673,car + pedestrian,11,5,5200629.0,2021,12,16,5,3,6,2,1,0,1,1,1,784706.1753,5828587.911,13.19816983,52.53282077,0
7304,218675,car,11,8,8200624.0,2021,12,10,7,3,5,7,0,0,1,0,1,801357.9621,5820641.952,13.43574555,52.45264855,0
7305,218678,car + pedestrian,11,6,6300527.0,2021,12,19,2,3,6,2,2,0,1,1,0,790012.1741,5817496.998,13.26652813,52.43059086,0
7306,218679,car + pedestrian,11,12,12500926.0,2021,11,7,3,2,6,4,1,0,1,1,1,792927.3401,5835304.099,13.32495477,52.5886721,1
7307,218682,bike + car,11,3,3701554.0,2021,12,16,6,3,1,5,1,1,1,0,1,798980.1543,5829698.067,13.40898608,52.53512985,0
7308,218685,car + pedestrian,11,4,4200308.0,2021,12,14,3,3,6,2,1,0,1,1,1,790572.3886,5827354.477,13.28333287,52.51866735,0
7309,218686,car + pedestrian,11,5,5100209.0,2021,12,16,6,2,6,4,2,0,1,1,1,783378.1259,5830753.185,13.18049088,52.55292715,1
7310,218689,car,11,10,10100311.0,2021,12,14,4,3,5,3,0,0,1,0,0,806677.7107,5829128.109,13.5215949,52.52574526,0
7311,218690,car + pedestrian,11,5,5100314.0,2021,12,16,1,3,6,4,2,0,1,1,1,785012.7415,5829981.347,13.20387243,52.54515399,0
7312,218693,car + pedestrian,11,5,5200629.0,2021,12,0,1,3,6,4,2,0,1,1,0,784792.831,5828775.498,13.19960463,52.53445739,0
7313,218694,bike + car,11,1,1100206.0,2021,12,18,5,3,3,2,2,1,1,0,0,796922.1478,5827634.813,13.37689139,52.51776014,0
7314,218697,bike + car,11,1,1100309.0,2021,12,20,5,3,5,7,2,1,1,0,1,798106.3551,5828954.007,13.39547438,52.52893898,0
7315,218698,car,11,9,9300923.0,2021,12,17,3,3,4,3,2,0,1,0,0,808745.663,5815583.041,13.53945031,52.40318809,0
7316,218701,car,11,9,9401635.0,2021,12,22,6,2,0,1,2,0,1,0,2,816194.8959,5815894.007,13.64888233,52.40172462,1
7317,218703,bike + car,11,4,4500936.0,2021,12,19,6,2,5,3,2,1,1,0,0,791843.4196,5825699.945,13.30056107,52.50315602,1
7318,218704,bike + car,11,1,1300834.0,2021,12,19,5,3,5,2,2,1,1,0,0,798277.8651,5830096.019,13.39902001,52.53908174,0
7319,218707,car,11,10,10200524.0,2021,12,11,3,3,5,3,0,0,1,0,0,813500.8215,5830590.332,13.62322031,52.53496789,0
7320,218708,car + pedestrian,11,1,1300733.0,2021,12,21,4,3,6,7,2,0,1,1,1,797553.9303,5831858.042,13.38995614,52.55527181,0
7321,218710,car + pedestrian,11,7,7400928.0,2021,12,15,2,3,6,4,0,0,1,1,0,799961.9701,5821310.615,13.4158648,52.45940996,0
7322,218711,car + pedestrian,11,5,5100316.0,2021,12,17,5,3,6,4,1,0,1,1,1,784749.3061,5828818.743,13.19900173,52.53486787,0
7323,218715,bike + car + pedestrian,11,8,8100206.0,2021,12,17,6,3,2,4,2,1,1,1,0,800744.4117,5823806.537,13.42959607,52.48135183,0
7324,218716,car,11,6,6400844.0,2021,12,15,4,3,5,7,1,0,1,0,0,790382.9283,5820847.897,13.27487853,52.46043587,0
7325,218718,car + pedestrian,11,10,10200629.0,2021,12,19,2,3,6,2,2,0,1,1,1,811127.7188,5829170.566,13.58701779,52.52360471,0
7326,218719,car + pedestrian,11,1,1300733.0,2021,12,16,1,2,6,4,2,0,1,1,1,797512.9263,5831279.821,13.38883497,52.55011119,1
7327,218720,car + pedestrian,11,11,11100204.0,2021,11,5,3,3,6,2,2,0,1,1,1,806328.4955,5833881.6,13.52084779,52.56854309,0
7328,218721,bike,11,3,3200205.0,2021,12,8,7,2,5,3,0,1,0,0,0,797581.4484,5835916.811,13.3940032,52.59163818,1
7329,218725,car,11,6,6300634.0,2021,12,6,3,3,5,3,1,0,1,0,0,792948.3131,5817754.242,13.30981664,52.43133264,0
7330,218726,car,11,2,2400521.0,2021,12,20,5,3,2,1,2,0,1,0,2,800408.6303,5828008.351,13.42845664,52.51919899,0
7331,218729,car + pedestrian,11,4,4300623.0,2021,11,16,2,3,6,4,2,0,1,1,1,792743.8911,5826271.663,13.3142922,52.50779892,0
7332,218732,car + pedestrian,11,1,1401045.0,2021,12,6,6,3,6,4,2,0,1,1,0,796836.2747,5831907.436,13.37944605,52.55610619,0
7333,218734,car + pedestrian,11,7,7601544.0,2021,12,17,4,3,6,2,2,0,1,1,1,799764.7589,5813974.84,13.40639647,52.39376273,0
7334,218736,car,11,4,4300518.0,2021,12,14,1,3,1,7,0,0,1,0,1,792147.0834,5827962.624,13.30700856,52.52327792,0
7335,218740,car,11,7,7300619.0,2021,12,12,3,3,2,6,0,0,1,0,0,795291.5902,5821853.212,13.34780692,52.4668176,0
7336,218741,car,11,1,1400937.0,2021,12,19,5,3,2,1,2,0,1,0,2,793998.7771,5832012.449,13.33780641,52.55858678,0
7337,218742,car,11,11,11400931.0,2021,12,19,1,3,2,6,2,0,1,0,1,806671.805,5826978.354,13.51952676,52.50648211,0
7338,218743,car,11,12,12601134.0,2021,12,7,4,3,2,6,1,0,1,0,0,793830.4259,5836324.739,13.3391524,52.59733433,0
7339,218747,car,11,2,2200210.0,2021,12,5,1,3,5,3,2,0,1,0,1,798794.6933,5824927.713,13.40197659,52.492472,0
7340,218748,car,11,12,12500928.0,2021,12,16,5,3,2,2,2,0,1,0,0,791965.7196,5837016.148,13.31231014,52.60453689,0
7341,218750,car,11,9,9401534.0,2021,12,16,4,3,2,2,2,0,1,0,0,811378.0761,5820142.221,13.58226378,52.44255516,0
7342,218751,bike + car,11,3,3601245.0,2021,12,17,3,3,5,3,2,1,1,0,1,801154.8668,5831132.988,13.44225232,52.54679393,0
7343,218752,bike + car,11,9,9501939.0,2021,12,17,2,3,1,5,2,1,1,0,0,810976.7158,5821706.364,13.57783394,52.45680071,0
7344,218755,car,11,2,2300419.0,2021,12,14,6,3,5,3,0,0,1,0,1,801375.9794,5825554.432,13.44044866,52.4966704,0
7345,218760,bike + car,11,2,2500833.0,2021,12,20,4,3,5,7,2,1,1,0,1,802644.2344,5826996.831,13.4603846,52.50889675,0
7346,218762,car,11,1,1401048.0,2021,12,7,2,3,2,6,1,0,1,0,1,795446.9507,5831558.644,13.35870252,52.55373507,0
7347,218767,car,11,3,3601449.0,2021,12,17,4,2,5,2,2,0,1,0,0,801715.2287,5830096.138,13.44954936,52.5371906,1
7348,218769,car,11,6,6200421.0,2021,12,14,2,3,5,3,0,0,1,0,0,793300.431,5817681.284,13.31491702,52.43048991,0
7349,218771,car + pedestrian,11,11,11400931.0,2021,11,5,3,3,6,2,2,0,1,1,1,805557.2103,5827269.03,13.50342264,52.50971262,0
7350,218772,car,11,5,5100209.0,2021,12,2,7,3,5,2,2,0,1,0,1,783702.4767,5830168.037,13.18476197,52.54751179,0
7351,218774,car + pedestrian,11,1,1100313.0,2021,12,8,5,3,6,2,0,0,1,1,1,799982.1242,5826941.194,13.42122764,52.50986843,0
7352,218775,car,11,4,4100102.0,2021,12,7,4,3,2,6,0,0,1,0,0,791199.8063,5829124.912,13.29410394,52.53420445,0
7353,218777,car,11,1,1400937.0,2021,11,17,2,3,1,5,2,0,1,0,1,793949.8918,5831663.982,13.33677877,52.5554894,0
7354,218782,bike + car,11,2,2200213.0,2021,12,13,6,2,0,1,0,1,1,0,0,800099.7547,5825076.069,13.42127491,52.49308586,1
7355,218784,bike + car,11,2,2400520.0,2021,12,20,3,3,4,6,2,1,1,0,0,800657.6787,5828539.033,13.43259573,52.52381837,0
7356,218786,car,11,1,1300834.0,2021,12,6,3,3,2,2,2,0,1,0,0,798077.7824,5829992.141,13.39598543,52.53826009,0
7357,218789,car,11,4,4501041.0,2021,12,23,7,3,5,2,2,0,1,0,0,792960.0079,5825558.53,13.31683989,52.50128991,0
7358,218791,car + pedestrian,11,5,5200629.0,2021,12,12,3,3,6,4,0,0,1,1,0,783996.991,5828711.915,13.18784882,52.53430259,0
7359,218794,car + pedestrian,11,1,1200517.0,2021,12,7,4,3,6,4,1,0,1,1,1,793523.0017,5829121.316,13.32825336,52.53292604,0
7360,218795,car + pedestrian,11,5,5200527.0,2021,12,22,6,2,6,4,2,0,1,1,1,782357.3812,5827233.008,13.16248451,52.52189405,1
7361,218796,car,11,11,11501238.0,2021,12,23,1,2,8,1,2,0,1,0,1,804472.9439,5825743.593,13.4861008,52.49664695,1
7362,218797,car,11,12,12200515.0,2021,12,11,6,3,5,2,0,0,1,0,0,790038.6741,5835378.541,13.28250015,52.59088742,0
7363,218799,car,11,7,7501133.0,2021,12,19,4,3,5,3,2,0,1,0,0,797831.051,5818571.74,13.38215284,52.43602429,0
7364,218801,car + pedestrian,11,10,10100104.0,2021,12,13,4,2,6,4,0,0,1,1,1,810318.854,5834000.6,13.57964629,52.5673496,1
7365,218805,car,11,5,5200423.0,2021,12,17,7,3,2,6,1,0,1,0,0,781927.0914,5828461.502,13.1572011,52.53313198,0
7366,218807,car,11,7,7100103.0,2021,12,14,4,3,2,2,0,0,1,0,0,795632.0487,5825232.073,13.35580024,52.49692243,0
7367,218809,car,11,5,5200524.0,2021,12,18,3,3,2,6,2,0,1,0,0,780630.2631,5827530.921,13.13734726,52.52545703,0
7368,218810,car,11,12,12100205.0,2021,12,17,5,3,5,2,2,0,1,0,0,794838.5863,5833055.152,13.35108515,52.5674797,0
7369,218811,car + pedestrian,11,1,1300733.0,2021,12,7,2,3,6,2,1,0,1,1,1,797013.3641,5831500.095,13.38168604,52.55235831,0
7370,218812,car,11,12,12601235.0,2021,12,10,2,3,5,3,0,0,1,0,1,794868.4772,5835831.132,13.35399433,52.59234772,0
7371,218813,bike + car,11,5,5400943.0,2021,12,10,5,3,5,3,0,1,1,0,1,780281.7896,5819499.105,13.12546826,52.45361618,0
7372,218817,bike + car,11,6,6200421.0,2021,12,16,3,3,1,5,1,1,1,0,1,793746.7459,5818041.05,13.32177882,52.43347564,0
7373,218820,car,11,3,3601141.0,2021,12,15,1,3,2,6,1,0,1,0,1,798692.9264,5831822.988,13.40667483,52.55433414,0
7374,218824,car + pedestrian,11,6,6100102.0,2021,12,16,6,3,6,7,2,0,1,1,1,793635.2254,5820575.114,13.32237021,52.45625263,0
7375,218825,car + pedestrian,11,1,1401047.0,2021,12,15,5,3,6,2,2,0,1,1,1,795513.0571,5830738.298,13.35894465,52.54634556,0
7376,218826,bike + pedestrian,11,9,9200613.0,2021,12,13,3,2,6,7,0,1,0,1,0,808074.6386,5821036.351,13.53464084,52.45243946,1
7377,218830,car,11,1,1100312.0,2021,12,6,6,3,2,2,2,0,1,0,0,799651.2417,5827045.792,13.41646091,52.51098784,0
7378,218831,bike + car,11,2,2500832.0,2021,12,14,5,3,3,6,0,1,1,0,1,803452.7417,5826976.938,13.47224289,52.50826935,0
7379,218833,car,11,1,1100103.0,2021,12,12,4,3,2,6,0,0,1,0,0,795291.3361,5826136.548,13.35159799,52.50521482,0
7380,218834,car + pedestrian,11,6,6100103.0,2021,12,15,7,3,6,7,0,0,1,1,1,793729.7704,5821199.277,13.32430681,52.46179723,0
7381,218835,bike + car,11,1,1300834.0,2021,12,23,4,3,1,5,2,1,1,0,1,798372.3069,5830324.192,13.40061328,52.54107529,0
7382,218839,bike + car,11,1,1100207.0,2021,12,12,4,3,5,3,0,1,1,0,0,798805.4796,5826687.477,13.4037139,52.50823998,0
7383,218843,car + pedestrian,11,5,5100209.0,2021,12,13,2,3,6,7,0,0,1,1,0,783574.2527,5830208.095,13.18291028,52.54793771,0
7384,218846,car,11,4,4100101.0,2021,12,9,6,3,5,2,0,0,1,0,0,793352.206,5829681.351,13.32623697,52.53803842,0
7385,218850,car + pedestrian,11,10,10100206.0,2021,12,18,3,2,6,2,2,0,1,1,1,810061.8167,5832639.384,13.57459431,52.55529761,1
7386,218851,car + pedestrian,11,7,7100101.0,2021,12,16,6,3,6,2,2,0,1,1,1,794965.1562,5824893.538,13.34570532,52.49424853,0
7387,218853,bike + car,11,2,2200208.0,2021,12,16,4,3,5,2,2,1,1,0,0,797562.2385,5825159.031,13.38408398,52.49521875,0
7388,218854,car + pedestrian,11,12,12500926.0,2021,12,19,1,3,6,4,2,0,1,1,1,793647.7603,5836114.612,13.33627696,52.59554936,0
7389,218857,car,11,10,10200629.0,2021,12,12,5,3,5,2,0,0,1,0,0,810873.5106,5829168.584,13.58328113,52.52373193,0
7390,218859,bike,11,1,1100309.0,2021,12,15,7,3,0,1,1,1,0,0,1,798584.0733,5828392.607,13.4019915,52.52364536,0
7391,218861,bike + car,11,1,1400937.0,2021,12,15,2,3,5,3,0,1,1,0,1,793758.6863,5831848.529,13.33412993,52.55724691,0
7392,218864,bike + car,11,3,3400830.0,2021,12,8,4,3,0,5,0,1,1,0,0,799405.7692,5833481.155,13.4186537,52.56880549,0
7393,218866,car,11,4,4200308.0,2021,11,10,2,3,5,2,0,0,1,0,0,790224.07,5827314.011,13.27817856,52.51849006,0
7394,218868,car,11,1,1300730.0,2021,12,17,6,2,5,5,2,0,1,0,0,796661.0369,5832031.817,13.37698001,52.5573166,1