,ObjectID,vehicle_types,State,District,LOR_ab_2021,AccidentYear,AccidentMonth,AccidentHour,DayOfWeek,AccidentCategory,AccidentType,AccidentTypeDetail,LightingCondition,InvolvingBike,InvolvingCar,InvolvingPedestrian,RoadCondition,GraphicCoord1,GraphicCoord2,LongitudeWGS84,LatitudeWGS84,accident_outcome
7395,218872,car + pedestrian,11,10,10200630.0,2021,12,16,4,3,6,4,1,0,1,1,1,811567.3088,5828619.787,13.59296027,52.51841804,0
7396,218873,bike + car,11,1,1100205.0,2021,12,11,2,3,5,2,0,1,1,0,0,797252.6154,5827357.366,13.38149942,52.51509311,0
7397,218876,car + pedestrian,11,1,1200623.0,2021,12,16,6,3,6,2,1,0,1,1,1,795047.5896,5829155.013,13.35069439,52.53240497,0
7398,218878,car,11,4,4200205.0,2021,12,9,5,3,2,2,0,0,1,0,1,788127.2835,5826668.853,13.24680383,52.51381783,0
7399,218882,bike + car,11,1,1100308.0,2021,12,8,5,3,1,5,0,1,1,0,0,797078.2545,5829288.032,13.38066213,52.53249437,0
7400,218883,car,11,4,4100101.0,2021,12,13,7,3,5,2,0,0,1,0,1,791284.958,5830676.183,13.29671589,52.54806585,0
7401,218884,car,11,6,6400843.0,2021,12,20,3,3,1,7,2,0,1,0,1,792263.9573,5820600.291,13.30226885,52.45721334,0
7402,218885,car + pedestrian,11,7,7601237.0,2021,12,16,1,3,6,2,2,0,1,1,1,797277.4121,5816952.273,13.37259307,52.42180841,0
7403,218892,bike + car,11,9,9200510.0,2021,12,10,2,3,5,2,0,1,1,0,0,805783.5816,5822862.953,13.50270483,52.47009671,0
7404,218894,car + pedestrian,11,7,7601339.0,2021,12,19,1,3,6,2,2,0,1,1,0,795812.3711,5816037.487,13.35030304,52.41440182,0
7405,218895,car,11,6,6300632.0,2021,12,19,1,3,1,5,2,0,1,0,1,792489.3401,5817034.041,13.3024551,52.42512168,0
7406,218896,car + pedestrian,11,5,5200629.0,2021,12,18,6,3,6,4,2,0,1,1,1,784706.6276,5828611.715,13.19819687,52.53303395,0
7407,218900,car,11,1,1300733.0,2021,12,17,6,3,5,3,2,0,1,0,1,797688.0544,5831312.711,13.39143965,52.55031033,0
7408,218902,bike + car,11,3,3501038.0,2021,12,15,1,3,1,5,1,1,1,0,0,803428.7461,5831533.259,13.47604856,52.54911976,0
7409,218905,bike + car,11,4,4400835.0,2021,11,14,2,3,1,5,0,1,1,0,1,793209.5332,5822517.693,13.31783007,52.47389584,0
7410,218907,bike + car,11,8,8100314.0,2021,12,14,5,3,5,3,0,1,1,0,0,800827.7813,5824174.12,13.43115172,52.48460068,0
7411,218909,car + pedestrian,11,1,1400937.0,2021,12,16,7,3,6,2,1,0,1,1,1,793672.1624,5832252.013,13.33321436,52.56091056,0
7412,218910,car,11,5,5300735.0,2021,12,8,4,2,5,2,0,0,1,0,0,786434.0159,5831177.738,13.22580616,52.55513503,1
7413,218911,car,11,3,3601453.0,2021,12,10,3,3,5,3,0,0,1,0,0,802802.8117,5828641.649,13.4642109,52.52355107,0
7414,218912,car,11,6,6200311.0,2021,12,17,7,3,2,6,1,0,1,0,1,795853.3334,5818153.011,13.35277452,52.43334401,0
7415,218913,bike,11,9,9200819.0,2021,12,20,2,3,0,1,2,1,0,0,1,810694.5389,5819568.485,13.57170627,52.4378023,0
7416,218916,bike + car,11,5,5100316.0,2021,12,22,6,3,5,3,2,1,1,0,1,785156.2051,5829360.15,13.20544905,52.53950932,0
7417,218918,car,11,7,7400927.0,2021,12,17,5,3,2,6,2,0,1,0,0,798268.4508,5821911.124,13.39155018,52.46571973,0
7418,218921,bike + car,11,4,4501043.0,2021,12,9,3,3,1,5,0,1,1,0,0,792415.0285,5824976.608,13.30832325,52.49636544,0
7419,218922,car + pedestrian,11,11,11100205.0,2021,12,6,4,2,6,4,2,0,1,1,1,805626.1191,5833897.673,13.51053177,52.56908191,1
7420,218923,car,11,8,8200624.0,2021,12,0,7,3,5,3,2,0,1,0,2,801181.5949,5820607.132,13.43312661,52.45243365,0
7421,218924,car,11,11,11300618.0,2021,12,17,2,3,2,6,2,0,1,0,1,802382.3352,5829065.847,13.45841796,52.52758647,0
7422,218925,car,11,4,4501042.0,2021,12,21,5,3,2,6,2,0,1,0,1,794310.8511,5825933.598,13.3370146,52.50392529,0
7423,218929,car,11,5,5300736.0,2021,12,7,7,2,1,1,1,0,1,0,1,785439.4011,5829268.771,13.20953484,52.53854176,1
7424,218930,bike + car,11,4,4200308.0,2021,12,14,4,3,1,5,0,1,1,0,0,790118.7466,5826875.342,13.27624817,52.51461338,0
7425,218931,car,11,6,6200317.0,2021,12,12,5,3,5,3,0,0,1,0,1,796798.0788,5818388.594,13.36683956,52.43494404,0
7426,218932,car,11,1,1100309.0,2021,12,14,3,3,5,3,0,0,1,0,0,798689.6931,5828665.334,13.4037886,52.52603213,0
7427,218935,car,11,11,11200410.0,2021,12,12,6,3,5,7,0,0,1,0,1,804620.4936,5832783.459,13.49471718,52.55965952,0
7428,218937,car,11,5,5100316.0,2021,12,7,5,3,5,2,2,0,1,0,1,783603.7197,5829148.599,13.18243909,52.53842276,0
7429,218938,bike + car,11,1,1100309.0,2021,12,19,4,3,5,7,2,1,1,0,1,798626.0544,5828992.229,13.40314693,52.52899714,0
7430,218940,bike + car,11,6,6400735.0,2021,12,14,2,3,5,3,0,1,1,0,0,781877.3502,5813340.001,13.14369614,52.39756849,0
7431,218941,car,11,4,4501041.0,2021,12,16,4,3,5,3,1,0,1,0,1,792964.4366,5825559.893,13.31690614,52.50129975,0
7432,218942,car,11,10,10200629.0,2021,12,0,3,3,5,2,2,0,1,0,0,811312.0858,5828506.006,13.58910456,52.51754415,0
7433,218943,car,11,4,4200308.0,2021,12,15,2,3,5,2,2,0,1,0,0,790352.5248,5827302.046,13.28005592,52.51831441,0
7434,218946,bike,11,3,3601141.0,2021,12,12,5,3,3,6,0,1,0,0,1,798693.5279,5831792.724,13.40665644,52.55406253,0
7435,218948,car,11,2,2100102.0,2021,12,23,3,3,5,3,2,0,1,0,1,798311.0396,5825627.062,13.39550025,52.49900531,0
7436,218950,bike + pedestrian,11,8,8200726.0,2021,12,17,7,3,6,4,1,1,0,1,1,801534.5944,5820175.914,13.43791625,52.44837392,0
7437,218951,car,11,12,12100205.0,2021,12,10,4,3,5,2,0,0,1,0,1,794847.1703,5833755.675,13.35183421,52.57375464,0
7438,218952,bike + car,11,9,9401432.0,2021,12,9,6,3,3,6,0,1,1,0,1,812305.4813,5820336.484,13.59604549,52.44376719,0
7439,218953,car,11,4,4400833.0,2021,12,11,6,3,2,2,0,0,1,0,1,792414.5302,5822815.987,13.30642029,52.47699618,0
7440,218958,car,11,9,9200614.0,2021,12,3,1,3,0,7,2,0,1,0,2,808430.3014,5820670.789,13.53952056,52.44896273,0
7441,218959,car + pedestrian,11,2,2200208.0,2021,12,14,3,3,6,2,0,0,1,1,0,797844.6922,5824926.04,13.38802391,52.4929762,0
7442,218963,car,11,7,7601442.0,2021,12,18,1,3,5,2,2,0,1,0,1,799258.9138,5816264.296,13.40103031,52.41456157,0
7443,218964,car,11,3,3200308.0,2021,12,11,6,3,5,2,0,0,1,0,0,800178.1515,5836542.698,13.43278839,52.59582126,0
7444,218967,bike + car,11,11,11200411.0,2021,12,12,4,3,5,2,0,1,1,0,1,805160.1561,5831623.82,13.50158734,52.54896429,0
7445,218968,car,11,4,4501042.0,2021,12,16,7,3,3,6,1,0,1,0,1,794005.8641,5825595.156,13.3322354,52.50105575,0
7446,218969,car,11,6,6200315.0,2021,12,17,3,3,2,6,2,0,1,0,0,795255.5449,5817505.433,13.34343517,52.42786182,0
7447,218974,car + pedestrian,11,11,11100309.0,2021,12,19,5,3,6,4,2,0,1,1,0,805281.2251,5833241.68,13.50485518,52.56339623,0
7448,218976,bike + car,11,1,1100207.0,2021,12,15,3,3,5,2,0,1,1,0,0,798894.4334,5827353.316,13.40561863,52.51415956,0
7449,218977,car,11,11,11501341.0,2021,12,18,4,3,2,6,2,0,1,0,1,807211.663,5823866.1,13.5245864,52.47828593,0
7450,218978,car,11,7,7501031.0,2021,12,14,7,3,2,2,0,0,1,0,0,798474.5411,5819896.472,13.39277389,52.44754823,0
7451,218979,car,11,8,8200726.0,2021,12,15,2,3,2,7,1,0,1,0,0,801680.4412,5820126.915,13.44001154,52.44785426,0
7452,218980,car,11,2,2100106.0,2021,12,0,5,3,5,2,2,0,1,0,0,799068.2164,5825601.488,13.4065982,52.49836166,0
7453,218982,car,11,6,6200419.0,2021,12,18,4,2,5,3,2,0,1,0,0,793423.4599,5816125.784,13.31535703,52.4164792,1
7454,218983,car + pedestrian,11,1,1300730.0,2021,12,17,3,3,6,2,2,0,1,1,1,796161.8571,5832284.683,13.36986399,52.55985498,0
7455,218985,car,11,2,2200208.0,2021,12,12,2,3,2,6,0,0,1,0,1,797582.5846,5825307.207,13.38451516,52.49653589,0
7456,218986,bike,11,2,2400521.0,2021,12,8,2,3,0,1,0,1,0,0,2,801277.4045,5827949.287,13.44116839,52.51819032,0
7457,218987,car,11,8,8100415.0,2021,11,12,3,3,5,7,0,0,1,0,1,802019.8613,5823455.21,13.4480023,52.47749893,0
7458,218988,car,11,10,10400940.0,2021,12,0,7,3,3,6,2,0,1,0,1,812731.058,5825555.102,13.60717712,52.49028905,0
7459,218990,bike + car,11,4,4501045.0,2021,12,20,5,3,2,6,2,1,1,0,1,794190.3267,5825422.896,13.33479288,52.49941212,0
7460,218991,bike + car,11,4,4400835.0,2021,12,11,3,3,5,2,0,1,1,0,0,793378.1772,5822277.386,13.32009451,52.47165101,0
7461,218993,car + pedestrian,11,7,7601339.0,2021,11,16,2,2,6,4,2,0,1,1,1,795654.8222,5816076.433,13.34802773,52.41483607,1
7462,218997,bike + car,11,9,9501737.0,2021,12,15,2,3,5,3,0,1,1,0,0,814187.4122,5821209.314,13.6244641,52.45051063,0
7463,218998,car,11,8,8100208.0,2021,11,8,3,3,5,3,0,0,1,0,1,801024.4337,5822488.339,13.43251731,52.46938213,0
7464,219001,car + pedestrian,11,6,6100209.0,2021,12,18,2,3,6,4,2,0,1,1,1,794766.3632,5821091.963,13.33942537,52.46027704,0
7465,219002,car,11,1,1300835.0,2021,12,20,4,3,2,6,2,0,1,0,1,797520.964,5829439.884,13.38730539,52.53361407,0
7466,219005,car,11,4,4300619.0,2021,11,9,2,3,2,2,0,0,1,0,1,792159.15,5827317.975,13.30661969,52.51749233,0
7467,219008,car + pedestrian,11,11,11200514.0,2021,12,18,5,3,6,2,2,0,1,1,0,803356.8817,5830040.791,13.47362914,52.53578324,0
7468,219010,car + pedestrian,11,12,12200412.0,2021,12,23,4,3,6,2,2,0,1,1,0,791269.3782,5834146.672,13.29953349,52.57918639,0
7469,219011,bike + pedestrian,11,1,1100102.0,2021,12,12,7,3,6,6,0,1,0,1,1,795644.5559,5827469.099,13.35797064,52.51696876,0
7470,219013,car,11,1,1200628.0,2021,12,8,2,3,2,6,0,0,1,0,1,795849.1849,5828275.623,13.36169483,52.52408755,0
7471,219016,bike + car,11,6,6300526.0,2021,12,15,6,3,5,2,1,1,1,0,1,789392.593,5817909.279,13.25779733,52.43461527,0
7472,219018,car + pedestrian,11,8,8100417.0,2021,12,17,3,3,6,7,1,0,1,1,1,801946.3201,5822735.172,13.44627095,52.47108579,0
7473,219020,bike,11,3,3601243.0,2021,12,19,2,3,0,1,2,1,0,0,0,799655.2006,5831221.998,13.42028321,52.54841869,0
7474,219021,bike + car,11,7,7400823.0,2021,12,18,4,3,1,5,2,1,1,0,1,797113.0302,5820703.762,13.37351766,52.45552642,0
7475,219023,bike + car,11,4,4501041.0,2021,12,14,2,3,0,7,0,1,1,0,0,793216.2401,5825638.958,13.3206747,52.5018733,0
7476,219024,car,11,3,3400725.0,2021,12,12,5,2,2,1,0,0,1,0,1,800056.0678,5835750.837,13.4302741,52.58879105,1
7477,219026,bike + car,11,2,2300314.0,2021,12,21,5,3,5,3,2,1,1,0,1,800282.0765,5826084.578,13.42486148,52.50202525,0
7478,219029,bike + car,11,4,4501149.0,2021,12,16,2,3,5,2,2,1,1,0,1,793455.4501,5824450.774,13.32314189,52.49109312,0
7479,219030,car,11,6,6200311.0,2021,12,17,4,3,2,6,2,0,1,0,0,795776.6193,5818989.255,13.35238934,52.44088187,0
7480,219032,car,11,2,2300316.0,2021,11,14,2,3,2,6,0,0,1,0,0,801268.7995,5826184.266,13.43944436,52.50237489,0
7481,219033,bike + car,11,10,10100208.0,2021,12,13,6,3,5,3,0,1,1,0,0,808965.763,5832424.12,13.55827873,52.55399136,0
7482,219035,car,11,4,4400833.0,2021,12,16,6,3,5,3,2,0,1,0,1,792555.5113,5821846.981,13.30764028,52.46823373,0
7483,219036,car + pedestrian,11,6,6300527.0,2021,12,19,4,3,6,2,2,0,1,1,1,790769.5335,5817690.62,13.27780476,52.43192471,0
7484,219039,car,11,1,1300836.0,2021,12,17,7,3,5,2,1,0,1,0,0,796855.748,5830645.124,13.37860392,52.5447804,0
7485,219041,bike + car,11,3,3601348.0,2021,12,19,5,3,1,5,2,1,1,0,1,799908.7064,5830651.021,13.42349506,52.54316133,0
7486,219044,car + pedestrian,11,8,8401242.0,2021,12,10,3,3,6,2,0,0,1,1,0,805263.6699,5817256.579,13.48995252,52.42013961,0
7487,219045,car + pedestrian,11,10,10200629.0,2021,12,15,5,3,6,4,0,0,1,1,0,810919.7444,5829224.856,13.584013,52.52420984,0
7488,219046,car + pedestrian,11,4,4501153.0,2021,12,20,4,2,6,2,2,0,1,1,1,794011.3712,5823918.104,13.3308363,52.48601886,1
7489,219047,bike + car,11,1,1100206.0,2021,12,14,1,3,2,7,0,1,1,0,0,798086.7468,5827100.627,13.3935253,52.51233654,0
7490,219050,car + pedestrian,11,4,4501045.0,2021,12,16,5,3,6,4,2,0,1,1,2,794160.8973,5825329.466,13.33427807,52.49859044,0
7491,219052,bike + car,11,2,2500727.0,2021,12,13,5,3,5,3,0,1,1,0,0,802452.6841,5828277.343,13.4587347,52.52048014,0
7492,219054,car + pedestrian,11,8,8100310.0,2021,12,10,6,3,6,4,0,0,1,1,0,800075.0374,5825349.19,13.42115794,52.49554755,0
7493,219055,car + pedestrian,11,12,12601235.0,2021,12,21,5,3,6,2,2,0,1,1,0,795281.0015,5836353.431,13.36053212,52.5968058,0
7494,219057,car,11,3,3200204.0,2021,12,18,4,3,5,2,2,0,1,0,0,798053.6325,5837197.317,13.40210555,52.60285746,0
7495,219058,car,11,1,1100416.0,2021,12,23,4,2,3,6,2,0,1,0,1,798097.0332,5829959.564,13.39623921,52.53795755,1
7496,219059,car,11,9,9100306.0,2021,12,18,3,3,2,6,2,0,1,0,1,804043.1716,5821223.719,13.47566899,52.45637597,0
7497,219062,car + pedestrian,11,1,1300732.0,2021,12,19,7,3,6,2,2,0,1,1,0,797290.3627,5832218.682,13.386403,52.55864843,0
7498,219064,bike + car,11,11,11400927.0,2021,12,16,5,3,5,3,1,1,1,0,0,803625.753,5826564.89,13.47440847,52.50448,0
7499,219067,car + pedestrian,11,1,1401046.0,2021,11,7,3,3,6,2,0,0,1,1,1,794607.0999,5829879.568,13.34486166,52.53913834,0
7500,219068,bike + car,11,9,9100304.0,2021,12,21,1,3,5,2,2,1,1,0,0,804400.9701,5821740.454,13.48138962,52.46080819,0
7501,219069,car + pedestrian,11,3,3601245.0,2021,12,8,2,3,6,2,0,0,1,1,0,800576.1523,5831436.245,13.43401815,52.54983167,0
7502,219070,car,11,11,11400931.0,2021,12,14,5,3,5,3,0,0,1,0,1,806433.1243,5826876.342,13.51592723,52.50570196,0
7503,219075,car,11,4,4501146.0,2021,12,16,7,3,5,2,1,0,1,0,0,793306.2356,5823613.105,13.32021327,52.48366392,0
7504,219077,car,11,9,9502043.0,2021,12,23,1,3,1,5,2,0,1,0,1,810709.1884,5822817.187,13.57494331,52.46690759,0
7505,219078,bike + car,11,1,1100103.0,2021,12,17,3,3,1,5,2,1,1,0,0,795990.139,5825611.208,13.36139663,52.50012696,0
7506,219080,car,11,3,3601450.0,2021,11,17,2,2,2,1,1,0,1,0,1,802178.4763,5829421.891,13.45574569,52.5308907,1
7507,219082,car + pedestrian,11,1,1400939.0,2021,12,16,6,2,6,4,1,0,1,1,0,795258.419,5831724.937,13.35607778,52.55532798,1
7508,219084,car,11,4,4501148.0,2021,12,15,7,3,5,2,1,0,1,0,1,792822.2127,5823226.204,13.31276605,52.48045524,0
7509,219086,bike + car,11,1,1100103.0,2021,12,14,7,3,2,6,0,1,1,0,1,795733.0818,5825710.36,13.35770887,52.50115514,0
7510,219088,bike + car,11,7,7200413.0,2021,12,13,3,3,2,6,0,1,1,0,2,796279.654,5823192.468,13.36349874,52.47828799,0
7511,219091,car,11,2,2400521.0,2021,12,22,7,3,2,2,2,0,1,0,1,801249.38,5827831.795,13.44065024,52.5171527,0
7512,219093,bike + car,11,2,2200212.0,2021,12,7,5,3,5,2,1,1,1,0,1,799211.9186,5824554.308,13.4077683,52.48889641,0
7513,219094,bike + car,11,2,2200208.0,2021,12,14,5,3,1,5,0,1,1,0,0,797571.506,5825226.525,13.38428038,52.4958187,0
7514,219096,car,11,6,6200316.0,2021,12,16,2,3,2,6,1,0,1,0,1,796035.8051,5817626.245,13.35498438,52.42852319,0
7515,219097,bike + car,11,2,2500831.0,2021,12,19,4,3,5,3,2,1,1,0,1,802909.8266,5827126.95,13.46440441,52.50991559,0
7516,219099,car + pedestrian,11,2,2300314.0,2021,12,5,2,2,6,4,2,0,1,1,1,800113.2699,5825902.784,13.42221822,52.50048862,1
7517,219104,car,11,5,5100316.0,2021,12,11,7,3,2,6,0,0,1,0,1,784529.3615,5829038.789,13.19595622,52.53695567,0
7518,219105,bike + car,11,1,1100101.0,2021,12,12,4,3,5,2,0,1,1,0,1,794595.0818,5826092.144,13.3413303,52.50519316,0
7519,219107,car + pedestrian,11,4,4200310.0,2021,12,14,2,3,6,7,0,0,1,1,0,789739.3243,5826425.442,13.27028079,52.51078164,0
7520,219108,car,11,4,4100102.0,2021,12,18,4,2,5,2,2,0,1,0,0,791428.0143,5829180.568,13.29750767,52.53458142,1
7521,219109,car + pedestrian,11,9,9501939.0,2021,12,13,7,3,6,4,0,0,1,1,0,810720.1155,5821696.833,13.57406078,52.45686124,0
7522,219110,bike + car,11,3,3601245.0,2021,12,16,6,3,5,2,1,1,1,0,0,800753.0166,5831294.661,13.43649048,52.54846501,0
7523,219114,car,11,1,1400938.0,2021,12,20,5,3,8,1,2,0,1,0,2,793706.122,5830574.885,13.33223014,52.54585781,0
7524,219115,car,11,3,3200308.0,2021,12,12,1,2,0,7,0,0,1,0,1,798932.485,5837489.748,13.41530801,52.60499612,1
7525,219121,bike + pedestrian,11,11,11400928.0,2021,12,16,2,3,6,7,2,1,0,1,0,804255.7715,5826157.396,13.48328963,52.50047683,0
7526,219124,car,11,2,2200210.0,2021,12,1,7,3,5,3,2,0,1,0,1,798947.1888,5825237.234,13.40449375,52.49516294,0
7527,219125,car + pedestrian,11,11,11300620.0,2021,12,18,6,3,6,2,2,0,1,1,1,803705.0007,5829526.437,13.47827589,52.53097938,0
7528,219128,bike + car,11,1,1100308.0,2021,12,14,6,3,2,6,0,1,1,0,0,797562.0466,5828652.282,13.38720431,52.52653176,0
7529,219129,car + pedestrian,11,11,11300722.0,2021,12,16,2,3,6,4,2,0,1,1,1,804293.6493,5828442.061,13.48593464,52.5209323,0
7530,219133,car,11,11,11400930.0,2021,12,18,1,3,5,2,2,0,1,0,1,806140.8415,5826705.681,13.51147743,52.50433651,0
7531,219134,car,11,1,1100207.0,2021,11,19,2,3,2,6,1,0,1,0,1,798348.2208,5827454.837,13.39768443,52.51536861,0
7532,219136,car + pedestrian,11,12,12200412.0,2021,12,11,7,3,6,2,0,0,1,1,0,790957.8978,5833786.623,13.29463366,52.57612526,0
7533,219137,car + pedestrian,11,6,6300528.0,2021,12,14,5,3,6,4,0,0,1,1,0,790149.6988,5815444.686,13.26676539,52.41211822,0
7534,219140,car + pedestrian,11,2,2100101.0,2021,12,9,4,3,6,2,0,0,1,1,0,797386.183,5826168.983,13.38240017,52.5043678,0
7535,219141,car,11,8,8100521.0,2021,12,6,2,3,5,2,2,0,1,0,1,803663.712,5822281.351,13.47106376,52.46606634,0
7536,219143,car,11,1,1100310.0,2021,12,19,3,3,5,2,2,0,1,0,0,799244.9213,5828468.799,13.41177151,52.52396602,0
7537,219146,car,11,10,10100103.0,2021,12,8,6,3,5,3,0,0,1,0,2,809126.4824,5833832.585,13.56195362,52.56652227,0
7538,219151,bike + car,11,9,9200716.0,2021,12,18,2,3,2,6,2,1,1,0,0,808926.2858,5819367.187,13.54559048,52.43699986,0
7539,219152,car + pedestrian,11,8,8100415.0,2021,12,7,4,2,6,2,2,0,1,1,1,802031.5917,5823469.903,13.44818781,52.47762415,1
7540,219154,car,11,6,6300525.0,2021,12,11,2,2,2,6,0,0,1,0,1,788895.0757,5816149.104,13.2489789,52.41909731,1
7541,219157,car,11,6,6300527.0,2021,12,23,5,3,1,6,2,0,1,0,1,790141.1196,5817517.451,13.26843715,52.43070585,0
7542,219159,car,11,1,1100103.0,2021,12,15,3,3,2,1,0,0,1,0,1,795181.1899,5825903.644,13.34977341,52.50318662,0
7543,219161,car + pedestrian,11,2,2300417.0,2021,12,16,2,3,6,4,2,0,1,1,1,800598.0532,5825202.629,13.42870657,52.49394608,0
7544,219162,car + pedestrian,11,10,10100208.0,2021,12,5,2,3,6,2,2,0,1,1,1,808512.8496,5832430.605,13.5516257,52.5543062,0
7545,219163,bike + car,11,6,6200422.0,2021,11,15,3,3,5,3,0,1,1,0,1,794732.0667,5816291.921,13.33468927,52.41726546,0
7546,219167,bike + car,11,11,11501340.0,2021,12,12,5,3,1,5,0,1,1,0,0,807478.4507,5825672.24,13.5301684,52.49432263,0
7547,219168,car,11,2,2100106.0,2021,12,11,1,3,2,6,0,0,1,0,0,799824.7533,5825702.858,13.41780063,52.49885518,0
7548,219169,bike + car,11,11,11200512.0,2021,12,16,2,3,5,3,1,1,1,0,1,804119.9972,5831901.379,13.4865488,52.5520336,0
7549,219170,car + pedestrian,11,8,8100208.0,2021,12,11,3,3,6,2,0,0,1,1,2,801643.043,5822555.927,13.4416576,52.46964673,0
7550,219174,car,11,1,1300836.0,2021,12,16,1,3,2,6,2,0,1,0,1,796843.9981,5830310.166,13.37813184,52.54178429,0
7551,219175,bike + pedestrian,11,3,3501038.0,2021,12,14,5,2,6,4,0,1,0,1,0,803615.0186,5832300.029,13.47948842,52.55588825,1
7552,219177,car,11,6,6100102.0,2021,12,14,6,3,2,6,0,0,1,0,0,793625.5291,5820608.089,13.32225692,52.45655345,0
7553,219178,car + pedestrian,11,9,9300920.0,2021,12,17,3,3,6,4,2,0,1,1,0,808563.9402,5817462.519,13.53851982,52.42013462,0
7554,219179,car,11,9,9501940.0,2021,12,8,4,3,1,1,1,0,1,0,1,811736.4895,5821611.547,13.58889101,52.45551823,0
7555,219180,bike,11,5,5100316.0,2021,12,16,3,3,0,1,2,1,0,0,0,784841.5142,5829023.437,13.20053294,52.53665496,0
7556,219183,car,11,8,8100102.0,2021,12,17,7,3,2,1,2,0,1,0,2,800498.2262,5823504.97,13.42571004,52.4787843,0
7557,219186,car,11,6,6200311.0,2021,12,7,4,3,2,6,2,0,1,0,1,795778.4558,5818171.79,13.35169293,52.43355284,0
7558,219188,bike + car,11,7,7300516.0,2021,12,18,3,3,5,2,2,1,1,0,0,793996.52,5821562.277,13.32854151,52.46490792,0
7559,219189,bike + car,11,3,3601451.0,2021,12,17,5,2,5,3,2,1,1,0,0,801364.4615,5829700.555,13.44403463,52.53383903,1
7560,219190,bike + car,11,1,1100310.0,2021,12,12,6,3,1,5,0,1,1,0,0,799021.6282,5828725.878,13.40872126,52.52639286,0
7561,219192,car,11,12,12500930.0,2021,12,21,2,3,5,3,2,0,1,0,1,793947.0866,5835309.195,13.33996856,52.58816769,0
7562,219193,bike + car,11,5,5100209.0,2021,12,18,4,3,5,2,2,1,1,0,0,783320.2118,5830271.905,13.17922829,52.54864203,0
7563,219194,car,11,6,6300524.0,2021,12,9,3,2,1,5,0,0,1,0,0,788276.492,5817552.956,13.24111798,52.43200998,1
7564,219195,car + pedestrian,11,4,4501153.0,2021,12,17,2,3,6,4,2,0,1,1,0,794184.6225,5823924.224,13.3333858,52.48598039,0
7565,219198,car,11,1,1200522.0,2021,12,8,6,3,2,6,0,0,1,0,2,793730.713,5828121.725,13.33042363,52.52385335,0
7566,219200,car,11,5,5200629.0,2021,12,11,6,3,5,2,0,0,1,0,0,784452.915,5828671.699,13.19451794,52.53370424,0
7567,219204,car,11,12,12200308.0,2021,12,14,5,3,5,3,0,0,1,0,0,792810.085,5833870.557,13.32196238,52.57588428,0
7568,219206,car + pedestrian,11,10,10400835.0,2021,12,16,2,2,6,4,2,0,1,1,1,811853.9804,5829751.936,13.59823297,52.52839961,1
7569,219209,car,11,11,11400929.0,2021,12,13,5,3,5,3,0,0,1,0,1,805144.5837,5827041.31,13.4971528,52.50790264,0
7570,219211,car,11,8,8100105.0,2021,12,19,4,3,2,6,2,0,1,0,0,800969.046,5822243.603,13.43148363,52.46721899,0
7571,219213,car + pedestrian,11,3,3500934.0,2021,12,18,2,3,6,4,2,0,1,1,1,800861.7599,5831744.251,13.4384967,52.5524347,0
7572,219214,bike + car,11,1,1100102.0,2021,12,9,2,3,0,5,0,1,1,0,1,796973.1702,5826579.744,13.37669957,52.50827479,0
7573,219215,car + pedestrian,11,9,9200715.0,2021,12,11,2,2,6,2,0,0,1,1,0,809320.9583,5818504.317,13.55057965,52.42904384,1
7574,219220,car,11,9,9100306.0,2021,12,21,4,2,8,1,2,0,1,0,0,803124.462,5820953.915,13.4619448,52.454468,1
7575,219221,bike + car,11,4,4500939.0,2021,12,18,4,3,5,2,1,1,1,0,0,792439.7595,5824095.448,13.30791309,52.48845278,0
7576,219225,car + pedestrian,11,6,6400841.0,2021,12,7,5,3,6,2,2,0,1,1,0,789616.5637,5818717.717,13.26178321,52.4417447,0
7577,219228,car,11,1,1100205.0,2021,12,19,4,3,5,7,2,0,1,0,0,796971.936,5826718.537,13.37680527,52.50951959,0
7578,219229,car + pedestrian,11,7,7100101.0,2021,12,19,4,3,6,2,2,0,1,1,0,794592.1948,5825505.265,13.34076867,52.49993372,0
7579,219235,car,11,11,11100204.0,2021,12,19,3,3,2,2,2,0,1,0,1,805955.9268,5833701.602,13.51520192,52.56713943,0
7580,219237,car + pedestrian,11,2,2200208.0,2021,12,7,2,3,6,4,2,0,1,1,0,797529.4622,5824997.119,13.38345801,52.49378526,0
7581,219238,car,11,1,1300733.0,2021,11,22,3,3,2,6,2,0,1,0,1,797163.3962,5831385.088,13.38378941,52.55124558,0
7582,219239,car,11,7,7200409.0,2021,12,20,7,2,5,7,2,0,1,0,2,795262.58,5824374.901,13.34961395,52.48943851,1
7583,219240,car,11,10,10200524.0,2021,12,5,1,3,1,5,2,0,1,0,2,812275.3654,5830609.751,13.60523023,52.53584537,0
7584,219241,car,11,1,1100308.0,2021,12,22,5,3,1,5,2,0,1,0,1,796605.7279,5829088.391,13.37353829,52.53096213,0
7585,219247,car,11,4,4100101.0,2021,12,17,4,3,5,2,2,0,1,0,0,793352.6128,5829680.195,13.32624193,52.53802784,0
7586,219248,car + pedestrian,11,7,7501134.0,2021,12,19,7,3,6,2,2,0,1,1,1,798479.5317,5819049.219,13.39209027,52.43995086,0